"jurisdiction","jurisdiction_code","indicator_id","indicator_text","points_possible","answer","points_awarded","source_url","source_title","source_type","source_date","accessed_date","evidence_quote","protocol_step","note"
"Alabama","AL","I1","Does a state law or administrative rule authorize employee recognition awards?","20","YES","20","https://law.onecle.com/alabama/title-36/36-1-7.1.html","Code of Alabama 36-1-7.1 - Alabama Employees' Suggestion Incentive Program","OFFICIAL","2000","2026-07-31","""There is established the Alabama Employees' Suggestion Incentive Program""","1","Enacted by Act 2000-767. Authorizes $1000 standard / $5000 exceptional cash awards. Elected officials and department heads expressly ineligible - correct population. Official state sources failed: admincode.legislature.state.al.us rendered empty, personnel.alabama.gov ESIP PDF returned undecodable binary; text read from onecle statutory mirror instead."
"Alaska","AK","I1","Does a state law or administrative rule authorize employee recognition awards?","20","COULDNT_CHECK","0","NONE","NONE","NONE","UNDATED","2026-07-31","MISSING","1","Could not open any primary source within the time cap. AS 39.51 (Incentive Award Program) appeared in search results as repealed at 39.51.110-.200 by ch 60 SLA 1989, but this could not be confirmed by opening a document: law.justia.com returned HTTP 403, akleg.gov returned HTTP 403, codes.findlaw.com returned 404, and doa.alaska.gov/dop/denaliawards/ returned ECONNRESET on three attempts. Not scored as NO because the protocol could not be completed, not because the authority was shown to be absent."
"Arizona","AZ","I1","Does a state law or administrative rule authorize employee recognition awards?","20","YES","20","https://www.azleg.gov/ars/38/00613.htm","Arizona Revised Statutes 38-613 - State employee suggestion program awards; fund","OFFICIAL","UNDATED","2026-07-31","""may adopt rules to provide an award to any state employee""","1","Official Arizona Legislature site. Director of Dept. of Administration authorized to award for adopted cost-saving ideas and special acts in the public interest. Award capped at 10 percent of documented savings. No last-updated date shown on page."
"Arkansas","AR","I1","Does a state law or administrative rule authorize employee recognition awards?","20","YES","20","https://codes.findlaw.com/ar/title-21-public-officers-and-employees/ar-code-sect-21-11-103/","Arkansas Code 21-11-103 - Employee Suggestion System established","OFFICIAL","1981","2026-07-31","""established a program to be known as the 'Employee Suggestion System'""","1","Statute expressly created ""to grant awards for ideas of proper merit."" Originally Acts 1981 No. 856. law.justia.com returned HTTP 403; text read from FindLaw statutory mirror."
"California","CA","I1","Does a state law or administrative rule authorize employee recognition awards?","20","YES","20","https://california.public.law/codes/government_code_section_19823","California Government Code 19823 - Employee Awards","OFFICIAL","UNDATED","2026-07-31","""The department may make awards to current or retired state employees""","1","Three qualifying categories: adopted cost-saving proposals, special acts in the public interest, superior accomplishments. Capped at $5,000 absent a legislative concurrent resolution. Text read from public.law statutory mirror; CalHR .gov page not opened for I1 as it is a policy page rather than the authority itself."
"Colorado","CO","I1","Does a state law or administrative rule authorize employee recognition awards?","20","YES","20","https://codes.findlaw.com/co/title-24-government-state/co-rev-st-sect-24-50-104.html","Colorado Revised Statutes 24-50-104 - Job evaluation and compensation","OFFICIAL","UNDATED","2026-07-31","""including the payment of incentive awards to employees in the state personnel system""","1","Directs the state personnel director to adopt procedures for incentive awards; criteria and amounts left to director. Cross-references performance-based awards under 24-38-103(1.5). law.justia.com returned HTTP 403; text read from FindLaw statutory mirror."
"Connecticut","CT","I1","Does a state law or administrative rule authorize employee recognition awards?","20","YES","20","https://codes.findlaw.com/ct/title-5-state-employees/ct-gen-st-sect-5-263b.html","Connecticut General Statutes 5-263b - Award Program for state employees reporting gross waste of funds","OFFICIAL","UNDATED","2026-07-31","""There is established a program to award state employees who make a suggestion""","1","Narrower than most states - award program is limited to suggestions concerning alleged gross waste of funds that are implemented and produce savings. Still a statutory authorization of employee awards, so YES. CGS 5-208a checked first and found unrelated (compensation by more than one agency). law.justia.com returned HTTP 403; text read from FindLaw statutory mirror."
"Delaware","DE","I1","Does a state law or administrative rule authorize employee recognition awards?","20","YES","20","https://delcode.delaware.gov/title29/c059/sc05/index.html","29 Del. C. 5950 - Employee recognition","OFFICIAL","UNDATED","2026-07-31","""shall be part of the function of state agencies to conduct employee recognition programs""","1","Official Delaware Code site. Strongest I1 language found in this batch - recognition is a mandatory agency function, not merely permitted, and programs require approval by the Secretary of the Dept. of Human Resources. Same section designates the first full week in May as Public Service Recognition Week."
"Florida","FL","I1","Does a state law or administrative rule authorize employee recognition awards?","20","YES","20","https://www.flsenate.gov/laws/statutes/2025/110.1245","Florida Statutes 110.1245 - Savings sharing program; bonus payments; other awards","OFFICIAL","2025","2026-07-31","""authorized to incur expenditures to award suitable framed certificates, pins, or other tokens of recognition""","1","Official Florida Senate site, 2025 edition of the statutes. Covers both monetary savings-sharing bonuses and non-monetary recognition tokens for satisfactory service, capped at $100 each."
"Georgia","GA","I1","Does a state law or administrative rule authorize employee recognition awards?","20","YES","20","https://codes.findlaw.com/ga/title-45-public-officers-and-employees/ga-code-sect-45-21-2.html","Georgia Code 45-21-2 - Establishment of employees' suggestion and awards program","OFFICIAL","UNDATED","2026-07-31","""special, extraordinary service, act, or achievement in the public interest""","1","Chapter 45-21 is titled Employees' Meritorious Award Programs and Incentive Compensation Plans. Authorizes awards for extraordinary service and for implemented employee suggestions; parallel authority granted to legislative and judicial appointing authorities. law.justia.com returned HTTP 403; text read from FindLaw statutory mirror."
"Hawaii","HI","I1","Does a state law or administrative rule authorize employee recognition awards?","20","YES","20","https://dhrd.hawaii.gov/state-employees/employee-benefits/incentive-and-service-awards-program/","Hawaii DHRD - Incentive and Service Awards Program (citing HRS 78-29)","OFFICIAL","UNDATED","2026-07-31","""established by Section 78-29 of the Hawai'i Revised Statutes""","4","Official DHRD page naming the statutory authority. Program recognizes contributions to efficiency/economy, exceptionally meritorious acts, and long service (10/20/30/40/50 years). capitol.hawaii.gov returned HTTP 403 and lawserver returned 307, so the statute text itself was not opened; scored from the state HR agency's own page citing it."
"Idaho","ID","I1","Does a state law or administrative rule authorize employee recognition awards?","20","YES","20","https://legislature.idaho.gov/statutesrules/idstat/title67/t67ch53/sect67-5309d/","Idaho Code 67-5309D - Employee suggestion awards","OFFICIAL","UNDATED","2026-07-31","""may grant a classified employee an award payment based on suggestions""","1","Official Idaho Legislature site. Award up to 25 percent of documented savings, capped at $2,000 absent Board of Examiners approval. Rulemaking authority cross-referenced at 67-5309."
"Illinois","IL","I1","Does a state law or administrative rule authorize employee recognition awards?","20","YES","20","https://www.ilga.gov/Legislation/ILCS/Articles?ActID=236&ChapterID=5&Print=True","Illinois Personnel Code, 20 ILCS 415, Section 8c(3)","OFFICIAL","UNDATED","2026-07-31","""programs to improve the work effectiveness and morale of employees ... a suggestion system""","1","Official Illinois General Assembly site. Authorization is generic - a suggestion system is listed among employee programs under Jurisdiction C; no dedicated awards statute located. Weaker authority than most states but statutory, so YES."
"Indiana","IN","I1","Does a state law or administrative rule authorize employee recognition awards?","20","COULDNT_CHECK","0","NONE","NONE","NONE","UNDATED","2026-07-31","MISSING","1","Search results repeatedly surfaced language that the director ""shall institute an employee awards system"" attributed to IC 4-15-1.8 / former IC 4-15-2-6, but no primary text could be opened to confirm it is current law: law.justia.com HTTP 403, iga.in.gov returned a page with no statutory text, lawserver.com HTTP 307, and in.gov SPD's laws page cites only IC 4-15-2.2 civil-service provisions with no awards section. Protocol forbids awarding a point from a search snippet, so recorded as COULDNT_CHECK rather than YES."
"Iowa","IA","I1","Does a state law or administrative rule authorize employee recognition awards?","20","YES","20","https://www.legis.iowa.gov/docs/code/2025/8A.110.rtf","Iowa Code 8A.110 - State employee suggestion system","OFFICIAL","2025","2026-07-31","""There is created a state employee suggestion system""","1","Official Iowa Legislature site, 2025 edition. Awards 10 percent of first-year net savings up to $10,000 plus a certificate; no cash award below $100 in annual savings. The .pdf version returned undecodable binary; the .rtf version of the same section was readable."
"Kansas","KS","I1","Does a state law or administrative rule authorize employee recognition awards?","20","YES","20","https://ksrevisor.gov/statutes/chapters/ch75/075_037_0105.html","K.S.A. 75-37,105 - Employee award and recognition program","OFFICIAL","UNDATED","2026-07-31","""There is established an employee award and recognition program for state employees""","1","Official Kansas Revisor of Statutes site. Authorizes both a general award and recognition program and a separate employee suggestion program; monetary and non-monetary awards; $3,500 annual cap per employee. Among the most explicit I1 authorities found so far."
"Kentucky","KY","I1","Does a state law or administrative rule authorize employee recognition awards?","20","YES","20","https://apps.legislature.ky.gov/law/kar/titles/101/002/120/","101 KAR 2:120 - Employee suggestion system incentive program","OFFICIAL","UNDATED","2026-07-31","""establishes the requirements for an employee suggestion system incentive program""","1","Official Kentucky Legislative Research Commission site. Administrative regulation citing statutory authority KRS 18A.030(2), 18A.110(1)(d) and 18A.202(1), the last of which authorizes the secretary to establish work-related incentive programs. Cash awards $100-$2,500. Qualifies under I1 as an administrative rule."
"Louisiana","LA","I1","Does a state law or administrative rule authorize employee recognition awards?","20","YES","20","https://www.civilservice.louisiana.gov/csrules/chapter6.aspx","Louisiana Civil Service Rule 6.16.1 - Rewards and Recognition","OFFICIAL","UNDATED","2026-07-31","""an appointing authority may ... implement a program of rewards and recognition""","1","Official Louisiana Dept. of State Civil Service site. Civil Service Rules derive authority from Article X of the Louisiana Constitution. Permissive rather than mandatory; agency programs require Civil Service Commission approval. Monetary rewards up to 10 percent of base salary annually."
"Maine","ME","I1","Does a state law or administrative rule authorize employee recognition awards?","20","YES","20","https://legislature.maine.gov/statutes/5/title5sec651.html","5 M.R.S. 651 - Employee Suggestion System","OFFICIAL","UNDATED","2026-07-31","""established to encourage by means of cash or honorary awards state employees""","1","Official Maine Legislature site. Title 5 Chapter 56-A is headed ""Employee Awards."" Awards capped at 10 percent of first-year savings or $2,000; up to $100 for non-cost-saving improvements. Predecessor section 5 MRS 642 shown as repealed; 651 is the operative provision."
"Maryland","MD","I1","Does a state law or administrative rule authorize employee recognition awards?","20","COULDNT_CHECK","0","NONE","NONE","NONE","UNDATED","2026-07-31","MISSING","4","COMAR 17.04.10 is titled ""Training and Awards"" under the Dept. of Budget and Management, Office of Personnel Services and Benefits, and is the likely I1 authority, but its text could not be opened: dsd.maryland.gov 301-redirected to regs.maryland.gov, which returned HTTP 404, and law.justia.com returned HTTP 403. Statute search found only SPP 7-501 (performance evaluations), which does not authorize awards. Recorded as COULDNT_CHECK, not NO - the authority likely exists but was not read."
"Massachusetts","MA","I1","Does a state law or administrative rule authorize employee recognition awards?","20","YES","20","https://malegislature.gov/Laws/GeneralLaws/PartI/TitleII/Chapter7/Section31A","M.G.L. c.7 s.31A - Suggestion awards board; function; prizes","OFFICIAL","UNDATED","2026-07-31","""shall from time to time award cash prizes to the officers or employees""","1","Official Massachusetts Legislature site. Establishes a suggestion awards board within the Executive Office for Administration and Finance (secretary, comptroller, budget director) and authorizes cash prizes for meritorious suggestions. Separate from the HRD-run Performance Recognition Program, which is policy rather than authority."
"Michigan","MI","I1","Does a state law or administrative rule authorize employee recognition awards?","20","COULDNT_CHECK","0","NONE","NONE","NONE","UNDATED","2026-07-31","MISSING","4","Michigan Civil Service Commission Regulation 5.07 (performance-pay programs, including lump-sum awards) is the likely I1 authority, but every primary document is served as a PDF from michigan.gov that returned HTTP 403: Reg507.pdf, the October 2025 Rule Book, and the current Rules-Book.pdf, on four separate attempts. Note also that Regulation 5.07 governs performance PAY rather than recognition awards specifically, so even if opened it may not satisfy I1 - unresolved in both respects."
"Minnesota","MN","I1","Does a state law or administrative rule authorize employee recognition awards?","20","NO","0","https://www.revisor.mn.gov/statutes/cite/16A.90","Minnesota Statutes 16A.90 - Employee Gainsharing System (repealed)","OFFICIAL","2025","2026-07-31","""16A.90 MS 2024 [Repealed, 2025 c 39 art 2 s 69]""","1","Genuine NO, protocol completed on both limbs. The employee gainsharing/bonus statute was REPEALED in 2025 (2025 c 39 art 2 s 69). The full text of Chapter 43A (state personnel management) was then opened and searched: no section authorizes employee recognition, achievement, or incentive awards. Minnesota appears to have had statutory award authority and lost it - worth a second look before publishing."
"Mississippi","MS","I1","Does a state law or administrative rule authorize employee recognition awards?","20","YES","20","https://codes.findlaw.com/ms/title-25-public-officers-and-employees-public-records/ms-code-sect-25-9-134/","Mississippi Code 25-9-134 - Program to encourage and recognize excellence in government","OFFICIAL","UNDATED","2026-07-31","""recommend a monetary award for those suggestions which improve management""","1","Scope trap checked: the program's headline object is governmental ENTITIES, so the page was re-read specifically for employee-level authority. It confirms nomination of a ""particular individual or group of individuals"" and payment of the award ""to the employee,"" so the population is correct. law.justia.com returned HTTP 403; text read from FindLaw statutory mirror."
"Missouri","MO","I1","Does a state law or administrative rule authorize employee recognition awards?","20","YES","20","https://revisor.mo.gov/main/OneSection.aspx?section=36.030","RSMo 36.030 - Employee suggestions, awards authorized","OFFICIAL","2023-08-28","2026-07-31","""the director shall establish employee recognition programs, including a statewide employee suggestion system""","1","Official Missouri Revisor of Statutes site; section effective 2023-08-28. Mandatory (""shall establish""), covers recognition programs generally rather than suggestions only, and caps monetary awards at $5,000. One of the strongest I1 authorities found so far."
"Montana","MT","I1","Does a state law or administrative rule authorize employee recognition awards?","20","YES","20","https://mca.legmt.gov/bills/mca/title_0020/chapter_0180/part_0110/section_0020/0020-0180-0110-0020.html","MCA 2-18-1102 - Employee incentive program; creation","OFFICIAL","UNDATED","2026-07-31","""shall develop a statewide employee incentive award program to appropriately recognize and monetarily reward""","1","Official Montana Legislature site. MCA Title 2 Ch. 18 Part 11 is headed ""Employee Incentive Program"" and includes eligibility (2-18-1105) and award-granting (2-18-1106) sections. Mandatory language; covers individuals and teams. Notable against the audit finding that Montana scored lowest in the country on the old D5 (19.0)."
"Nebraska","NE","I1","Does a state law or administrative rule authorize employee recognition awards?","20","NO","0","https://nebraskalegislature.gov/laws/statutes.php?statute=81-1352","Neb. Rev. Stat. 81-1352 - Employee suggestion system (repealed)","OFFICIAL","2026","2026-07-31","""Repealed. Laws 2026, LB1048, s. 46""","1","Two official statute pages opened (81-1346 and 81-1352), both showing ""Repealed. Laws 2026, LB1048, s. 46."" LB1048 is described as eliminating the Suggestion Award Board and the state employee suggestion system outright. CAVEAT: Nebraska Administrative Code Title 276 Ch. 8 (Employee Suggestion System Awards) was not opened, so a residual administrative rule may technically survive its repealed enabling statute. Recorded NO on the strength of the abolishing act; flag for review if the rule limb matters."
"Nevada","NV","I1","Does a state law or administrative rule authorize employee recognition awards?","20","YES","20","https://nevada.public.law/statutes/nrs_285.020","NRS 285.020 - Merit Award Program established; designation of award","OFFICIAL","UNDATED","2026-07-31","""There is hereby established a Merit Award Program for state employees""","1","NRS Chapter 285 is titled ""Awards to State Employees"" - an entire statutory chapter devoted to the subject. Award designated the ""Good Government, Great Employees Award""; Merit Award Board and a dedicated Merit Award Account in the State General Fund. law.justia.com returned HTTP 403; text read from public.law statutory mirror."
"New Hampshire","NH","I1","Does a state law or administrative rule authorize employee recognition awards?","20","YES","20","https://gc.nh.gov/rsa/html/I/21-I/21-I-42.htm","RSA 21-I:42 - Division of Personnel; duties","OFFICIAL","UNDATED","2026-07-31","""The development of nonmonetary incentive or award systems""","1","Official New Hampshire General Court site. Authority is real but thin and expressly limited to NONMONETARY systems, and is framed as technical assistance to agencies (paragraph XII(c)) rather than establishing a program. Scored YES because an award system is statutorily contemplated, but it is the weakest YES in this batch."
"New Jersey","NJ","I1","Does a state law or administrative rule authorize employee recognition awards?","20","YES","20","https://www.law.cornell.edu/regulations/new-jersey/N-J-A-C-4A-6-6-5","N.J.A.C. 4A:6-6.5 - Suggestion Award Program","OFFICIAL","UNDATED","2026-07-31","""A suggestion is a written proposal ... which will produce notable economy or improvement""","1","Administrative rule, which I1 accepts. New Jersey also has a statutory Awards Committee at N.J.S.A. 11A:6-29 and a broader award framework (commendation, suggestions, service recognition) covering executive branch, Judiciary and Office of Legislative Services, but the specific rule opened and quoted covers suggestion awards only. Read from the Cornell LII regulatory mirror."
"New Mexico","NM","I1","Does a state law or administrative rule authorize employee recognition awards?","20","YES","20","https://www.srca.nm.gov/parts/title01/01.007.0004.html","1.7.4.18 NMAC - Government Cost Savings Incentive Awards","OFFICIAL","UNDATED","2026-07-31","""Agencies may provide cash awards to employees with the approval of the board""","4","Official New Mexico State Records Center and Archives NMAC site. State Personnel Board rule; cites statutory authority NMSA 1978 Section 10-7-12. Cash awards require board approval, so authority is real but gated. The State Personnel Act (10-9-1 to 10-9-25) itself contains no award provision."
"New York","NY","I1","Does a state law or administrative rule authorize employee recognition awards?","20","YES","20","https://www.law.cornell.edu/regulations/new-york/4-NYCRR-61.2","4 NYCRR 61.2 - Merit Awards; definitions","OFFICIAL","UNDATED","2026-07-31","""the form of recognition granted by the commission for an unusual and meritorious accomplishment""","4","Administrative rule, which I1 accepts. 4 NYCRR Part 61 is headed ""Merit Awards""; the State Civil Service Commission grants meritorious service awards and determines suggestion award amounts. Corroborated by the NY Comptroller's official guidance (osc.ny.gov XIV.5), which describes longevity, performance, recognition and achievement awards and notes Civil Service Law 135 bars extra compensation unless statutorily authorized. Read from the Cornell LII regulatory mirror."
"North Carolina","NC","I1","Does a state law or administrative rule authorize employee recognition awards?","20","YES","20","https://www.ncleg.net/enactedlegislation/statutes/html/bysection/chapter_126/gs_126-4.html","N.C.G.S. 126-4(8) - Powers of State Human Resources Commission; meritorious service awards","OFFICIAL","UNDATED","2026-07-31","""A program of meritorious service awards""","1","Official North Carolina General Assembly site. G.S. 126-4(8) authorizes a meritorious service awards program and (10) references productivity incentives. Corroborating: the NC-Thinks suggestion program pays incentive bonuses from 30 percent of annualized savings. Note the audit found NC's old D5 recorded ""could not identify statewide recognition events; assumed zero"" - the statutory authority plainly exists."
"North Dakota","ND","I1","Does a state law or administrative rule authorize employee recognition awards?","20","COULDNT_CHECK","0","NONE","NONE","NONE","UNDATED","2026-07-31","MISSING","1","NDCC 54-06-24 is confirmed to EXIST and to be titled ""State employee suggestion incentive program"" - the official ndlegis.gov chapter table of contents lists it by that name - but the section text could not be opened in five attempts: t54c06.pdf returned undecodable binary, the .html page is a table of contents only, codes.findlaw.com served a title index rather than the section, and lawserver.com returned HTTP 307. Title alone is not proof of content, so recorded COULDNT_CHECK rather than YES."
"Ohio","OH","I1","Does a state law or administrative rule authorize employee recognition awards?","20","YES","20","https://codes.ohio.gov/ohio-revised-code/section-124.17","Ohio Revised Code 124.17 - Employee awards system","OFFICIAL","UNDATED","2026-07-31","""may institute an employee awards system designed to encourage all state employees""","1","Official Ohio Laws site. Two distinct authorities in one section: an employee awards system for suggestions (monetary up to $5,000 or nonmonetary) and a separate program for recognition of exemplary performance which may include cash awards, additional leave, or other provisions."
"Oklahoma","OK","I1","Does a state law or administrative rule authorize employee recognition awards?","20","YES","20","https://www.oscn.net/applications/oscn/DeliverDocument.asp?CiteID=103188","74 O.S. 4114 - Authority of agencies to participate in incentive awards program","OFFICIAL","1984","2026-07-31","""any agency, department, commission, or office of state government may participate""","1","Official Oklahoma State Courts Network. Sections 4111-4122 of Title 74 are the ""Incentive Awards for State Employees Act"" (Laws 1984 c.269, amended 2015). Legislature, Governor, Lt. Governor and State Auditor offices excluded. OMES implements via OAC Title 260 Ch. 35. Contrast with the audit finding that Oklahoma's old D5 rested on a 2008 proclamation."
"Oregon","OR","I1","Does a state law or administrative rule authorize employee recognition awards?","20","YES","20","https://oregon.public.law/statutes/ors_182.320","ORS 182.320 - Employee Suggestion Awards Commission","OFFICIAL","UNDATED","2026-07-31","""formulate, establish and maintain an employee suggestion program to encourage and reward meritorious suggestions""","1","Establishes a seven-member Employee Suggestion Awards Commission appointed by the Governor, with the DAS Director appointing its secretary. Related: ORS 182.375 creates a State Productivity Improvement Revolving Fund. Read from the public.law statutory mirror; oregonlegislature.gov chapter page was an index only."
"Pennsylvania","PA","I1","Does a state law or administrative rule authorize employee recognition awards?","20","COULDNT_CHECK","0","NONE","NONE","NONE","UNDATED","2026-07-31","MISSING","4","Management Directive 505.23 (Employee Recognition Programs) is the likely I1 authority and is referenced as permitting agencies to run recognition programs and award ceremonies, but its text could not be read: the pa.gov PDF returned undecodable binary. No statutory authority located either - the PA HR policies-and-laws page lists labor relations, discipline and civil service items with nothing on awards, and the Pennsylvania Bulletin item checked concerned leave rules, not awards. Unresolved after four attempts. Note a management directive may in any case be policy rather than an administrative rule."
"Rhode Island","RI","I1","Does a state law or administrative rule authorize employee recognition awards?","20","YES","20","https://codes.findlaw.com/ri/title-36-public-officers-and-employees/ri-gen-laws-sect-36-4-62/","R.I. Gen. Laws 36-4-62 - Pay incentive program","OFFICIAL","UNDATED","2026-07-31","""shall receive five percent (5%) of any savings""","1","Statutory incentive for employees who propose eliminating inefficiencies, duplication or waste; 5 percent of documented savings capped at $2,000, paid as a lump sum after 12 months; personnel administrator to make implementing rules. Department heads and management excluded. The Title 36 index shows no chapter headed awards or recognition, so this is the operative provision. law.justia.com HTTP 403; read from FindLaw mirror."
"South Carolina","SC","I1","Does a state law or administrative rule authorize employee recognition awards?","20","YES","20","https://www.scstatehouse.gov/code/t08c011.php","S.C. Code 8-11-190 - Expenditure of public funds for employee recognition","OFFICIAL","UNDATED","2026-07-31","""must be allowed to spend public funds on employee plaques, certificates, and other events""","1","Official South Carolina Statehouse site. Authorizes recognition spending to reward innovations or improvements by individual employees or teams. Companion section 8-1-180 also cited by the state HR agency. Note: secondary sources describe a $50 per-employee cap, but the text opened states no cap, so the cap is not recorded here."
"South Dakota","SD","I1","Does a state law or administrative rule authorize employee recognition awards?","20","COULDNT_CHECK","0","NONE","NONE","NONE","UNDATED","2026-07-31","MISSING","1","No route to South Dakota Codified Laws text succeeded: sdlegislature.gov returned a JavaScript browser-compatibility stub rather than statute content, law.justia.com HTTP 403, lawserver.com HTTP 307, and bhr.sd.gov 302-redirected to sd.gov/bhra which shows only navigation. SDCL 3-6D (State Civil Service) section list could not be read, so neither presence nor absence of award authority is established."
"Tennessee","TN","I1","Does a state law or administrative rule authorize employee recognition awards?","20","YES","20","https://codes.findlaw.com/tn/title-4-state-government/tn-code-sect-4-27-101.html","Tenn. Code Ann. 4-27-101 - Employee suggestion award program","OFFICIAL","UNDATED","2026-07-31","""There is established an employee suggestion award program for employees and retired employees""","1","Covers current AND retired state employees, and permits honorary as well as cash awards. Companion section 4-27-102 creates the award board (commissioners of finance and administration, human resources, general services, fiscal review director, TSEA appointee). Searched TCA 8-30 first, which is personnel administration generally; 4-27 is the operative chapter. law.justia.com HTTP 403; read from FindLaw mirror."
"Texas","TX","I1","Does a state law or administrative rule authorize employee recognition awards?","20","YES","20","https://fmcpa.cpa.state.tx.us/fiscalmoa/exp.jsp?num=7030","Texas Comptroller Manual of Accounts - Employee Incentive Bonus (citing Govt Code 2108.103)","OFFICIAL","2026","2026-07-31","""payment of employee incentive bonuses to eligible state employees who make suggestions""","4","Official Texas Comptroller fiscal manual naming the statutory authority, Government Code 2108.103. Chapter 2108 is the state employee incentive program, administered by the Governors office; bonus of 10 percent of net savings capped at $5,000; elected and appointed officials excluded. Statute text itself not opened - statutes.capitol.texas.gov served navigation only and both FindLaw and public.law 404'd - so scored from the states own fiscal authority page."
"Utah","UT","I1","Does a state law or administrative rule authorize employee recognition awards?","20","YES","20","https://www.law.cornell.edu/regulations/utah/Utah-Admin-Code-R477-6-7","Utah Admin. Code R477-6-7 - Incentive Awards","OFFICIAL","UNDATED","2026-07-31","""Management may grant a cash incentive award to an employee or group of employees""","4","Administrative rule, which I1 accepts, made under Utah Code 67-19-12 (Utah State Personnel Management Act), which provides for a program of incentive awards for cost-saving suggestions and other commendable acts. Caps of $4,000 per pay period and $8,000 per fiscal year absent DHRM and gubernatorial approval; agencies must publish their own policy first. Read from the Cornell LII regulatory mirror."
"Vermont","VT","I1","Does a state law or administrative rule authorize employee recognition awards?","20","COULDNT_CHECK","0","NONE","NONE","NONE","UNDATED","2026-07-31","MISSING","4","Statutory limb checked and negative: Title 3 Chapter 13 (Classification of State Personnel) and Chapter 53 were both opened in full and contain no award, recognition, merit-bonus or suggestion provision. Rule limb blocked: Vermont DHR pages returned HTTP 403 (humanresources.vermont.gov merit-awards and aoa.vermont.gov recognition awards), so Personnel Policy 7.1 (Employee Recognition and Merit Awards) and the Personnel Rules adopted under 3 V.S.A. 310(d) could not be read. Recorded COULDNT_CHECK because I1 accepts administrative rules and that limb is unverified."
"Virginia","VA","I1","Does a state law or administrative rule authorize employee recognition awards?","20","YES","20","https://law.lis.virginia.gov/vacode/title2.2/chapter12/section2.2-1201/","Va. Code 2.2-1201(A)(15) - Duties of Department of Human Resource Management","OFFICIAL","UNDATED","2026-07-31","""Adopt and implement a centralized program to provide awards to employees""","1","Official Virginia LIS site. Mandatory duty on DHRM, not a permission: the Department must adopt a centralized awards program, protect proposer identity during evaluation, publicize awards, and provide a reevaluation route for rejected proposals, with 30-day acknowledgement and 60-day feasibility deadlines. DHRM also publishes an Employee Recognition Program Handbook."
"Washington","WA","I1","Does a state law or administrative rule authorize employee recognition awards?","20","YES","20","https://app.leg.wa.gov/rcw/default.aspx?cite=41.60.015","RCW 41.60.015 - Productivity board created; employee involvement and recognition board","OFFICIAL","UNDATED","2026-07-31","""there is hereby created the productivity board, which may also be known as the employee involvement and recognition board""","1","Official Washington Legislature site. Chapter 41.60 RCW is headed State Employees Suggestion Awards and Incentive Pay and includes a teamwork incentive program at 41.60.120. Board chaired by the Secretary of State. Elected officials, agency directors and certain confidential staff are excluded - correct population."
"Washington DC","DC","I1","Does a state law or administrative rule authorize employee recognition awards?","20","COULDNT_CHECK","0","NONE","NONE","NONE","UNDATED","2026-07-31","MISSING","4","DCMR Title 6-B Chapter 19 is titled Incentive Awards and District Personnel Manual Chapter 19 covers the same ground, made under Title XIX of the Comprehensive Merit Personnel Act (D.C. Official Code 1-619.01 et seq.), but no copy could be opened in four attempts: dcrules.elaws.us returned HTTP 503 twice, edpm.dc.gov returned HTTP 520 twice, and the DCHR issuance PDF returned undecodable binary. Authority almost certainly exists; it was not read, so no point is awarded."
"West Virginia","WV","I1","Does a state law or administrative rule authorize employee recognition awards?","20","NO","0","https://code.wvlegislature.gov/5A-1A-1/","W. Va. Code 5A-1A-1 - Employee suggestion award program continued (repealed)","OFFICIAL","2025","2026-07-31","""[Repealed]""","1","Official West Virginia Legislature code site. The section under ARTICLE 1A, EMPLOYEE SUGGESTION AWARD BOARD, is marked repealed, last affected by 2025 Regular Session SB738. Corroborating: the legislatures Employee Suggestion Award Board page lists no meeting after September 2021 and cites no authority; W. Va. Code 29-6-10 (civil service rules) contains no award provision and 29-6-27 is also repealed. CAVEAT: W. Va. Code of State Rules Agency 147 was not opened, so a residual rule may survive - same limitation flagged for Nebraska."
"Wisconsin","WI","I1","Does a state law or administrative rule authorize employee recognition awards?","20","YES","20","https://docs.legis.wisconsin.gov/document/statutes/230.48","Wis. Stat. 230.48 - State employees suggestion board","OFFICIAL","UNDATED","2026-07-31","""Make and render awards to or for the benefit of state employees nominated to receive them""","1","Official Wisconsin Legislature site. Cash awards of 10 percent of average annual savings, minimum $50 and maximum $10,000, plus certificates, medals or other insignia. Separately, Wis. Stat. 230.04(19) requires the administrator to run a discretionary merit award program for lump-sum awards to classified employees exceeding expectations - two independent authorities."
"Wyoming","WY","I1","Does a state law or administrative rule authorize employee recognition awards?","20","YES","20","https://codes.findlaw.com/wy/title-9-administration-of-the-government/wy-st-sect-9-2-3207.html","Wyo. Stat. 9-2-3207 - Duties of department performed through human resources division","OFFICIAL","UNDATED","2026-07-31","""shall utilize both fixed and variable compensation as well as noncash reward and recognition programs""","1","Recodified from the former 9-2-1022. Mandatory language directed at the state compensation plan, though the recognition element is expressly noncash. Wyoming also runs an Employee Suggestion Award Program under administrative code open to active and retired executive-branch employees; that rule was not separately opened. law.justia.com HTTP 403; read from FindLaw mirror."
"Alabama","AL","I2","Does the central HR/administration agency post a written recognition policy?","15","YES","15","https://www.personnel.alabama.gov/Employees","Alabama State Personnel Department - Employees page posting the ESIP Guide","OFFICIAL","UNDATED","2026-07-31","""ESIP Guide (PDF)"" and ""ESIP Printable Form (PDF)"" posted under Online Options","4","State Personnel Department is Alabama's central HR agency and posts the Employees' Suggestion Incentive Program Guide and form. CAVEAT: the SPD page listing the documents was opened and read, but the ESIPGuide.pdf itself returned undecodable binary on two attempts, so the policy text was not read - only proof that SPD posts it."
"Alaska","AK","I2","Does the central HR/administration agency post a written recognition policy?","15","YES","15","https://doa.alaska.gov/dop/denaliawards/procedures/","Alaska Division of Personnel - Denali Awards, Award Procedures","OFFICIAL","UNDATED","2026-07-31","""Nominations must be submitted for review and signature through the nominated employee's chain of command""","4","Division of Personnel (Dept. of Administration) is the central HR agency and posts written award procedures for the Denali Awards. Note this page returned ECONNRESET three times during the I1 pass and loaded on this attempt - transient, not blocked. Contrast with Alaska I1, which remains COULDNT_CHECK."
"Arizona","AZ","I2","Does the central HR/administration agency post a written recognition policy?","15","COULDNT_CHECK","0","NONE","NONE","NONE","UNDATED","2026-07-31","MISSING","4","ADOA Human Resources (hr.az.gov) is the correct central HR agency and its statewide-policies index almost certainly answers this, but every page returned HTTP 403 on three attempts: /statewide-policies-guidelines-and-bulletins, /adoa-policies-and-forms, and the Statewide Employee Handbook PDF. Search results indicate HRD supports agencies in employee recognition, but that is snippet-level evidence and cannot be scored."
"Arkansas","AR","I2","Does the central HR/administration agency post a written recognition policy?","15","YES","15","https://sas.arkansas.gov/personnel/resources/policy/","Arkansas Office of Personnel Management - State Personnel Policy index","OFFICIAL","UNDATED","2026-07-31","""16 - Employee Suggestion System""; ""23 - Career Service Recognition Payments""; ""33 - Service Recognition Program""","4","Three separate numbered statewide personnel policies on recognition, posted by the Office of Personnel Management (Dept. of Shared Administrative Services), Arkansas's central HR agency. Strongest I2 evidence in this batch - recognition appears as formal numbered policy rather than as a program page."
"California","CA","I2","Does the central HR/administration agency post a written recognition policy?","15","YES","15","https://benefits.calhr.ca.gov/state-employees/engagement-resources/merit-award-program/","CalHR - Merit Award Program","OFFICIAL","UNDATED","2026-07-31","""Each department has a Merit Award Administrator assigned to administer the program""","4","CalHR is the central HR agency. A separate and more formal artifact exists - the CalHR HR Manual section 'Employee Recognition Policy' at hrmanual.calhr.ca.gov - but that URL returned HTTP 500 and the older Benefits Administration Manual page returned HTTP 403, so this program page is the copy actually opened and read."
"Colorado","CO","I2","Does the central HR/administration agency post a written recognition policy?","15","COULDNT_CHECK","0","NONE","NONE","NONE","UNDATED","2026-07-31","MISSING","4","Colorado's incentive-award authority sits in the State Personnel Board Rules and Director's Administrative Procedures, 4 CCR 801-1 Chapter 3, which search results describe as allowing non-base cash or non-cash incentive awards under a department incentive plan. Could not open any copy: spb.colorado.gov/board-rules HTTP 403 and the Secretary of State CCR files are generated PDFs. DPA and DHR pages opened showed recognition activity but no posted policy document."
"Connecticut","CT","I2","Does the central HR/administration agency post a written recognition policy?","15","NO","0","https://portal.ct.gov/das/services-for-state-employees/statewide-human-resources/hr-policies-and-general-letters","Connecticut DAS - Statewide HR Policies and General Letters index","OFFICIAL","UNDATED","2026-07-31","No policy or general letter on recognition, awards or service awards appears in the index","4","Re-examined under loosened I2 issuer rule 2026-07-31 and unchanged. Searched for a non-HR state issuer: the only statewide instrument located is Conn. Gen. Stat. 5-263b, a statute (already scored for I1), administered through agency suggestion coordinators with verification by the Auditors of Public Accounts. No administrative rule, board page, or Governor's office program page was found, and a bare statute does not satisfy I2 - otherwise I2 would duplicate I1. DAS policy index remains empty of recognition items."
"Delaware","DE","I2","Does the central HR/administration agency post a written recognition policy?","15","YES","15","https://dhr.delaware.gov/policies/recognition-awards.shtml","Delaware DHR - Policies: Recognition and Awards","OFFICIAL","UNDATED","2026-07-31","""Guidelines for the Development of Agency Recognition Plans""","4","Department of Human Resources is Delaware's central HR agency and maintains a dedicated Recognition and Awards policy section: agency recognition plan guidelines and form, Delaware Award for Excellence and Commitment nomination form, Award for Heroism form, GEAR P3 Trailblazer and Governor's Team Excellence awards. Consistent with Delaware's I1 result, where 29 Del. C. 5950 makes recognition a mandatory agency function requiring DHR approval of plans."
"Florida","FL","I2","Does the central HR/administration agency post a written recognition policy?","15","COULDNT_CHECK","0","NONE","NONE","NONE","UNDATED","2026-07-31","MISSING","4","Florida DMS is the central HR agency (State Human Resource Management / People First) and hosts a Davis Productivity Awards page plus employment policies and programs pages, but all three DMS URLs opened returned only navigation, header and footer markup with no substantive content - the site appears to render its body content via JavaScript that WebFetch does not execute. Could not confirm what policy, if any, is posted."
"Georgia","GA","I2","Does the central HR/administration agency post a written recognition policy?","15","YES","15","https://team.georgia.gov/service-awards/","Team Georgia (Dept. of Administrative Services) - Service Awards","OFFICIAL","UNDATED","2026-07-31","""The Faithful Service Awards Program was established by the Georgia General Assembly to help attract and retain employees""","4","Department of Administrative Services runs Team Georgia and administers the Faithful Service Awards Program statewide, recognizing about 13,000 employees a year from five years of service in five-year increments, with agency HR offices distributing certificates and pins monthly. Program page rather than a numbered policy document, but it is the central HR agency's own posted written description."
"Hawaii","HI","I2","Does the central HR/administration agency post a written recognition policy?","15","YES","15","https://dhrd.hawaii.gov/state-employees/employee-benefits/incentive-and-service-awards-program/","Hawaii DHRD - Incentive and Service Awards Program","OFFICIAL","UNDATED","2026-07-31","""a statewide program that promotes the recognition of employees who contribute to the efficiency, economy or other improvement of government operations""","4","Department of Human Resources Development is Hawaii's central HR agency and posts the statewide program description, including service awards at 10/20/30/40/50 years administered by departmental personnel offices. Same page supports Hawaii's I1 YES."
"Idaho","ID","I2","Does the central HR/administration agency post a written recognition policy?","15","COULDNT_CHECK","0","NONE","NONE","NONE","UNDATED","2026-07-31","MISSING","1","RESCORED under loosened I2 issuer rule 2026-07-31; previously NO because the Division of Human Resources policy index contains no recognition policy. The loosened rule brings IDAPA 15.04.01.075 into scope - the Division of Human Resources and Idaho Personnel Commission rule on employee suggestion awards, cited by section number in search results and cross-referenced by Idaho Code 67-5309 - but its text could not be opened: adminrules.idaho.gov HTML 404, the rule PDF and its blob-storage redirect returned undecodable binary, and law.cornell.edu served a title index rather than the section. Not YES because the document was never read."
"Illinois","IL","I2","Does the central HR/administration agency post a written recognition policy?","15","YES","15","https://gov.illinois.gov/sgsab.html","Illinois State Government Suggestion Award Board (Office of the Governor)","OFFICIAL","UNDATED","2026-07-31","""The Governor wants to hear from state employees who have ideas that will make our government more efficient and effective""","1","RESCORED under loosened I2 issuer rule 2026-07-31; previously NO because the State Government Suggestion Award Board is published by the Office of the Governor rather than by CMS, the central HR agency. Page opened and read: statewide program open to state employees generally, awards from $500 for savings of $1-$5,000 up to $5,000 for savings above $400,000, certificate of merit for smaller savings; management personnel receive recognition only. CMS's own personnel pages remain without a recognition policy."
"Indiana","IN","I2","Does the central HR/administration agency post a written recognition policy?","15","YES","15","https://secure.in.gov/spd/employee-resources/state-employee-programs/","Indiana State Personnel Department - State Employee Programs","OFFICIAL","UNDATED","2026-07-31","""The Governor's Public Service Achievement Awards recognize State of Indiana employees and teams""","4","State Personnel Department is Indiana's central HR agency and posts written descriptions of the Governor's Public Service Achievement Awards and the long-term employee recognition reception. Notable contrast: Indiana's I1 is COULDNT_CHECK because no statute text could be opened, yet the HR-agency policy artifact is plainly published."
"Iowa","IA","I2","Does the central HR/administration agency post a written recognition policy?","15","NO","0","https://das.iowa.gov/state-policies","Iowa DAS - State Employee Handbook and Policies","OFFICIAL","UNDATED","2026-07-31","Listed policies cover harassment prevention, workplace safety, substance abuse and similar; none on recognition or suggestions","4","Re-examined under loosened I2 issuer rule 2026-07-31 and unchanged. Searched for a non-HR state issuer: Iowa Code 8A.110 directs DAS to adopt rules for the suggestion system, but the corresponding Iowa Administrative Code chapter could not be located - agency 11 chapter 63 is Leave and chapter 64 is Employee Benefits, both opened and checked, and the DAS rules index gave no awards chapter. No board or Governor's office program page exists. Statute alone does not satisfy I2."
"Kansas","KS","I2","Does the central HR/administration agency post a written recognition policy?","15","YES","15","https://admin.ks.gov/offices/personnel-services/policy--programs/award-and-recognition","Kansas Department of Administration, Office of Personnel Services - Award and Recognition","OFFICIAL","UNDATED","2026-07-31","""The program provides an employee award and recognition system authorized by K.S.A. 75-37,105""","4","Central HR agency posts a dedicated Award and Recognition page linking an Overview of Employee Award and Recognition Program and an Award and Recognition Policy, plus a separate Employee Suggestion Program page and Personnel Regulations Article 18 - Employee Awards. Statute, rule and policy all align."
"Kentucky","KY","I2","Does the central HR/administration agency post a written recognition policy?","15","YES","15","https://extranet.personnel.ky.gov/Pages/Rewards.aspx","Kentucky Personnel Cabinet - Rewards","OFFICIAL","UNDATED","2026-07-31","""the Kentucky Employee Suggestion System (KESS) provides monetary incentives to those who share ideas""","4","Personnel Cabinet is Kentucky's central HR agency. Page describes KESS awards of up to $2,500 and, per the Cabinet's handbook materials, Employee Recognition Award lump sums and Adjustment for Continued Excellence awards. Pairs with Kentucky's I1 rule, 101 KAR 2:120."
"Louisiana","LA","I2","Does the central HR/administration agency post a written recognition policy?","15","YES","15","https://www.doa.la.gov/doa/hr/policies/doa-personnel-policies/33-rewards-and-recognition-policy/","Louisiana Division of Administration - Personnel Policy 33, Rewards and Recognition","OFFICIAL","UNDATED","2026-07-31","""the DOA recognizes and rewards significant work-related accomplishments which ordinarily would not be required nor expected""","4","Division of Administration is Louisiana's administration agency; numbered personnel policy authorized by Civil Service Rule 6.16.1 (the same rule scored for I1), capping monetary rewards at 10 percent of base salary per fiscal year. State Civil Service separately publishes Compensation Administration Guide guidance requiring agencies to post recipient names and report annually."
"Maine","ME","I2","Does the central HR/administration agency post a written recognition policy?","15","YES","15","https://www.maine.gov/bhr/state-employees/employee-suggestion-program","Maine Bureau of Human Resources - Employee Suggestion Program","OFFICIAL","UNDATED","2026-07-31","""The Employee Suggestion Awards Program is designed to improve Maine State Government by identifying ways to improve operations""","4","Bureau of Human Resources is Maine's central HR agency and posts the program with its full process: submission, eligibility determination, presentation, evaluation and recommendation, final approval, award determination. BHR issues the eligibility and final determination letters."
"Maryland","MD","I2","Does the central HR/administration agency post a written recognition policy?","15","COULDNT_CHECK","0","NONE","NONE","NONE","UNDATED","2026-07-31","MISSING","4","COMAR 17.04.10 Training and Awards, issued by the Department of Budget and Management (Maryland's central HR agency), is the likely artifact for both I1 and I2 but could not be opened in five total attempts across both indicators: regs.maryland.gov HTTP 404, mdrules.elaws.us HTTP 503, dsd.maryland.gov 301-redirect, law.justia.com HTTP 403. DBM budget and about pages mention recognition as culture, not as policy."
"Massachusetts","MA","I2","Does the central HR/administration agency post a written recognition policy?","15","COULDNT_CHECK","0","NONE","NONE","NONE","UNDATED","2026-07-31","MISSING","4","The Human Resources Division runs the Commonwealth Employee Performance Recognition Program and mass.gov hosts guide pages for it, but every mass.gov URL attempted returned HTTP 403 - three separate paths. Search snippets describe the PRP tiers and the Carballo, Cellucci and Rooney awards, but snippet evidence cannot be scored under this protocol."
"Michigan","MI","I2","Does the central HR/administration agency post a written recognition policy?","15","COULDNT_CHECK","0","NONE","NONE","NONE","UNDATED","2026-07-31","MISSING","4","Civil Service Commission is Michigan's central HR authority. Both michigan.gov/mdcs and scprod.michigan.gov/mdcs returned HTTP 403, as did every Civil Service rules and regulations PDF during the I1 pass. Michigan is now COULDNT_CHECK on both indicators for the same reason: the entire michigan.gov domain refused every request."
"Minnesota","MN","I2","Does the central HR/administration agency post a written recognition policy?","15","COULDNT_CHECK","0","NONE","NONE","NONE","UNDATED","2026-07-31","MISSING","4","MMB HR/LR Policy 1420 Employee Recognition and Achievement Awards is named in search results as a statewide policy, but could not be read: the MMB policy index 302-redirected to a ShieldSquare bot-validation host, and the 1420 policy PDF returned undecodable binary. Worth noting alongside Minnesota's I1 NO - the gainsharing statute was repealed in 2025 but a recognition policy may still stand."
"Mississippi","MS","I2","Does the central HR/administration agency post a written recognition policy?","15","YES","15","https://www.mspb.ms.gov/state-agency-resources/employee-awards","Mississippi State Personnel Board - Employee Awards","OFFICIAL","UNDATED","2026-07-31","""Employees with 10, 20, or 30 years may be recognized with a certificate and service pin""","4","State Personnel Board is Mississippi's central HR agency and posts two award programs: Longevity Service Awards and Excellence in Government Awards, the latter with an annual nomination deadline. Backed by Mississippi Administrative Code 27-110 Ch. 7.6 and by Miss. Code 25-9-134, the statute scored for I1."
"Missouri","MO","I2","Does the central HR/administration agency post a written recognition policy?","15","YES","15","https://oa.mo.gov/SERW/recognition_ideas","Missouri Office of Administration - State Employee Recognition Week guidance","OFFICIAL","UNDATED","2026-07-31","""Each department may organize and fund their celebrations differently""","4","Office of Administration is Missouri's central HR/administration agency and posts written recognition guidance for departments. CAVEAT: OA's statewide policy index was also opened and lists no numbered recognition policy - this is guidance material, not a formal policy instrument. Scored YES under the same reading applied to Georgia and California in batch 1."
"Montana","MT","I2","Does the central HR/administration agency post a written recognition policy?","15","YES","15","https://doa.mt.gov/SHRD/gov-awards","Montana State Human Resources Division - Governor's Award Program","OFFICIAL","UNDATED","2026-07-31","""the Governor's Awards for Excellence in Performance is a statewide program to honor and recognize the exceptional accomplishments of outstanding state employees""","4","State Human Resources Division (Dept. of Administration) posts the program, established 1990, with nomination criteria and deadlines; 2025 recognized 259 employees. Directly relevant to the audit finding that Montana scored lowest in the country on the old D5 at 19.0 - the recognition infrastructure is documented and central."
"Nebraska","NE","I2","Does the central HR/administration agency post a written recognition policy?","15","YES","15","https://das.nebraska.gov/personnel/teammate/recognition.html","Nebraska DAS State Personnel - Employee Recognition","OFFICIAL","2025-09-22","2026-07-31","Posts ""Employee Recognition Guidelines for Agencies"" (revised 09/22/2025)","4","DAS State Personnel is Nebraska's central HR agency and posts dated recognition guidelines for agencies; all agencies must have a recognition plan approved by State Personnel. CAVEAT: the guidelines PDF text itself was not read - the page listing and revision date were. Significant against Nebraska's I1 NO: the suggestion statute was repealed by LB1048 in 2026, but recognition guidance remains published."
"Nevada","NV","I2","Does the central HR/administration agency post a written recognition policy?","15","YES","15","https://hr.nv.gov/Boards/MeritAward/Merit_Award_Board/","Nevada Division of Human Resource Management - Merit Award Board","OFFICIAL","UNDATED","2026-07-31","""The program was created in 1967 to reward people for money-saving ideas and to recognize efforts and contributions""","4","DHRM is Nevada's central HR agency and hosts the Merit Award Board pages, including a published suggestion matrix. Pairs with NRS Chapter 285, the statutory chapter scored for I1."
"New Hampshire","NH","I2","Does the central HR/administration agency post a written recognition policy?","15","COULDNT_CHECK","0","NONE","NONE","NONE","UNDATED","2026-07-31","MISSING","4","The Division of Personnel page das.nh.gov/hr/employee-suggestion.aspx is titled State Employee Suggestion and Extraordinary Award Program and is clearly the right artifact, but returned HTTP 403. A promising alternative, NH rule Sw 700 EMPLOYEE RECOGNITION PROGRAM, was opened and turned out to be issued by the Lottery Commission for lottery sales representatives - wrong population, correctly rejected as a scope trap."
"New Jersey","NJ","I2","Does the central HR/administration agency post a written recognition policy?","15","YES","15","https://www.law.cornell.edu/regulations/new-jersey/N-J-A-C-4A-6-6-4","N.J.A.C. 4A:6-6.4 - Commendation Awards (Civil Service Commission rule)","OFFICIAL","UNDATED","2026-07-31","""Commendation Awards shall be established in, but not limited to, the following four categories""","1","RESCORED under loosened I2 issuer rule 2026-07-31; previously NO because the CSC current-employees index listed no recognition item and the SERD material is a ceremony program rather than a policy. Administrative rule opened and read: four commendation categories - Heroism, Exceptional Service, Professional Achievement, Community Service - available to individual employees or groups across State service. Companion rule 4A:6-6.5 covers suggestion awards."
"New Mexico","NM","I2","Does the central HR/administration agency post a written recognition policy?","15","YES","15","https://www.srca.nm.gov/parts/title01/01.007.0004.html","1.7.4.18 NMAC - Government Cost Savings Incentive Awards (State Personnel Board rule)","OFFICIAL","UNDATED","2026-07-31","""Agencies may provide cash awards to employees with the approval of the board""","1","RESCORED under loosened I2 issuer rule 2026-07-31; previously NO because the State Personnel Office posts no recognition policy on its own pages. State Personnel Board rule opened and read (same artifact scored for I1), applying statewide to classified employees under authority of NMSA 1978 Section 10-7-12, with cash awards subject to board approval."
"New York","NY","I2","Does the central HR/administration agency post a written recognition policy?","15","YES","15","https://www.cs.ny.gov/esp/","New York Department of Civil Service - Employee Suggestion Program","OFFICIAL","UNDATED","2026-07-31","""Since 1946, the Employee Suggestion Program has adopted over 10,000 suggestions and recognized almost 12,000 employees and retirees""","4","Department of Civil Service is New York's central HR agency and runs the program directly; the Civil Service Commission determines award amounts under 4 NYCRR Part 61, the rule scored for I1. Open to retirees as well as employees. Corroborated by the Comptroller's guidance at osc.ny.gov XIV.5."
"North Carolina","NC","I2","Does the central HR/administration agency post a written recognition policy?","15","YES","15","https://oshr.nc.gov/hr-governance/policies/rewards-and-recognition","NC OSHR - Rewards and Recognition policy","OFFICIAL","UNDATED","2026-07-31","""An employee rewards and recognition program serves as an important element in the overall strategic effort to build and sustain a performance culture""","4","Office of State Human Resources posts a formal HR-governance policy plus a separate Service Awards Program Policy and an Employee Recognition benefits section. Strong contrast with the audit finding that NC's old D5 recorded recognition events as not identifiable and assumed zero - the policy is published under HR governance."
"North Dakota","ND","I2","Does the central HR/administration agency post a written recognition policy?","15","COULDNT_CHECK","0","NONE","NONE","NONE","UNDATED","2026-07-31","MISSING","4","OMB Human Resource Management Services is North Dakota's central HR agency and publishes Universal HR Policies, but omb.nd.gov returned HTTP 403. North Dakota is now COULDNT_CHECK on both indicators - for I1 the statute section text was unreachable, for I2 the policy index was."
"Ohio","OH","I2","Does the central HR/administration agency post a written recognition policy?","15","YES","15","https://codes.ohio.gov/ohio-administrative-code/rule-123:1-27-04","Ohio Admin. Code 123:1-27-04 - Employee recognition programs (DAS rule)","OFFICIAL","UNDATED","2026-07-31","""The appointing authority of any state agency, office, board, or commission will obtain the approval of the director of administrative services before implementing a program""","4","Rule issued by the Department of Administrative Services, Ohio's central HR agency, governing agency recognition programs and requiring DAS approval. Scored as the DAS-issued written policy instrument. The das.ohio.gov Governor's Award for Employee Excellence page returned HTTP 404 on direct fetch."
"Oklahoma","OK","I2","Does the central HR/administration agency post a written recognition policy?","15","YES","15","https://oklahoma.gov/omes/services/omes-employee-information.html","OMES - Employee Information, posting Employee Performance Recognition Awards policy","OFFICIAL","UNDATED","2026-07-31","Posts ""Employee Performance Recognition Awards"" policy and ""Employee Recognition Program"" documents","4","Office of Management and Enterprise Services is Oklahoma's central HR agency (Human Capital Management). Policy OMES-024 caps recognition awards at $150 per employee per fiscal year; OAC 260:25-23-3 sets the statewide rule. CAVEAT: the policy PDFs themselves were not opened - the OMES page listing them was. The OMES policies index URL returned HTTP 404."
"Oregon","OR","I2","Does the central HR/administration agency post a written recognition policy?","15","YES","15","https://www.oregon.gov/das/hr/pages/serd.aspx","Oregon DAS Chief Human Resources Office - State Employee Recognition Day","OFFICIAL","UNDATED","2026-07-31","""Every year we celebrate Public Service Recognition Week ... taking the opportunity to thank public employees for their service""","4","Chief Human Resources Office (DAS) is Oregon's central HR agency and publishes the recognition program including annual Public Service Ambassador rosters since 2017. Consistent with Oregon's I1 statute, ORS 182.320."
"Pennsylvania","PA","I2","Does the central HR/administration agency post a written recognition policy?","15","COULDNT_CHECK","0","NONE","NONE","NONE","UNDATED","2026-07-31","MISSING","4","Management Directive 505.23 Employee Recognition Programs is the correct artifact, issued by the Governor's Office and administered by the Office of Administration, and its existence is well attested - but its text could not be read in five attempts across both indicators: two pa.gov PDF paths returned undecodable binary, oa.pa.gov 301-redirected to a pa.gov search page with no results, and the PA HR policies page lists no awards item."
"Rhode Island","RI","I2","Does the central HR/administration agency post a written recognition policy?","15","NO","0","https://hr.ri.gov/policies/","Rhode Island Division of Human Resources - Policies and Rules","OFFICIAL","UNDATED","2026-07-31","No policy on employee recognition, awards or suggestions appears in the policies index","4","Re-examined under loosened I2 issuer rule 2026-07-31 and unchanged. Searched for a non-HR state issuer: R.I. Gen. Laws 36-4-62 directs the personnel administrator to make implementing rules, but no such rule was located; the RI Personnel Rules index at hr.ri.gov/stateemployee/rules was also opened and contains no recognition, awards, incentive or suggestion item. Talent Management is described as administering a Career Awards Program but publishes no policy document. Statute alone does not satisfy I2."
"South Carolina","SC","I2","Does the central HR/administration agency post a written recognition policy?","15","YES","15","https://www.admin.sc.gov/services/state-human-resources/talent-management/employee-reward-recognition","SC Department of Administration, Division of State Human Resources - Employee Reward and Recognition","OFFICIAL","UNDATED","2026-07-31","""There is a $50 limit on the amount that can be spent on each employee per award""","4","Division of State HR posts written reward and recognition guidance citing S.C. Code 8-1-180 and 8-11-190, IRS treatment of cash and gift-certificate awards, and state service pin administration. Note this page states the $50 per-employee cap that the statute text opened for I1 did not contain - the cap is a policy-level rule."
"South Dakota","SD","I2","Does the central HR/administration agency post a written recognition policy?","15","COULDNT_CHECK","0","NONE","NONE","NONE","UNDATED","2026-07-31","MISSING","4","Bureau of Human Resources posts a Governor's Awards of Excellence program page, but bhr.sd.gov 302-redirects to sd.gov/bhra, which returned only navigation and loading elements on two attempts including the knowledge-base article URL. South Dakota is COULDNT_CHECK on both indicators; its statute site is JavaScript-gated and its HR site renders client-side."
"Tennessee","TN","I2","Does the central HR/administration agency post a written recognition policy?","15","YES","15","https://www.tn.gov/hr/employees.html","Tennessee Department of Human Resources - For Employees","OFFICIAL","UNDATED","2026-07-31","Lists ""Employee Suggestion Award Program"" for state employees","4","Department of Human Resources is Tennessee's central HR agency and posts the Employee Suggestion Award Program, operated under DOHR rules 1120-09 with a board meeting quarterly. Two earlier fetches to tn.gov returned ECONNRESET before this one succeeded. Pairs with Tenn. Code Ann. 4-27-101 (I1 YES)."
"Texas","TX","I2","Does the central HR/administration agency post a written recognition policy?","15","COULDNT_CHECK","0","NONE","NONE","NONE","UNDATED","2026-07-31","MISSING","4","The State Employee Incentive Program is administered by the Governor's office rather than by a central HR agency - Texas has no single central HR department, with the State Auditor's Office maintaining the statewide compensation system. No SEIP program page on a state site could be opened; search returned only a 1998 Sunset report and a university copy of SEIP materials. Recorded COULDNT_CHECK rather than NO because the right agency to check is itself unclear."
"Utah","UT","I2","Does the central HR/administration agency post a written recognition policy?","15","YES","15","https://www.law.cornell.edu/regulations/utah/Utah-Admin-Code-R477-6-7","Utah Admin. Code R477-6-7 - Incentive Awards (DHRM rule)","OFFICIAL","UNDATED","2026-07-31","""Only agencies with written and published incentive award and bonus policies may reward employees with incentive awards or bonuses""","4","Rule enforced by the Department of Human Resource Management, Utah's central HR agency, and it requires agency policies to be approved annually by DHRM. Same artifact scored for I1; read from the Cornell LII mirror because dhrm.utah.gov copies were not reachable."
"Vermont","VT","I2","Does the central HR/administration agency post a written recognition policy?","15","COULDNT_CHECK","0","NONE","NONE","NONE","UNDATED","2026-07-31","MISSING","4","Vermont DHR Personnel Policy 7.1 EMPLOYEE RECOGNITION AND MERIT BONUS AWARDS is named in search results with a direct PDF path on humanresources.vermont.gov, but every Vermont DHR URL returned HTTP 403 across both indicators - the merit-awards page, the policy manual index, the policy PDF itself and the AOA recognition page. Vermont is COULDNT_CHECK on both indicators for the same host-level block."
"Virginia","VA","I2","Does the central HR/administration agency post a written recognition policy?","15","YES","15","https://www.dhrm.virginia.gov/hr-partners/employee-service-and-recognition","Virginia DHRM - Employee Service and Recognition","OFFICIAL","2019","2026-07-31","""The agencies of the Commonwealth carry out programs to celebrate milestones in their employees' length of service""","4","Department of Human Resource Management posts both an Employee Recognition Policy in its HR Policies section and a 2019 Employee Recognition Handbook. Consistent with Va. Code 2.2-1201(A)(15), which obliges DHRM to adopt a centralized awards program - statute, policy and handbook all present, one of the most complete chains in the set."
"Washington","WA","I2","Does the central HR/administration agency post a written recognition policy?","15","YES","15","https://app.leg.wa.gov/wac/default.aspx?cite=383-06&full=true","WAC Chapter 383-06 - Guidelines for the employee suggestion program (Productivity Board)","OFFICIAL","UNDATED","2026-07-31","""guidelines for the statewide employee suggestion program developed and administered by the productivity board""","1","RESCORED under loosened I2 issuer rule 2026-07-31; previously NO because the program sits with the Productivity Board chaired by the Secretary of State, not with OFM, the central HR agency. Administrative rule opened and read: adopted by the Productivity Board under chapter 41.60 RCW, governs the statewide employee suggestion program and agency-unique programs, board sets award criteria and makes final award determinations. sos.wa.gov program pages returned HTTP 403 on three attempts; the WAC is the readable artifact."
"Washington DC","DC","I2","Does the central HR/administration agency post a written recognition policy?","15","COULDNT_CHECK","0","NONE","NONE","NONE","UNDATED","2026-07-31","MISSING","4","District Personnel Manual Chapter 19 Incentive Awards, maintained by DCHR, is the correct artifact and search returns detailed content from it, but edpm.dc.gov returned HTTP 520 on three attempts across both indicators, dcrules.elaws.us returned HTTP 503 twice, and the DCHR issuance PDF returned undecodable binary. DC is COULDNT_CHECK on both indicators."
"West Virginia","WV","I2","Does the central HR/administration agency post a written recognition policy?","15","NO","0","https://www.law.cornell.edu/regulations/west-virginia/agency-147/title-147/series-147-01","W. Va. Code R. 147-01 - Rules Governing the Operation of the WV Public Employee Suggestion Program","OFFICIAL","2009-07-04","2026-07-31","""Rules Governing The Operation Of The West Virgnia Public Employee Suggestion Program"" - shown effective 7/4/2009","1","Re-examined under loosened I2 issuer rule 2026-07-31 and unchanged, but CONFIRMED rather than assumed and the picture is more complicated than expected. An Employee Suggestion Award Board rule does exist and was opened: W. Va. Code R. 147-01, effective 7/4/2009, covering eligible and ineligible employees, suggestion processing and annual reporting. It is NOT scored YES because the mirror states it is current only through Register Vol. XLI No. 13, March 29, 2024 - which predates the 2025 repeal of the enabling statute W. Va. Code 5A-1A-1 by SB738 - so the source does not establish a currently effective rule. Corroborating: the board has posted no meeting since September 2021 and the Division of Personnel policy index has no recognition item. Flag for review: if the rule survived the statutory repeal, West Virginia becomes YES."
"Wisconsin","WI","I2","Does the central HR/administration agency post a written recognition policy?","15","COULDNT_CHECK","0","NONE","NONE","NONE","UNDATED","2026-07-31","MISSING","4","Division of Personnel Management publishes Wisconsin Human Resources Handbook Chapter 550 on discretionary merit compensation and an Employee Suggestion Program evaluation form (DOA-15801), but the Chapter 550 PDF returned undecodable binary and the suggestion-program page path returned HTTP 404. Wisconsin has clear statutory authority (Wis. Stat. 230.48, I1 YES); the policy artifact could not be read."
"Wyoming","WY","I2","Does the central HR/administration agency post a written recognition policy?","15","COULDNT_CHECK","0","NONE","NONE","NONE","UNDATED","2026-07-31","MISSING","1","RESCORED under loosened I2 issuer rule 2026-07-31; previously NO because the A and I Human Resources Division policy index contains no recognition policy. The loosened rule brings two located artifacts into scope - State Personnel Rules Chapter 10 Service and Recognition Awards (effective 01-28-2015, listed by title on ai.wyo.gov) and the Wyoming Administrative Code rules of agency 006 sub-agency 0005 Personnel-Suggestion Award Board - but neither text could be opened: regulations.justia.com HTTP 403, law.cornell.edu served a directory index, and rules.wyo.gov is JavaScript-gated. Titles alone are not proof of content."
"Alabama","AL","I3","Is there a named statewide employee award program with a public web page?","20","YES","20","https://www.personnel.alabama.gov/Employees","Alabama Employees' Suggestion Incentive Program (ESIP) - State Personnel Department","OFFICIAL","UNDATED","2026-07-31","Posts ""ESIP Guide"" and ""ESIP Printable Form"" for the Employees' Suggestion Incentive Program","4","Named statewide program (ESIP) covering all merit and non-merit state employees, run by the State Personnel Department with a standing board and $1,000/$5,000 award tiers. Page opened; the guide PDF itself remains unreadable binary."
"Alaska","AK","I3","Is there a named statewide employee award program with a public web page?","20","YES","20","https://doa.alaska.gov/dop/denaliawards/procedures/","Denali Awards - Alaska Division of Personnel","OFFICIAL","UNDATED","2026-07-31","""Nominations must be submitted for review and signature through the nominated employee's chain of command""","4","Named statewide program (Denali Awards) with published award procedures, run by the Division of Personnel. Nominations route through the employing department and the Governor's Office chief of staff for Governor's Office nominees."
"Arizona","AZ","I3","Is there a named statewide employee award program with a public web page?","20","COULDNT_CHECK","0","NONE","NONE","NONE","UNDATED","2026-07-31","MISSING","1","Two candidates and neither could be verified. Gov. Hobbs' Excellence in Government Awards, first held January 2025, appears from search text to recognize AGENCIES and PROGRAMS rather than individual employees - a possible wrong-population trap - and the only page describing it (des.az.gov) returned HTTP 403. All hr.az.gov and doa.az.gov pages returned HTTP 403 as they did for I2. Arizona is now COULDNT_CHECK on I1, I2 and I3, entirely because the az.gov domain refuses every request."
"Arkansas","AR","I3","Is there a named statewide employee award program with a public web page?","20","YES","20","https://sas.arkansas.gov/personnel/resources/policy/","Arkansas Office of Personnel Management - Employee Suggestion System and Service Recognition Program","OFFICIAL","UNDATED","2026-07-31","""16 - Employee Suggestion System""; ""33 - Service Recognition Program""","4","Two named statewide programs published by the Office of Personnel Management, plus Career Service Recognition Payments (policy 23). The public page is the numbered statewide policy index rather than a dedicated program microsite."
"California","CA","I3","Is there a named statewide employee award program with a public web page?","20","YES","20","https://benefits.calhr.ca.gov/state-employees/engagement-resources/merit-award-program/","Merit Award Program (MAP) - CalHR","OFFICIAL","UNDATED","2026-07-31","""Each department has a Merit Award Administrator assigned to administer the program""","4","Named statewide program established by the Legislature in 1950, open to all state entities, comprising the Employee Suggestion Program, Superior/Sustained Accomplishment awards, the Governor's State Employee Medal of Valor, 25-Year Service awards and the Robert L. Negri award."
"Colorado","CO","I3","Is there a named statewide employee award program with a public web page?","20","COULDNT_CHECK","0","NONE","NONE","NONE","UNDATED","2026-07-31","MISSING","1","The Tom Clements Better Government Award is a named statewide program for Colorado state employees - three categories including Outstanding Service in Government, Outstanding Innovation in Government and Inspirational Leadership in Government, nominated through departments and judged by an external panel - but no page could be opened: governorsoffice.colorado.gov and colorado.gov/governor both returned HTTP 403, as did two news copies of the state press release. Well attested in search text, never read."
"Connecticut","CT","I3","Is there a named statewide employee award program with a public web page?","20","YES","20","https://portal.ct.gov/MAC/MAC-Organizational-Information/Managers-Day/2020-Distinguished-Managerial-Service-Award","Distinguished Managerial Service Award - CT Management Advisory Council","OFFICIAL","2020","2026-07-31","""Each nominee has demonstrated an exceptional level of dedication, commitment, managerial skill and achievement""","1","Named program running across all state agencies with public recipient pages spanning 2008-2020, administered by the Management Advisory Council, a state body. CAVEAT: eligibility is restricted to MANAGERS rather than the whole workforce. Scored YES because managers are career state employees and the program is statewide, but it is narrower than every other YES in this indicator - flag if you want I3 to require whole-workforce eligibility."
"Delaware","DE","I3","Is there a named statewide employee award program with a public web page?","20","YES","20","https://dhr.delaware.gov/policies/recognition-awards.shtml","Delaware Award for Excellence and Commitment in State Service - Department of Human Resources","OFFICIAL","UNDATED","2026-07-31","Lists the ""Delaware Award for Excellence & Commitment in State Service Nomination Form"", ""Delaware Award for Heroism"", ""GEAR P3 Trailblazer Award"" and ""Governor's Team Excellence Award""","4","Four named statewide awards on one DHR page, presented by the Governor at the annual Statewide Recognition Awards Ceremony. Delaware is one of very few states with YES on all three indicators so far."
"Florida","FL","I3","Is there a named statewide employee award program with a public web page?","20","COULDNT_CHECK","0","NONE","NONE","NONE","UNDATED","2026-07-31","MISSING","1","Florida's named program is the Prudential Productivity Awards, formerly the Davis Productivity Awards, which honors state employees for cost savings since 1989 - but it is founded and sponsored by Florida TaxWatch, a PRIVATE non-profit, with the state as co-sponsor, so a TaxWatch page would fail the wrong-issuer trap. The state's own copy at dms.myflorida.com/workforce_operations/people_first/davis_productivity_awards returned navigation-only markup, as did two other DMS pages - the site renders body content via JavaScript. No state-issued page could be read."
"Georgia","GA","I3","Is there a named statewide employee award program with a public web page?","20","YES","20","https://team.georgia.gov/service-awards/","Faithful Service Awards Program - Department of Administrative Services","OFFICIAL","UNDATED","2026-07-31","""The Faithful Service Awards Program was established by the Georgia General Assembly to help attract and retain employees""","4","Named statewide program established by the General Assembly and administered by DOAS, recognizing roughly 13,000 employees a year from five years of service in five-year increments, with agency HR offices distributing certificates and pins monthly."
"Hawaii","HI","I3","Is there a named statewide employee award program with a public web page?","20","YES","20","https://dhrd.hawaii.gov/state-employees/employee-benefits/incentive-and-service-awards-program/","State Incentive and Service Awards Program - DHRD","OFFICIAL","UNDATED","2026-07-31","""a statewide program that promotes the recognition of employees who contribute to the efficiency, economy or other improvement of government operations""","4","Named statewide program established by HRS 78-29 and posted by the Department of Human Resources Development, covering suggestions, meritorious acts and service awards at 10/20/30/40/50 years."
"Idaho","ID","I3","Is there a named statewide employee award program with a public web page?","20","NO","0","https://dhr.idaho.gov/statutes-rules-and-policies/","Idaho Division of Human Resources - Statutes, Rules and Policies (no named award program listed)","OFFICIAL","UNDATED","2026-07-31","No named statewide employee award program appears among DHR's listed policies or programs","1","Searched DHR, the Governor's office and employee.idaho.gov. Idaho publishes a 2024 State of Idaho Employee Recognition Toolkit and observes Public Employee Recognition Week, but a toolkit and an observance are not a named award program. The suggestion-award mechanism exists in statute (67-5309D) and rule (IDAPA 15.04.01.075) without a program identity or program page. Governor's awards found in Idaho are sector-specific (arts, agriculture, energy, education), not employee awards."
"Illinois","IL","I3","Is there a named statewide employee award program with a public web page?","20","YES","20","https://gov.illinois.gov/sgsab.html","State Government Suggestion Award Board - Office of the Governor","OFFICIAL","UNDATED","2026-07-31","""The Governor wants to hear from state employees who have ideas that will make our government more efficient and effective""","1","Named statewide board and award program with a public page on the Governor's site; awards from $500 to $5,000 by savings band, certificate of merit for smaller savings, management personnel recognition-only. Same page scored for I2 after the issuer rule was loosened."
"Indiana","IN","I3","Is there a named statewide employee award program with a public web page?","20","YES","20","https://secure.in.gov/spd/employee-resources/state-employee-programs/","Governor's Public Service Achievement Awards - State Personnel Department","OFFICIAL","UNDATED","2026-07-31","""The Governor's Public Service Achievement Awards recognize State of Indiana employees and teams""","4","Named statewide program with a public SPD page, plus the Governor's Long Term Employee Reception recognizing 35+ years of service in five-year increments since 2005. Indiana remains COULDNT_CHECK on I1 only because no statute text could be opened."
"Iowa","IA","I3","Is there a named statewide employee award program with a public web page?","20","NO","0","https://das.iowa.gov/state-policies","Iowa DAS - State Employee Handbook and Policies (no named award program)","OFFICIAL","UNDATED","2026-07-31","No named statewide employee award program appears in DAS policies or programs","1","Searched DAS and the Governor's office. Iowa's governor-level award programs are the Environmental Excellence Awards, Volunteer Awards and Sullivan Brothers/Lifesaving Awards - none is a general state-employee award. The statutory suggestion system (Iowa Code 8A.110) has no program identity or public program page. Iowa is now NO on both I2 and I3 despite a strong I1 statute."
"Kansas","KS","I3","Is there a named statewide employee award program with a public web page?","20","YES","20","https://admin.ks.gov/offices/personnel-services/policy--programs/award-and-recognition","State of Kansas Employee Award and Recognition Program - Department of Administration","OFFICIAL","UNDATED","2026-07-31","""The program provides an employee award and recognition system authorized by K.S.A. 75-37,105""","4","Named statewide program with its own page and downloadable program overview and policy, plus a separate Employee Suggestion Program page. Award categories include Distinguished Accomplishment, Meritorious Service and Innovation; $3,500 annual cap per employee."
"Kentucky","KY","I3","Is there a named statewide employee award program with a public web page?","20","YES","20","https://extranet.personnel.ky.gov/Pages/Rewards.aspx","Kentucky Employee Suggestion System (KESS) - Personnel Cabinet","OFFICIAL","UNDATED","2026-07-31","""the Kentucky Employee Suggestion System (KESS) provides monetary incentives to those who share ideas""","4","Named statewide program with a public Personnel Cabinet page; cash awards $100-$2,500, submitted through KHRIS ESS. Kentucky also runs Employee Recognition Award lump sums and ACE awards."
"Louisiana","LA","I3","Is there a named statewide employee award program with a public web page?","20","NO","0","https://www.civilservice.louisiana.gov/StateEmployees/Dunbar/default.aspx","Charles E. Dunbar, Jr. Career Civil Service Award - conferred by the Louisiana Civil Service League (private)","OFFICIAL","UNDATED","2026-07-31","""The highest honor classified state employees can receive"" - but conferred by the Louisiana Civil Service League, a private non-profit","1","WRONG-ISSUER TRAP CAUGHT. The Dunbar Award is the obvious candidate and State Civil Service hosts a page about it, but the page states the award is conferred by the Louisiana Civil Service League, a private non-profit, and is open to local and municipal as well as state employees. Both facts fail the scope traps. Louisiana's state-run instruments are Civil Service Rule 6.16.1 and DOA Policy 33 (scored for I1/I2), which authorize agency programs rather than constituting a named statewide award program."
"Maine","ME","I3","Is there a named statewide employee award program with a public web page?","20","YES","20","https://www.maine.gov/bhr/state-employees/employee-suggestion-program","Employee Suggestion Awards Program - Bureau of Human Resources","OFFICIAL","UNDATED","2026-07-31","""The Employee Suggestion Awards Program is designed to improve Maine State Government by identifying ways to improve operations""","4","Named statewide program with a public BHR page setting out six process phases and an Employee Suggestion Award Program Review Board. Backed by 5 M.R.S. 651."
"Maryland","MD","I3","Is there a named statewide employee award program with a public web page?","20","COULDNT_CHECK","0","NONE","NONE","NONE","UNDATED","2026-07-31","MISSING","1","No named statewide program could be identified or opened. Searches of DBM surfaced only budget and about-page language treating recognition as workplace culture, plus a Maryland Open Data dataset titled Recognition Given to Employees. COMAR 17.04.10 Training and Awards remains unreadable across all three indicators (regs.maryland.gov 404, mdrules.elaws.us 503, justia 403). Maryland is COULDNT_CHECK on I1, I2 and I3."
"Massachusetts","MA","I3","Is there a named statewide employee award program with a public web page?","20","COULDNT_CHECK","0","NONE","NONE","NONE","UNDATED","2026-07-31","MISSING","1","Massachusetts plainly has a named statewide program - the Commonwealth Employee Performance Recognition Program (PRP), run by HRD, whose major awards are the Manuel Carballo Governor's Award for Excellence in Public Service, the Governor Paul Cellucci Award for Leadership and Mentoring, and the Eugene H. Rooney Jr. Public Service Award - but every mass.gov URL attempted across I2 and I3 returned HTTP 403, five paths in total. Named and well attested in search text; never read."
"Michigan","MI","I3","Is there a named statewide employee award program with a public web page?","20","COULDNT_CHECK","0","NONE","NONE","NONE","UNDATED","2026-07-31","MISSING","1","Every michigan.gov and scprod.michigan.gov URL attempted across all three indicators returned HTTP 403 - civil service rules, regulations, employee benefits pages and the Employee Service Program. No named statewide award program could be confirmed. Michigan is COULDNT_CHECK on I1, I2 and I3 for a single reason: total domain refusal."
"Minnesota","MN","I3","Is there a named statewide employee award program with a public web page?","20","NO","0","https://mn.gov/mmb/employee-relations/laws-policies-and-rules/statewide-hr-policies/","Minnesota MMB - Statewide HR policies (no named statewide award program)","OFFICIAL","UNDATED","2026-07-31","No named statewide employee award program identified at MMB or the Governor's office","1","Searched MMB, the Governor's office and Secretary of State proclamations. What exists is HR/LR Policy 1420 Employee Recognition and Achievement Awards (a policy, blocked from reading) and agency-level programs such as MnDOT's Achievement Award and Above and Beyond Program and DOC policy 103.0195 - agency-specific, so rejected by the scope trap. The Governor's Safety Award is run by the Minnesota Safety Council and honors employers, not state employees. Minnesota also repealed its gainsharing statute in 2025 (I1 NO)."
"Mississippi","MS","I3","Is there a named statewide employee award program with a public web page?","20","YES","20","https://www.mspb.ms.gov/state-agency-resources/employee-awards","Excellence in Government Awards and Longevity Service Awards - State Personnel Board","OFFICIAL","UNDATED","2026-07-31","""Employees with 10, 20, or 30 years may be recognized with a certificate and service pin""","4","Two named statewide programs on the State Personnel Board's page, with an annual nomination cycle closing September 1 and rules at 27 Miss. Admin. Code 110 Ch. 7.6. Scope re-checked at I1: awards reach individual employees, not only governmental entities."
"Missouri","MO","I3","Is there a named statewide employee award program with a public web page?","20","YES","20","https://training.oa.mo.gov/erp/","Governor's Award for Quality and Productivity (GAQP) - Governor's Advisory Council on Quality and Productivity","OFFICIAL","1988","2026-07-31","""The GAQP is a team award recognizing service excellence, efficiency, innovation, process improvement, and employee ingenuity within Missouri state government""","1","Named statewide program established 1988, administered by the Governor's Advisory Council on Quality and Productivity through the Office of Administration's Division of Personnel, with three categories: Customer Service, Efficiency/Process Improvement and Innovation. Missouri also runs the Show Me Challenge, a statewide employee idea competition."
"Montana","MT","I3","Is there a named statewide employee award program with a public web page?","20","YES","20","https://doa.mt.gov/SHRD/gov-awards","Governor's Awards for Excellence in Performance - State Human Resources Division","OFFICIAL","UNDATED","2026-07-31","""the Governor's Awards for Excellence in Performance is a statewide program to honor and recognize the exceptional accomplishments of outstanding state employees""","4","Named statewide program running since 1990 with a public SHRD page, nomination criteria and a June deadline; 2025 recognized 259 employees plus 4 Governor's Outstanding Service Award recipients. Directly contradicts the audit-era finding that Montana had the weakest recognition infrastructure in the country at D5 19.0."
"Nebraska","NE","I3","Is there a named statewide employee award program with a public web page?","20","YES","20","https://das.nebraska.gov/personnel/suggestion.html","State of Nebraska Suggestion System - DAS State Personnel","OFFICIAL","UNDATED","2026-07-31","""an award of up to 10% of the first year's dollar cost savings or benefits resulting from the adoption of your suggestion. The maximum award amount is $6,000""","4","Named statewide program with a public DAS page. IMPORTANT TENSION with I1: the enabling statutes (Neb. Rev. Stat. 81-1346 and 81-1352) were repealed by Laws 2026 LB1048, which also eliminated the Suggestion Award Board, yet the program page remains published with award amounts. Either the page is stale or the program survives administratively - worth a direct check with DAS before publishing."
"Nevada","NV","I3","Is there a named statewide employee award program with a public web page?","20","YES","20","https://hr.nv.gov/Boards/MeritAward/Merit_Award_Board/","Merit Award Program / Good Government, Great Employees Award - Division of Human Resource Management","OFFICIAL","1967","2026-07-31","""The program was created in 1967 to reward people for money-saving ideas and to recognize efforts and contributions""","4","Named statewide program dating to 1967 with a public DHRM page and a published suggestion matrix, governed by NRS Chapter 285 - an entire statutory chapter titled Awards to State Employees - and funded through a dedicated Merit Award Account."
"New Hampshire","NH","I3","Is there a named statewide employee award program with a public web page?","20","COULDNT_CHECK","0","NONE","NONE","NONE","UNDATED","2026-07-31","MISSING","4","New Hampshire has a named statewide program - the State Employee Suggestion and Extraordinary Service Award (SESA), funded at $10,000 a year in the Governor's Office, with departmental award evaluation committees and final determination by the Governor and Executive Council - but das.nh.gov/hr/employee-suggestion.aspx returned HTTP 403 on both I2 and I3 attempts. Named and well attested; never read."
"New Jersey","NJ","I3","Is there a named statewide employee award program with a public web page?","20","YES","20","https://www.insidernj.com/press-release/state-new-jersey-recognizes-public-employee-awardees/","State Employee Recognition Day Governor's Awards - NJ Civil Service Commission","NEWS","UNDATED","2026-07-31","""Excellence in public service can take many forms and public engagement is essential to building community and stimulating real change""","1","Named statewide program run by the Civil Service Commission with five award categories: Innovation and Efficiency, Leadership/Professional Achievement, NJ Award of Heroism, Governor's Team of Excellence Award and Community Service Award, presented at an annual ceremony at the Patriots Theater. Scored from a published state press release carried verbatim by a news outlet because nj.gov/csc's own recognition page returned HTTP 404 and its ceremony PDFs returned undecodable binary. NEWS earns full points under the spec."
"New Mexico","NM","I3","Is there a named statewide employee award program with a public web page?","20","NO","0","https://www.spo.state.nm.us/sonm-employees/","New Mexico State Personnel Office - SoNM Employees (no named award program)","OFFICIAL","UNDATED","2026-07-31","No named statewide employee award program appears at SPO or the Governor's office","1","Searched SPO and the Governor's office. New Mexico's Governor's Awards for Excellence are in the ARTS, administered by Cultural Affairs - wrong population. The state's employee-award instrument is 1.7.4.18 NMAC Government Cost Savings Incentive Awards (scored for I1 and, after the rule change, I2), which authorizes agency cash awards with board approval but has no program identity or program page."
"New York","NY","I3","Is there a named statewide employee award program with a public web page?","20","YES","20","https://www.cs.ny.gov/esp/","Employee Suggestion Program - Department of Civil Service","OFFICIAL","UNDATED","2026-07-31","""Since 1946, the Employee Suggestion Program has adopted over 10,000 suggestions and recognized almost 12,000 employees and retirees""","4","Named statewide program with its own public site since 1946, open to employees and retirees, award amounts set by the Civil Service Commission under 4 NYCRR Part 61 with a Certificate of Merit for adopted suggestions."
"North Carolina","NC","I3","Is there a named statewide employee award program with a public web page?","20","YES","20","https://oshr.nc.gov/state-employee-resources/benefits/employee-recognition/service-awards","Excellence in Service - NC Office of State Human Resources","OFFICIAL","UNDATED","2026-07-31","""Service awards recognize state employees' total state service beginning with the completion of the probationary period, at five years and then in increments of five years through retirement""","4","Named statewide program administered by OSHR in partnership with Correction Enterprises and the Museum of History. OSHR also runs the Governor's Awards for Excellence. North Carolina is YES on all three indicators, in direct contradiction of the audit-era D5 record that assumed zero recognition events."
"North Dakota","ND","I3","Is there a named statewide employee award program with a public web page?","20","COULDNT_CHECK","0","NONE","NONE","NONE","UNDATED","2026-07-31","MISSING","1","A named candidate was located - the Governor's Awards for Excellence in Public Service, hosted by the North Dakota Council of State Employees, a state body - but the host does not resolve: both cose.nd.gov and www.cose.nd.gov returned DNS failure (ENOTFOUND). omb.nd.gov, the central HR site, returned HTTP 403 as it did for I2. North Dakota is COULDNT_CHECK on all three indicators."
"Ohio","OH","I3","Is there a named statewide employee award program with a public web page?","20","COULDNT_CHECK","0","NONE","NONE","NONE","UNDATED","2026-07-31","MISSING","1","das.ohio.gov/Divisions/Administrative-Support/Governors-award-for-employee-excellence appears in search listings as a live DAS page for the Governor's Award for Employee Excellence, but returned HTTP 404 on two direct fetches. No other state page for a named employee award program could be found - Ohio's other Governor's Awards are for the arts and for inclusive employers. Ohio has strong I1 and I2 results (ORC 124.17 and OAC 123:1-27-04); only the program page is unverified."
"Oklahoma","OK","I3","Is there a named statewide employee award program with a public web page?","20","NO","0","https://oklahoma.gov/omes/about-omes/awards.html","OMES Employee Recognition Program - agency-specific","OFFICIAL","UNDATED","2026-07-31","Award categories are described as recognizing ""significant impact on OMES"", with a Director's Award of Excellence at the agency director's discretion","1","AGENCY-SCOPE TRAP CAUGHT. OMES publishes a detailed Employee Recognition Program with six categories including Team Excellence, Customer Commitment, Innovation, Manager of the Year and Division Employee of the Year - but it recognizes OMES's own staff, making it an agency program, which I3 rejects. The statewide instrument is policy OMES-024 Employee Performance Recognition Awards plus OAC 260:25-23-3, which authorize each agency to run its own program rather than establishing one named statewide program."
"Oregon","OR","I3","Is there a named statewide employee award program with a public web page?","20","YES","20","https://www.oregon.gov/das/hr/pages/serd.aspx","Ambassadors of Public Service / State Employee Recognition Day - DAS Chief Human Resources Office","OFFICIAL","UNDATED","2026-07-31","""Every year we celebrate Public Service Recognition Week ... taking the opportunity to thank public employees for their service""","4","Named statewide program with public Ambassador rosters published annually since 2017, run by the Chief Human Resources Office. Oregon also has ORS 182.320 establishing an Employee Suggestion Awards Commission (I1 YES)."
"Pennsylvania","PA","I3","Is there a named statewide employee award program with a public web page?","20","YES","20","https://www.pa.gov/agencies/oa/gae","Governor's Awards for Excellence - Office of Administration","OFFICIAL","UNDATED","2026-07-31","""The Governor's Awards for Excellence is a prestigious and competitive program that recognizes Commonwealth employees for exemplary job performance""","1","Named statewide program with a public Office of Administration page. Notable: Pennsylvania is COULDNT_CHECK on I1 and I2 because Management Directive 505.23 is unreadable in every copy, yet its program page opens cleanly on the first attempt - the indicators are measuring genuinely different artifacts."
"Rhode Island","RI","I3","Is there a named statewide employee award program with a public web page?","20","NO","0","https://hr.ri.gov/about/programs/","Rhode Island Division of Human Resources - programs (no named award program page)","OFFICIAL","UNDATED","2026-07-31","Talent Management is described as administering a ""Career Awards Program"" but no program page or description is published","1","The Division of Human Resources names a Career Awards Program in a one-line list of Talent Management functions, alongside the Savings Bond Program and Charitable Campaigns, but publishes no page describing it - no eligibility, categories, cycle or nomination process. A name in a functional list is not a program page. Rhode Island's substantive instrument is the statutory pay incentive at R.I. Gen. Laws 36-4-62 (I1 YES)."
"South Carolina","SC","I3","Is there a named statewide employee award program with a public web page?","20","NO","0","https://www.admin.sc.gov/services/state-human-resources/talent-management/employee-reward-recognition","SC Department of Administration - Employee Reward and Recognition (no named statewide program)","OFFICIAL","UNDATED","2026-07-31","""Each agency can develop recognition programs that meet its needs""; agencies administer the state service pin awards","4","The Division of State Human Resources explicitly devolves recognition to agencies and offers assistance to those building their own programs. The only statewide element is the state service pin awards, which agencies administer and which carry no program name, no nomination process and no public program page. Guidance exists (I2 YES) but no named statewide award program."
"South Dakota","SD","I3","Is there a named statewide employee award program with a public web page?","20","COULDNT_CHECK","0","NONE","NONE","NONE","UNDATED","2026-07-31","MISSING","4","South Dakota has a named statewide program - the Governor's Awards of Excellence, with 2025 categories of Civility, Safety, Leadership and Innovation, designed to connect the governor directly with executive-branch employees - but bhr.sd.gov/gov-awards 302-redirects to sd.gov/bhra, which returned only navigation and loading elements on three attempts including the knowledge-base article URL. The site renders client-side. Named and well attested; never read."
"Tennessee","TN","I3","Is there a named statewide employee award program with a public web page?","20","YES","20","https://www.tn.gov/hr/employees.html","Employee Suggestion Award Program - Department of Human Resources","OFFICIAL","UNDATED","2026-07-31","Lists ""Employee Suggestion Award Program"" among services for state employees","4","Named statewide program with a public DOHR page, an ESAP board meeting quarterly under DOHR rules 1120-09, and statutory backing at Tenn. Code Ann. 4-27-101, which extends eligibility to retired state employees as well."
"Texas","TX","I3","Is there a named statewide employee award program with a public web page?","20","COULDNT_CHECK","0","NONE","NONE","NONE","UNDATED","2026-07-31","MISSING","1","Texas has a named statewide program - the State Employee Incentive Program (SEIP), which has generated over $7.5 million in certified savings since fiscal 1990 and pays up to $5,000 per suggestion - but no live state page could be opened. Search returned only a 1998 Sunset Advisory Commission report and a Texas A and M University-Commerce copy of SEIP materials, and a university page about a state program fails the wrong-issuer trap. gov.texas.gov surfaced only business and economic-development incentive pages."
"Utah","UT","I3","Is there a named statewide employee award program with a public web page?","20","YES","20","https://governor.utah.gov/press/gov-spencer-cox-presents-governors-award-for-excellence-to-state-employees/","Governor's Award for Excellence - Office of the Governor","OFFICIAL","2007","2026-07-31","""The awards are an annual event designed to recognize the contributions of state employees in the categories of innovation and efficiency, energy and environment, heroism, leadership and outstanding public service""","1","Named statewide program created in 2007, open to any executive-branch employee or team by nomination. Scored from the Governor's own site; the DHRM nomination-criteria page (dhrm.utah.gov/uncategorized/gafe-nomination-criteria) returned HTTP 404."
"Vermont","VT","I3","Is there a named statewide employee award program with a public web page?","20","COULDNT_CHECK","0","NONE","NONE","NONE","UNDATED","2026-07-31","MISSING","4","Vermont has a named statewide program - the State of Vermont Public Service Recognition Awards, in which employees nominate peers who contribute to excellence in state government - but aoa.vermont.gov and every humanresources.vermont.gov URL returned HTTP 403 across I2 and I3, six paths in total. Vermont is COULDNT_CHECK on all three indicators for the same host-level block."
"Virginia","VA","I3","Is there a named statewide employee award program with a public web page?","20","YES","20","https://www.dhrm.virginia.gov/hr-partners/employee-service-and-recognition","Service Recognition Program - Department of Human Resource Management","OFFICIAL","UNDATED","2026-07-31","""The agencies of the Commonwealth carry out programs to celebrate milestones in their employees' length of service""","4","Named statewide service recognition program administered by DHRM through a single statewide vendor. Virginia also runs the Annual Governor's Honor Awards - award categories, an agency points-of-contact roster and a DHRMHonorAwards mailbox all appear in DHRM materials - but every direct URL for that program returned HTTP 404, so the Service Recognition Program is the artifact actually read."
"Washington","WA","I3","Is there a named statewide employee award program with a public web page?","20","COULDNT_CHECK","0","NONE","NONE","NONE","UNDATED","2026-07-31","MISSING","1","Washington has a named statewide program - the Productivity Board employee suggestion and teamwork incentive programs, paying up to 10 percent of first-year savings capped at $10,000 - but all four sos.wa.gov Productivity Board pages returned HTTP 403 across I2 and I3. WAC 383-06 was opened and scored for I2, but a rule chapter is not the program's public web page, which is what I3 asks for. Named and statutory; the program page was never read."
"Washington DC","DC","I3","Is there a named statewide employee award program with a public web page?","20","COULDNT_CHECK","0","NONE","NONE","NONE","UNDATED","2026-07-31","MISSING","1","No named District-wide employee award program could be identified or opened. DCHR's incentive-awards material lives in District Personnel Manual Chapter 19, where each agency determines its own awards - closer to an agency-by-agency framework than a single named program - and edpm.dc.gov returned HTTP 520 on three attempts, dcrules.elaws.us HTTP 503 twice, and the DCHR issuance PDF undecodable binary. DC is COULDNT_CHECK on all three indicators."
"West Virginia","WV","I3","Is there a named statewide employee award program with a public web page?","20","NO","0","http://www.wvlegislature.gov/Joint/EMPSUG/esab.cfm","West Virginia Employee Suggestion Award Board - dormant","OFFICIAL","2021","2026-07-31","Board page shows no meeting later than September 2021 and cites no authority","1","Confirmed dormant rather than assumed. The named program - the West Virginia Public Employee Suggestion Program under the Employee Suggestion Award Board - exists in rule (CSR 147-01, effective 2009) but its enabling statute W. Va. Code 5A-1A-1 was repealed in 2025 by SB738, the board's own legislative page shows no activity since September 2021, and the Division of Personnel publishes no recognition program. A dormant board with a repealed statute is not a live named program with a public program page. West Virginia is NO on all three indicators - the only state in that position."
"Wisconsin","WI","I3","Is there a named statewide employee award program with a public web page?","20","YES","20","http://dpm.wi.gov/Pages/HR_Admin/VirginiaHartAwards_AboutAward.aspx","Virginia Hart Special Recognition Award - Division of Personnel Management","OFFICIAL","UNDATED","2026-07-31","""The award seeks to recognize individual's who share the following qualities: esteem from peers; acceptance of responsibility beyond the limits of the nominee's job description""","4","Named statewide award running annually since 1984, administered by the State Council on Affirmative Action within DPM, open to all individuals employed in state government with nominations from anyone. Wisconsin also has the statutory Employee Suggestion Program under Wis. Stat. 230.48 (I1 YES)."
"Wyoming","WY","I3","Is there a named statewide employee award program with a public web page?","20","COULDNT_CHECK","0","NONE","NONE","NONE","UNDATED","2026-07-31","MISSING","1","A named program exists - the Suggestion Award Program under a Suggestion Award Board, open to active and retired executive-branch employees with monetary and nonmonetary awards under W.S. 9-2-1034 - and it is codified as Wyoming Administrative Code agency 006 sub-agency 0005, but no text could be opened: regulations.justia.com HTTP 403, law.cornell.edu served a directory index, and rules.wyo.gov is JavaScript-gated. Personnel Rules Chapter 10 Service and Recognition Awards is likewise listed by title only. Same blockage that left Wyoming COULDNT_CHECK on I2."
"Alabama","AL","I4","Is there a published honoree list OR a documented ceremony/award cycle in the last 3 years?","20","NO","0","NONE","NONE","NONE","UNDATED","2026-07-31","MISSING","1","Searched Alabama Personnel Department, the Employees' Suggestion Incentive Program (ESIP) materials and governor.alabama.gov. The ESIP guide and form (personnel.alabama.gov/Downloads/ESIPGuide.pdf, ESIPForm.pdf) describe the program but publish no recipients, no cycle dates and no counts. The State Personnel Board minutes PDF (personnel.alabama.gov/LegalNotices/BdMin.pdf) returned undecodable binary and no HTML version exists. The only 2023+ artifact found was the governor's State Employee Recognition Week proclamation, which is I5 evidence, not an honoree list, ceremony or award cycle. No qualifying 2023+ document found."
"Alaska","AK","I4","Is there a published honoree list OR a documented ceremony/award cycle in the last 3 years?","20","YES","20","https://gov.alaska.gov/governor-dunleavy-announces-denali-peak-performance-award-winners/","Governor Dunleavy Announces Denali Peak Performance Award Winners","OFFICIAL","2023-09-08","2026-07-31","Named winners in eight categories: Monroe Mize, Michael Sutton, Jeremy Douse, Mia Kirk and teams","3","Full honoree list for the 2023 Governor's Denali Peak Performance Awards, published on the Governor's own site and dated 2023-09-08, inside the recency floor. Corroborated by doa.alaska.gov/dop/denaliawards/announcement/, which confirms the 2023 nomination cycle ran and closed. All recipients are State of Alaska career employees, so no population trap."
"Arizona","AZ","I4","Is there a published honoree list OR a documented ceremony/award cycle in the last 3 years?","20","COULDNT_CHECK","0","NONE","NONE","NONE","UNDATED","2026-07-31","MISSING","1","Arizona appears to have held a First Annual Governor's Excellence in Government Awards recognizing state employees and agencies, but every candidate state page refused retrieval: des.az.gov/featured-story/des-recognized-multiple-programs-gov-hobbs-excellence-government-awards HTTP 403, aset.az.gov/about/awards-and-accolades HTTP 403, and hr.az.gov and doa.az.gov already returned HTTP 403 across I1-I3. No document was opened, so no point can be awarded and no NO can be recorded. Blocked by HTTP 403 on all az.gov hosts."
"Arkansas","AR","I4","Is there a published honoree list OR a documented ceremony/award cycle in the last 3 years?","20","NO","0","NONE","NONE","NONE","UNDATED","2026-07-31","MISSING","1","Searched arkansas.gov, governor.arkansas.gov, the Department of Transformation and Shared Services and the general web for an Arkansas state employee honoree list, ceremony or award cycle dated 2023+. Found only awards failing the population or issuer test: the Governor's Quality Award (31st annual, 2025-10-16) honors organizations including private employers through the Arkansas Institute for Performance Excellence; the Governor's Arts Awards honor artists; the Arkansas District Export Council award is a private body. The only state-employee item located was a pay-increase announcement, which is compensation and not recognition. No qualifying document found."
"California","CA","I4","Is there a published honoree list OR a documented ceremony/award cycle in the last 3 years?","20","YES","20","http://www.gov.ca.gov/2025/06/20/governor-newsom-honors-public-servants-for-their-heroism/","Governor Newsom honors public servants for their heroism","OFFICIAL","2025-06-20","2026-07-31","11 public servants received the Governor's State Employee Medal of Valor","1","Full honoree list for the 2025 Governor's State Employee Medal of Valor, an award under CalHR's statutory Merit Award Program, naming eleven career state employees from CDCR, CHP, CDPH and Caltrans. Ceremony hosted by CalHR at CHP headquarters on 2025-06-20, inside the recency floor. Two Public Safety Officer Medal of Valor recipients named on the same page were not counted toward this indicator."
"Colorado","CO","I4","Is there a published honoree list OR a documented ceremony/award cycle in the last 3 years?","20","YES","20","https://www.legistorm.com/stormfeed/view_rss/4596352/organization/98666/title/governor-polis-announces-tom-clements-better-government-award-winners.html","Governor Polis Announces Tom Clements Better Government Award Winners (Colorado Governor's Office press release)","NEWS","2024-05-07","2026-07-31","Polis announced the Tom Clements Award winners, recognizing hardworking state employees","3","Every first-party Colorado Governor's Office URL refused retrieval - colorado.gov/governor/news/7591-, /9666- and governorsoffice.colorado.gov/news/...-0 all HTTP 403, cdhs.colorado.gov HTTP 403, westernslopenow.com HTTP 403. Scored from a verbatim republication of the Governor's Office press release, dated 2024-05-07, which explicitly states the award winners were announced. Recipients are career state employees, satisfying the population test. Marked NEWS rather than OFFICIAL because the host is a third-party aggregator, not a state domain; a later 2025-10-22 cycle also exists but could not be opened."
"Connecticut","CT","I4","Is there a published honoree list OR a documented ceremony/award cycle in the last 3 years?","20","YES","20","https://portal.ct.gov/mac/mac-organizational-information/managers-day/2024-distinguished-managerial-service-award","2024 Distinguished Managerial Service Award","OFFICIAL","2024-10-11","2026-07-31","Three named 2024 recipients: Chris Drake, Brian Sexton, Raffaella Calciano","4","Published honoree list on the state's own Management Advisory Council pages, dated 2024-10-11 at State Managers Day, inside the recency floor. This supersedes the 2020 recipients page found earlier. All three recipients are career state managers at the Secretary of the State, DSS and DPH. The 2025 GreenerGov CT awards ceremony was reviewed and set aside because it honors agencies for sustainability performance rather than employees for service."
"Delaware","DE","I4","Is there a published honoree list OR a documented ceremony/award cycle in the last 3 years?","20","YES","20","https://news.delaware.gov/2025/05/05/governor-matt-meyer-recognizes-state-of-delaware-employees-in-public-service-recognition-week-ceremony/","Governor Matt Meyer Recognizes State of Delaware Employees in Public Service Recognition Week Ceremony","OFFICIAL","2025-05-05","2026-07-31","Governor Meyer hosted the annual Governor's Awards Ceremony honoring Delaware state employees","1","Documented ceremony plus honoree list: six individuals and nine teams recognized on 2025-05-05 across the Delaware Award for Excellence and Commitment in State Service, Governor's Team Excellence Awards, GEAR P3 Trailblazer Award and Delaware Award for Heroism. Official state news domain. A 2026-05-05 successor ceremony release also exists. Note dhr.delaware.gov/training/award/excellence/index.shtml returned HTTP 404, so the DHR recipients page was not usable."
"Florida","FL","I4","Is there a published honoree list OR a documented ceremony/award cycle in the last 3 years?","20","NO","0","NONE","NONE","NONE","UNDATED","2026-07-31","MISSING","1","Florida's statewide employee recognition vehicle is the Prudential Productivity Awards, but the program is run by Florida TaxWatch, a private non-profit, which fails the wrong-issuer test, and the honoree pages located were university-issued (hr.ufl.edu, news.fsu.edu, ucf.edu), which fails it as well. Searched for a state-issued equivalent: dms.myflorida.com renders via JavaScript and returned navigation only across I1-I3, and the only state-agency honoree document opened was a Florida DEP govdelivery bulletin confirming a Tallahassee awards ceremony but dated 2015-03-13, well below the 2023 recency floor. No qualifying state-issued 2023+ document found."
"Georgia","GA","I4","Is there a published honoree list OR a documented ceremony/award cycle in the last 3 years?","20","NO","0","NONE","NONE","NONE","UNDATED","2026-07-31","MISSING","4","Opened team.georgia.gov/service-awards/ (Faithful Service Awards): it states roughly 13,000 employees are recognized annually but is entirely undated, with no year, no cycle dates and no year-specific count, so it cannot satisfy a recency floor. Opened doas.ga.gov/human-resources-administration/state-employee-recognition-week-2025 and team.georgia.gov/all-news/2024-state-employee-recognition-week: both are observance proclamations and agency celebration suggestions, explicitly describing no formal awards program or ceremony - that is I5/I6 material. Opened team.georgia.gov/all-news/state-georgias-annual-workforce-report: no award counts by fiscal year. Agency-level ceremonies exist (Dept. of Community Supervision, 2025-10-21) but are not the statewide program. No dated statewide honoree list, ceremony or cycle found."
"Hawaii","HI","I4","Is there a published honoree list OR a documented ceremony/award cycle in the last 3 years?","20","YES","20","https://governor.hawaii.gov/main/governors-awards-recognize-outstanding-state-employees-and-teams/","Governor's Awards Recognize Outstanding State Employees and Teams","OFFICIAL","2024-10-01","2026-07-31","Named 2024 Employee, Manager and Team of the Year; ceremony Sept 24 2024","4","Governor's office release opened and read; names 2024 State Employee of the Year Heidi Taogoshi, Manager Joanna Seto and a Team of the Year, all Executive Branch career state employees, from a Sept 24 2024 Capitol ceremony. DHRD Incentive and Service Awards program page itself carries no honoree list."
"Idaho","ID","I4","Is there a published honoree list OR a documented ceremony/award cycle in the last 3 years?","20","NO","0","NONE","NONE","NONE","UNDATED","2026-07-31","No honoree list or ceremony documentation located","4","Searched site:idaho.gov employee recognition award, dhr.idaho.gov, employee.idaho.gov and gov.idaho.gov; the only artifacts are a 2024 Employee Recognition Toolkit PDF (guidance for agencies, no honorees) and a 2024 Public Employee Recognition Week proclamation. Idaho Medal of Achievement is a civilian honor, wrong population. No named statewide employee award program exists, so no cycle results to publish."
"Illinois","IL","I4","Is there a published honoree list OR a documented ceremony/award cycle in the last 3 years?","20","NO","0","NONE","NONE","NONE","UNDATED","2026-07-31","Suggestion Award Board page lists no recipients or cycle results","4","Read gov.illinois.gov/sgsab.html (State Government Suggestion Award Board) in full: program rules and a suggestion form only, no recipients, no ceremony, no dated cycle. Searched illinois.gov news for state employee award ceremonies 2023-2025; Order of Lincoln honors private citizens for professional achievement (wrong population) and the Law Enforcement Medal of Honor mixes municipal and county officers (wrong population), so neither qualifies."
"Indiana","IN","I4","Is there a published honoree list OR a documented ceremony/award cycle in the last 3 years?","20","YES","20","https://www.in.gov/idoc/staff-portal/home/2024-governors-public-service-achievement-awards/","IDOC Staff Portal: 2024 Governor's Public Service Achievement Awards","OFFICIAL","2024","2026-07-31","Photo gallery documenting the 2024 Governor's Public Service Achievement Awards ceremony","1","State-run in.gov page documenting the 2024 edition of the statewide Governor's Public Service Achievement Awards for State of Indiana employees, with roughly 40 ceremony photographs. Program is administered by the State Personnel Department and recognizes career state employees and teams."
"Iowa","IA","I4","Is there a published honoree list OR a documented ceremony/award cycle in the last 3 years?","20","NO","0","NONE","NONE","NONE","UNDATED","2026-07-31","No state employee award ceremony or honoree list found","4","Searched iowa.gov and DAS for a state employee recognition ceremony or honoree list 2023-2025. Everything located fails the population test: Governor's Volunteer Awards (volunteers), Governor's Arts Awards (artists and private citizens), and Sullivan Brothers/Governor's Lifesaving Awards (mixed local and municipal responders). No named statewide career-employee award program exists in Iowa, consistent with the I3 finding."
"Kansas","KS","I4","Is there a published honoree list OR a documented ceremony/award cycle in the last 3 years?","20","YES","20","https://www.wibw.com/2024/04/22/state-employees-recognized-kansas-capitol-40-50-years-service/","State employees recognized at Kansas Capitol for 40 and 50 years of service","NEWS","2024-04-22","2026-07-31","Governor Kelly hosted Capitol ceremony honoring 40- and 50-year state employees","4","The Kansas Department of Administration's own announcement page rendered only navigation and cookie chrome, so the ceremony is scored from a news report that explicitly states the event was held: Governor Kelly and Administration Secretary Adam Proffitt hosted a Capitol ceremony on April 22 2024 honoring career state employees with 40 and 50 years of service, each receiving a certificate. Population is career state employees; issuer of the event is the state."
"Kentucky","KY","I4","Is there a published honoree list OR a documented ceremony/award cycle in the last 3 years?","20","YES","20","https://www.kentucky.gov/Pages/Activity-stream.aspx?n=GovernorBeshear&prId=2203","Gov. Beshear Presents 2024 Governor's Ambassador Awards","OFFICIAL","2024-06-04","2026-07-31","Six state employees and one team honored in Capitol Rotunda; 110+ nominations","1","Official kentucky.gov release read in full: a June 4 2024 Capitol Rotunda ceremony naming six career state employees (Carder, Keaton, Campbell, Dunn, Queen, Turner) plus KSP Post 13 as Team award winner, from more than 110 nominations administered by the Personnel Cabinet. This is a published honoree list and a documented cycle. KESS itself publishes no recipient list."
"Louisiana","LA","I4","Is there a published honoree list OR a documented ceremony/award cycle in the last 3 years?","20","NO","0","NONE","NONE","NONE","UNDATED","2026-07-31","No statewide honoree list or ceremony found","4","Searched Louisiana State Civil Service and the Governor's office for a statewide ceremony or honoree list; the Employee Spotlight page was read and carries only 2018-2021 features with no award cycle, and the only Governor's artifact is a State Employee Recognition Week proclamation. The Dunbar Award was rejected as instructed (private Louisiana Civil Service League issuer, municipal employees included). An agency-level ceremony WAS found - the Louisiana State Police annual awards and promotions ceremony dated 2025-05-13 at lsp.org, naming Trooper of the Year Tyler Evans and others - but it is rejected as sub-statewide, consistent with the Georgia DOC rejection in the prior batch."
"Maine","ME","I4","Is there a published honoree list OR a documented ceremony/award cycle in the last 3 years?","20","NO","0","NONE","NONE","NONE","UNDATED","2026-07-31","Statewide Employee Suggestion Awards Program publishes no recipients or cycle results","4","Read the Bureau of Human Resources Employee Suggestion Program page in full: eligibility rules and processing deadlines only, no recipients, no ceremony, no dated cycle. Searched the Governor's office newsroom and proclamations; its Governor's Awards go to businesses (Business Excellence) and volunteers (Volunteer Maine Service Awards), both wrong population. An agency-level ceremony WAS found - the Maine Judicial Branch employee recognition and longevity awards luncheon dated 2025-07-16 at courts.maine.gov, naming recipients in six categories - but it is rejected as sub-statewide, covering only Judicial Branch staff."
"Maryland","MD","I4","Is there a published honoree list OR a documented ceremony/award cycle in the last 3 years?","20","NO","0","NONE","NONE","NONE","UNDATED","2026-07-31","No statewide honoree list or ceremony found at DBM or the Governor's newsroom","4","Searched dbm.maryland.gov and the Governor Moore newsroom for a statewide employee award ceremony or honoree list dated 2023 or later; the only relevant artifact is a State Employee Recognition Day proclamation, which is an I5 artifact and not a ceremony or honoree list, and COMAR 17.04.10 remained unreadable. Governor's Service Awards go to volunteers, wrong population. An agency-level ceremony WAS found - the Maryland State Police ceremony dated 2025-04-16 at news.maryland.gov with 142 recipients - but it is rejected as sub-statewide and it also included allied non-state responders."
"Massachusetts","MA","I4","Is there a published honoree list OR a documented ceremony/award cycle in the last 3 years?","20","COULDNT_CHECK","0","https://www.mass.gov/info-details/2025-commonwealth-employee-performance-recognition-program-prp-recap","2025 Commonwealth Employee Performance Recognition Program (PRP) Recap","NONE","2025","2026-07-31","MISSING","1","Every mass.gov URL attempted returned HTTP 403 Forbidden (2025 PRP recap, 2024 recap, 41st ceremony photo gallery), and a targeted news search for the October 29 2025 ceremony surfaced no non-mass.gov outlet explicitly reporting it, so the artifact could not be opened and read."
"Michigan","MI","I4","Is there a published honoree list OR a documented ceremony/award cycle in the last 3 years?","20","NO","0","NONE","NONE","NONE","UNDATED","2026-07-31","MISSING","1","Searches for a Michigan statewide career-employee award ceremony returned only the Governor's Service Awards (2024 and 2025), which honor volunteers, businesses and nonprofits and fail the population scope trap, plus an agency-only Michigan State Police annual awards item; no statewide state-employee honoree list or award cycle was found."
"Minnesota","MN","I4","Is there a published honoree list OR a documented ceremony/award cycle in the last 3 years?","20","NO","0","NONE","NONE","NONE","UNDATED","2026-07-31","MISSING","1","Searches of mn.gov, MMB and the Governor's office found only agency-level recognition (MnDOT Achievement Award policy, DOC policy 103.0195, MNIT internal awards) and no statewide honoree list or dated statewide award ceremony for state employees."
"Mississippi","MS","I4","Is there a published honoree list OR a documented ceremony/award cycle in the last 3 years?","20","YES","20","https://www.mspb.ms.gov/news/mspb-calls-excellence-government-awards-nominations","MSPB Calls For Excellence In Government Awards Nominations","OFFICIAL","2024","2026-07-31","Lists prior recipients 2012-2024 including Willie McKercher (State 2024)","1","MSPB page dated 2025-08-04 opens the 2025 nomination cycle and publishes the honoree list through 2024, including state-employee recipient Willie McKercher of the Department of Environmental Quality; recency floor met on the 2024 honoree."
"Missouri","MO","I4","Is there a published honoree list OR a documented ceremony/award cycle in the last 3 years?","20","YES","20","https://training.oa.mo.gov/erp/","Governor's Award for Quality and Productivity - Employee Recognition Programs","OFFICIAL","2025","2026-07-31","2025 Winning Teams program plus 2025 award presentation ceremony gallery","4","Office of Administration page lists Award Presentation Programs by year through 2025 (2025-winners.pdf, 2024-winners.pdf) and ceremony photo galleries, documenting an annual award cycle for state employee teams well within the recency floor."
"Montana","MT","I4","Is there a published honoree list OR a documented ceremony/award cycle in the last 3 years?","20","YES","20","https://news.mt.gov/Governors-Office/Governor_Gianforte_Recognizes_State_Employees_with_Governors_Awards_for_Excellence_in_Performance","Governor Gianforte Recognizes State Employees with Governor's Awards for Excellence in Performance","OFFICIAL","2025-10-27","2026-07-31","259 state employees plus 4 Outstanding Service Award recipients recognized","1","Governor's office release dated 2025-10-27 documents the 34th annual ceremony in Helena and gives a count of 259 career state employees recognized, satisfying the count-based form of I4."
"Nebraska","NE","I4","Is there a published honoree list OR a documented ceremony/award cycle in the last 3 years?","20","YES","20","https://das.nebraska.gov/personnel/teammate/recognition.html","Nebraska DAS: Personnel Employee Recognition","OFFICIAL","2025","2026-07-31","2025 Excellence in State Service and Excellence in Leadership programs posted","4","DAS Personnel recognition page posts dated ceremony programs for Excellence in State Service and Excellence in Leadership for 2022 through 2025 (2025 program dated 10/23/2025) plus a 2026 schedule, documenting a continuing statewide award cycle for career state employees."
"Nevada","NV","I4","Is there a published honoree list OR a documented ceremony/award cycle in the last 3 years?","20","COULDNT_CHECK","0","https://hr.nv.gov/Boards/MeritAward/Merit_Award_Board","Merit Award Board - Nevada Division of Human Resource Management","NONE","2022-09","2026-07-31","MISSING","4","The only honoree-style artifact on the live Merit Award Board page is a Suggestion Log dated September 2022, which predates the floor; the November 4 2025 agenda PDF and the legislative budget account 1345 PDF both returned undecodable binary PDF content, so no 2023-or-later award grant could be read."
"New Hampshire","NH","I4","Is there a published honoree list OR a documented ceremony/award cycle in the last 3 years?","20","NO","0","NONE","NONE","NONE","UNDATED","2026-07-31","MISSING","1","Searches for a New Hampshire statewide employee award ceremony or honoree list returned only an agency-level NH State Police annual awards ceremony and unrelated private/county awards; das.nh.gov returns HTTP 403 but no statewide honoree list or dated award cycle appeared in any state source."
"New Jersey","NJ","I4","Is there a published honoree list OR a documented ceremony/award cycle in the last 3 years?","20","YES","20","https://www.nj.gov/defender/media/news/20250506_2025_SERD_Honorees.shtml","2025 State Employee Recognition Day Award Honorees","OFFICIAL","2025-05-07","2026-07-31","Named honorees received Governor's Team of Excellence Award at May 7 2025 ceremony","1","State of New Jersey page names 2025 State Employee Recognition Day honorees and documents the May 7 2025 statewide ceremony at the War Memorial in Trenton; used in place of the nj.gov/csc PDFs, which return undecodable binary."
"New Mexico","NM","I4","Is there a published honoree list OR a documented ceremony/award cycle in the last 3 years?","20","NO","0","NONE","NONE","NONE","UNDATED","2026-07-31","NONE","1","Searched state.nm.us/spo and governor.nm.gov for a statewide employee award ceremony or honoree list; only found the Governor's Awards for Excellence in the ARTS (wrong population) and private Top Workplaces coverage, no dated state-employee ceremony of any year."
"New York","NY","I4","Is there a published honoree list OR a documented ceremony/award cycle in the last 3 years?","20","NO","0","NONE","NONE","NONE","UNDATED","2026-07-31","NONE","4","Opened cs.ny.gov/esp (Employee Suggestion Program) which gives only a cumulative since-1946 total with no dated cycle or honoree list, and the 2025 Hochul PSRW release which documents no award ceremony; the 2025 'Best of New York' awards were rejected as an ITS-agency-scope and private-conference program."
"North Carolina","NC","I4","Is there a published honoree list OR a documented ceremony/award cycle in the last 3 years?","20","YES","20","https://oshr.nc.gov/2025GAE","2025 Governor's Awards for Excellence","OFFICIAL","2025","2026-07-31","Congratulations to the 2025 Governor's Awards for Excellence winners!","1","Office of State Human Resources page names 2025 honorees across six categories, including individual and team awards for career state employees."
"North Dakota","ND","I4","Is there a published honoree list OR a documented ceremony/award cycle in the last 3 years?","20","YES","20","https://www.governor.nd.gov/news/armstrong-strinden-present-2025-governors-awards-excellence-public-service","Armstrong, Strinden present 2025 Governor's Awards for Excellence in Public Service","OFFICIAL","2025-09-29","2026-07-31","Governor presented 2025 awards to state agency team members at a ceremony.","3","cose.nd.gov does not resolve as noted, so the Governor's office newsroom was used instead; the release is dated September 29, 2025 and names state employee teams."
"Ohio","OH","I4","Is there a published honoree list OR a documented ceremony/award cycle in the last 3 years?","20","NO","0","NONE","NONE","NONE","UNDATED","2026-07-31","NONE","1","The das.ohio.gov Governor's Award for Employee Excellence page 404s, and searches of das.ohio.gov and governor.ohio.gov returned no dated honoree list or ceremony for state employees; the only Ohio hits were the Governor's Inclusive Employer Award (private employers) and Ohio State University staff awards."
"Oklahoma","OK","I4","Is there a published honoree list OR a documented ceremony/award cycle in the last 3 years?","20","NO","0","NONE","NONE","NONE","2023","2026-07-31","NONE","1","The only ceremony documentation found is agency-scoped (OMES 2023 blog post recognizing OMES staff and Service Oklahoma's internal awards), which fails the statewide requirement; no statewide Oklahoma employee honoree list or ceremony dated 2023 or later was found."
"Oregon","OR","I4","Is there a published honoree list OR a documented ceremony/award cycle in the last 3 years?","20","YES","20","https://www.oregon.gov/das/hr/pages/serd.aspx","Department of Administrative Services: State Employee Recognition Day","OFFICIAL","2026","2026-07-31","Page links 2023 through 2026 Public Service Ambassador rosters.","4","DAS Chief Human Resources Office page publishes annual Ambassadors of Public Service rosters for 2023, 2024, 2025 and 2026, clearing the recency floor."
"Pennsylvania","PA","I4","Is there a published honoree list OR a documented ceremony/award cycle in the last 3 years?","20","YES","20","https://www.pa.gov/governor/newsroom/2025-press-releases/gov-shapiro-honors-commonwealth-employees-for-remarkable-achieve","Gov. Shapiro Honors Commonwealth Employees for Remarkable Achievements","OFFICIAL","2025-06-24","2026-07-31","Governor recognized Commonwealth employees from nine agencies with Governor's Awards for Excellence.","1","The pa.gov/agencies/oa/gae program page shows only the 2026 nomination window, so the June 24, 2025 Governor's newsroom release documenting the awards ceremony was used as the qualifying artifact."
"Rhode Island","RI","I4","Is there a published honoree list OR a documented ceremony/award cycle in the last 3 years?","20","NO","0","NONE","NONE","NONE","UNDATED","2026-07-31","NONE","4","Searched hr.ri.gov and governor.ri.gov; the Career Awards Program is mentioned only as an administrative function of Talent Management with no program page, no honoree list and no dated ceremony in any year."
"South Carolina","SC","I4","Is there a published honoree list OR a documented ceremony/award cycle in the last 3 years?","20","NO","0","NONE","NONE","NONE","UNDATED","2026-07-31","NONE","4","admin.sc.gov devolves employee reward and recognition to individual agencies with a $50 cap and publishes no statewide cycle; the only dated 2025 items found were agency-internal (Workers' Compensation Commission, DSS employee of the month) and were rejected as agency scope."
"South Dakota","SD","I4","Is there a published honoree list OR a documented ceremony/award cycle in the last 3 years?","20","YES","20","https://www.sdpb.org/business-economics/2025-02-12/rhoden-seeks-nominations-for-2025-governors-awards-of-excellence","Rhoden seeks nominations for 2025 Governor's Awards of Excellence","NEWS","2024","2026-07-31","Names 2024 winners Smykle Rath Johnson and Barnes with photo accepting the award","1","Re-opened and re-read at coordinator request. The article's headline announces the 2025 nomination window in future tense (they'll recognize finalists at a special celebration), which alone would not qualify; however the same article separately names the four 2024 Governor's Awards of Excellence winners in past tense by name and department (Shaina Smykle, Social Services, Safety; Mark Rath, Ag and Natural Resources, Leadership; Tina Johnson, Labor and Regulation, Service; Mike Barnes, Game Fish and Parks, Innovation) with a photo of Smykle accepting the 2024 award. YES is therefore scored on that published 2024 honoree list, not on the 2025 nomination opening, and source_date is corrected from 2025-02-12 to 2024. The state's own page bhr.sd.gov/gov-awards 302-redirects to sd.gov/bhra, which is JS-rendered and returned only navigation and a Loading message."
"Tennessee","TN","I4","Is there a published honoree list OR a documented ceremony/award cycle in the last 3 years?","20","YES","20","https://www.tn.gov/governor/about-bill-lee/governor-s-excellence-in-service-awards/2025-fall-recipients.html","Governor's Excellence in Service Awards - 2025 Fall Recipients","OFFICIAL","2025","2026-07-31","Rob Thomas Department of Agriculture named a 2025 Fall recipient","4","Original source replaced at coordinator request. The tn.gov/hr calendar rows scored previously were notices of future Employee Suggestion Award Program Board meetings (2026-08-19 and 2026-11-10), which document a mechanism rather than a completed cycle, and no 2023-or-later ESAP determination, recipient or annual count could be found on tn.gov or in TSEA coverage. A different and stronger artifact was located instead: the Governor's Excellence in Service Awards, whose landing page carries dated recipient pages for Spring and Fall of 2022 through 2025. The 2025 Fall recipients page was opened and names career state employees by department, satisfying the published honoree list prong within the recency floor."
"Texas","TX","I4","Is there a published honoree list OR a documented ceremony/award cycle in the last 3 years?","20","NO","0","NONE","NONE","NONE","UNDATED","2026-07-31","No qualifying Texas artifact found","1","Searched for the State Employee Incentive Program and for any statewide Texas state-employee recognition ceremony on comptroller.texas.gov, fmx.cpa.texas.gov, twc.texas.gov, gov.texas.gov and sao.texas.gov; no live state page listing honorees or documenting a 2023-or-later award cycle was found. State Auditor report 24-703 was opened and covers FTE classification only, not awards. Scope traps applied: Texas A&M-Commerce and other university staff-award pages rejected as wrong issuer, TWC Employer Awards rejected as wrong population (private employers), City of Baytown rejected as municipal."
"Utah","UT","I4","Is there a published honoree list OR a documented ceremony/award cycle in the last 3 years?","20","YES","20","https://governor.utah.gov/press/news-release-gov-cox-honors-state-employees-with-2025-governors-awards-for-excellence","NEWS RELEASE: Gov. Cox honors state employees with 2025 Governor's Awards for Excellence","OFFICIAL","2025-11-04","2026-07-31","Twenty-five state employees were recognized today with the 2025 Governor's Awards for Excellence","1","Governor's office press release opened and read; dated November 4 2025 and states twenty-five executive-branch state employees were recognized across seven categories, satisfying both the honoree-count and ceremony prongs of I4."
"Vermont","VT","I4","Is there a published honoree list OR a documented ceremony/award cycle in the last 3 years?","20","COULDNT_CHECK","0","https://aoa.vermont.gov/state-vermont-public-service-recognition-awards","State of Vermont Public Service Recognition Awards","NONE","UNDATED","2026-07-31","Could not load page to verify ceremony year","4","Every candidate source returned HTTP 403 Forbidden: aoa.vermont.gov awards page, vtrans.vermont.gov/public-service, dail.vermont.gov honoree story, humanresources.vermont.gov merit awards, governor.vermont.gov press release, and the Vermont Business Magazine mirror at vermontbiz.com. Search snippets referenced 2024 and 2025 statewide ceremonies but protocol forbids scoring from a snippet, so this is COULDNT_CHECK rather than YES or NO."
"Virginia","VA","I4","Is there a published honoree list OR a documented ceremony/award cycle in the last 3 years?","20","NO","0","NONE","NONE","NONE","UNDATED","2026-07-31","No 2023-or-later Governor's Honor Awards artifact could be opened","4","Searched dhrm.virginia.gov and the Governor's newsroom; every Governor's Honor Awards landing URL tried returned HTTP 404 and the only dated artifact found is a points-of-contact PDF labeled 2021, below the recency floor. The undated points-of-contact PDF fetched as undecodable binary and the July 2025 DHRM HR Highlights bulletin was opened and does not mention the Honor Awards. Scope traps applied: Governor's Volunteerism and Community Service Awards rejected as wrong population (private citizens/volunteers) and VCU's Excellence in Virginia Government Awards rejected as a university-issued program."
"Washington","WA","I4","Is there a published honoree list OR a documented ceremony/award cycle in the last 3 years?","20","YES","20","https://www.thefactsnewspaper.com/post/state-productivity-board-approves-cash-awards-for-employee-suggestions-more-than-9-8-million-saved","State Productivity Board approves cash awards for employee suggestions","NEWS","2025-08-28","2026-07-31","Board approved awards to two teams of state employees saving $9.8 million","1","All sos.wa.gov Productivity Board pages and news items returned HTTP 403, as did chronline.com and bigcountrynewsconnection.com. This article was opened and read; it explicitly states the Washington State Productivity Board voted on August 28 2025 to approve cash awards to 17 named state employees on two teams, satisfying the documented award cycle prong."
"Washington DC","DC","I4","Is there a published honoree list OR a documented ceremony/award cycle in the last 3 years?","20","NO","0","NONE","NONE","NONE","UNDATED","2026-07-31","No District-wide honoree list or ceremony dated 2023 or later","4","Downgraded from YES at coordinator request for consistency with the sub-statewide rule applied to Louisiana State Police, Maryland State Police and Maine Judicial Branch. Found but rejected as sub-statewide: mpdc.dc.gov/awards, which posts dated Metropolitan Police Department Annual Awards Ceremony programs for May 2023 (23rd), May 2024 (24th) and May 2025 (25th) and honors a mixed population of officers, civilian employees and District residents rather than the District workforce generally. Searched DCHR and the Mayor's office for a District-wide artifact: the Calvin Cafritz Awards for Distinguished DC Government Employees are District-wide, but every 2023-or-later announcement is issued by the Cafritz Foundation or George Washington University (rejected as private-association and university issuers), and the only District-issued Cafritz release, mayor.dc.gov honoring the 19th and 20th Annual gala, was opened and is dated 2022-06-30, below the recency floor. edpm.dc.gov returned HTTP 520."
"West Virginia","WV","I4","Is there a published honoree list OR a documented ceremony/award cycle in the last 3 years?","20","NO","0","http://www.wvlegislature.gov/committees/interims/agenda.cfm?recordid=2871&abb=empsug","Employee Suggestion Award Board - West Virginia Legislature","OFFICIAL","2021-09-28","2026-07-31","Most recent Employee Suggestion Award Board meeting shown is September 28 2021","4","The Employee Suggestion Award Board page was opened and its most recent meeting agenda is dated 2021-09-28, which is below the 2023 recency floor. Searches for 2024 or 2025 board minutes, awards or any other statewide West Virginia state-employee honoree list returned nothing qualifying; the Governor's Arts Awards were rejected as wrong population (private citizens)."
"Wisconsin","WI","I4","Is there a published honoree list OR a documented ceremony/award cycle in the last 3 years?","20","YES","20","http://dpm.wi.gov/Pages/HR_Admin/VirginiaHartAwards_AboutAward.aspx","Division of Personnel Management - Virginia Hart Special Recognition Award","OFFICIAL","2025","2026-07-31","2025 winner Samina Grimes Department of Workforce Development plus two honorable mentions","4","The DPM page (reached via a 301 redirect from the dpm.wi.gov About_Us path) was opened and publishes the 2025 Virginia Hart Special Recognition Award winner and two 2025 honorable mentions, all career state employees, satisfying the published honoree list prong within the recency floor."
"Wyoming","WY","I4","Is there a published honoree list OR a documented ceremony/award cycle in the last 3 years?","20","NO","0","NONE","NONE","NONE","UNDATED","2026-07-31","No Wyoming honoree list or dated ceremony found","4","Searched ai.wyo.gov (Administration and Information, including Human Resources and For State Employees) and the Governor's office for any Suggestion Award Board honoree announcement, award total or ceremony; only the enabling administrative rules describing the program were located and no dated 2023-or-later award or ceremony record was found. Scope traps applied: the Wyoming RISE Award was rejected as wrong population (K-12 school district employees) and University of Wyoming Staff Recognition Day was rejected as a university issuer."
"Alabama","AL","I5","Was a PSRW (or state equivalent) proclamation issued in the last 3 years?","15","YES","15","https://governor.alabama.gov/newsroom/2024/04/alabama-state-employee-recognition-week-3/","Alabama State Employee Recognition Week Proclamation","OFFICIAL","2024-04-19","2026-07-31","Governor Ivey proclamation designating Alabama State Employee Recognition Week","3","Governor's newsroom proclamation archive; PDF proclamation dated April 19 2024 opened and confirmed."
"Alaska","AK","I5","Was a PSRW (or state equivalent) proclamation issued in the last 3 years?","15","YES","15","https://gov.alaska.gov/public-service-recognition-week-2/","Public Service Recognition Week Proclamation - Gov. Dunleavy","OFFICIAL","2024-05-05","2026-07-31","Proclaims May 5-11 2024 Public Service Recognition Week in Alaska","3","Governor's proclamation archive; document also proclaims May 8 2024 State Employee Appreciation Day."
"Arizona","AZ","I5","Was a PSRW (or state equivalent) proclamation issued in the last 3 years?","15","COULDNT_CHECK","0","https://doa.az.gov/news/governor-hobbs-proclaims-may-10-state-employee-recognition-day","Governor Hobbs Proclaims May 10 State Employee Recognition Day","NONE","UNDATED","2026-07-31","Page not readable - blocked","2","Only candidate page (doa.az.gov news release) returns HTTP 403; azgovernor.gov offers no proclamation archive, only a request form. Ducey items found were 2019 and 2021, below the floor. No 2023-or-later document could be opened."
"Arkansas","AR","I5","Was a PSRW (or state equivalent) proclamation issued in the last 3 years?","15","NO","0","NONE","NONE","NONE","UNDATED","2026-07-31","No proclamation found","2","Searched governor.arkansas.gov press releases and site searches for Public Service Recognition Week; only a proclamation request form and an unrelated 2025 Correctional Officers Week proclamation were found. A 2026 Senate Resolution SR39 referencing PSRW exists but its PDF was undecodable and a legislative resolution is not a proclamation. No dated gubernatorial proclamation found at any date."
"California","CA","I5","Was a PSRW (or state equivalent) proclamation issued in the last 3 years?","15","NO","0","NONE","NONE","NONE","UNDATED","2026-07-31","No proclamation found","2","Searched the gov.ca.gov proclamations category and site-restricted searches for Public Service Recognition Week 2023-2025; only federal, county (Sonoma), judicial-branch and agency observance pages returned. No governor's proclamation found at any date."
"Colorado","CO","I5","Was a PSRW (or state equivalent) proclamation issued in the last 3 years?","15","COULDNT_CHECK","0","https://dpa.colorado.gov/news/public-service-recognition-week","Public Service Recognition Week - Department of Personnel and Administration","NONE","UNDATED","2026-07-31","Page not readable - blocked","3","dpa.colorado.gov news page and its PSRW proclamation PDF both return HTTP 403, as do governorsoffice.colorado.gov and colorado.gov/governor. Search indicated a Polis PSRW proclamation for May 3-9 2020 (below floor); no 2023-or-later document could be opened."
"Connecticut","CT","I5","Was a PSRW (or state equivalent) proclamation issued in the last 3 years?","15","NO","0","NONE","NONE","NONE","UNDATED","2026-07-31","No proclamation found","2","Searched portal.ct.gov governor press releases and proclamation pages for Public Service Recognition Week 2023-2025; only the proclamation request and requirements pages returned, which state that proclamations are not automatically reissued each year. No PSRW proclamation found at any date."
"Delaware","DE","I5","Was a PSRW (or state equivalent) proclamation issued in the last 3 years?","15","YES","15","https://news.delaware.gov/2023/05/08/governor-carney-celebrates-public-service-recognition-week-may-7-13/","Governor Carney Celebrates Public Service Recognition Week May 7-13","OFFICIAL","2023-05-08","2026-07-31","Governor Carney signed proclamation announcing May 7-13 2023 Public Service Recognition Week","2","Scored on the dated signed proclamation only, not on the standing statutory designation in 29 Del. C. 5950, which is I1 material."
"Florida","FL","I5","Was a PSRW (or state equivalent) proclamation issued in the last 3 years?","15","COULDNT_CHECK","0","https://www.dms.myflorida.com/agency_administration/communications/dms_news_releases/governor_ron_desantis_proclaims_public_service_recognition_week2","Governor Ron DeSantis Proclaims Public Service Recognition Week","NONE","UNDATED","2026-07-31","Headline only - body did not render","2","Both DMS news-release URLs render navigation and headline only (JS-blocked), so no date or body text could be read; flgov.com/eog/news/proclamations and dr.flgov.com/proclamations both return HTTP 403. The recency floor could not be verified."
"Georgia","GA","I5","Was a PSRW (or state equivalent) proclamation issued in the last 3 years?","15","YES","15","https://gov.georgia.gov/contact-us/proclamations/2025","2025 Proclamations - Office of the Governor Brian P. Kemp","OFFICIAL","2025","2026-07-31","Proclamation listed: State Employee Recognition Week 5.4-10.2025","3","Governor's own 2025 proclamation archive lists the State Employee Recognition Week proclamation; the DOAS observance pages alone were not relied on."
"Hawaii","HI","I5","Was a PSRW (or state equivalent) proclamation issued in the last 3 years?","15","YES","15","https://governor.hawaii.gov/main/ha%ca%bbaheo-pride-in-public-service-month-may-2026/","Ha'aheo: Pride in Public Service Month - May 2026","OFFICIAL","2026","2026-07-31","Governor proclaimed May 2026 Ha'aheo: Pride in Public Service Month","2","Governor's own site confirms a proclamation designating the month honoring state workforce; DHRD also posts 2025 proclamation PDF (unreadable binary), so 2026 HTML page used."
"Idaho","ID","I5","Was a PSRW (or state equivalent) proclamation issued in the last 3 years?","15","NO","0","NONE","NONE","NONE","UNDATED","2026-07-31","No proclamation document located","3","Searched site:idaho.gov public service/employee recognition week and gov.idaho.gov/contact/proclamations/ (no archive published, copies only by phone/email request); employee.idaho.gov 2024 Recognition Toolkit PDF returned undecodable binary and no state HTML page states a proclamation was issued."
"Illinois","IL","I5","Was a PSRW (or state equivalent) proclamation issued in the last 3 years?","15","COULDNT_CHECK","0","https://cms.illinois.gov/content/dam/soi/en/web/cms/personnel/documents/state-employee-recognition-day.pdf","State Employee Recognition Day Proclamation (CMS)","NONE","UNDATED","2026-07-31","Document titled State Employee Recognition Day Proclamation","1","Blocker: the CMS-hosted proclamation PDF returns undecodable binary content, so neither text nor date could be verified; gov.illinois.gov publishes no proclamation archive and cms.illinois.gov personnel HTML pages do not state a year."
"Indiana","IN","I5","Was a PSRW (or state equivalent) proclamation issued in the last 3 years?","15","NO","0","NONE","NONE","NONE","UNDATED","2026-07-31","SPD PSRW page silent on any proclamation","2","Read in.gov/spd PSRW page (observance May 3-9 2026 and 2025 events) - it never mentions a proclamation; in.gov/gov proclamation page is a request form with no searchable archive; no state source states a PSRW proclamation was issued."
"Iowa","IA","I5","Was a PSRW (or state equivalent) proclamation issued in the last 3 years?","15","NO","0","NONE","NONE","NONE","UNDATED","2026-07-31","No PSRW proclamation found for Iowa","3","Searched governor.iowa.gov newsroom and proclamation request page plus site searches for public service recognition week; only disaster proclamations and volunteer awards surfaced; no PSRW or state-employee-week proclamation of any year found."
"Kansas","KS","I5","Was a PSRW (or state equivalent) proclamation issued in the last 3 years?","15","COULDNT_CHECK","0","https://www.governor.ks.gov/governor-kelly-celebrates-public-service-recognition-week-in-kansas-2/","Governor Kelly Celebrates Public Service Recognition Week in Kansas","NONE","UNDATED","2026-07-31","Search snippet only: May 5-11 proclaimed Public Service Recognition Week","2","Blocker: HTTP 403 Forbidden on www.governor.ks.gov (governor.kansas.gov 301-redirects there) and HTTP 403 on the KCLY Radio article; page content could not be read, and scoring from a search snippet alone is not permitted. A search snippet claimed a 2024-05-07 release date; unverified, so source_date left UNDATED."
"Kentucky","KY","I5","Was a PSRW (or state equivalent) proclamation issued in the last 3 years?","15","NO","0","NONE","NONE","NONE","UNDATED","2026-07-31","Source says Governor ""recognized"" the week, not proclaimed","2","Read kentucky.gov Team Kentucky Update (2026-05-07): states the Governor recognized May 3-9 as Public Service Recognition Week but never says a proclamation was signed or issued; governor.ky.gov proclamations page is a request form with no archive."
"Louisiana","LA","I5","Was a PSRW (or state equivalent) proclamation issued in the last 3 years?","15","COULDNT_CHECK","0","https://civilservice.louisiana.gov/files/general_circulars/2025/GC2025-028.pdf","General Circular 2025-028 (State Civil Service)","NONE","UNDATED","2026-07-31","Snippet indicates Governor proclaimed May 4-10 2025 recognition week","3","Blocker: General Circular PDF (987KB) returns undecodable binary; gov.louisiana.gov proclamation newsroom listing shows no State Employee Recognition Week item and civilservice.louisiana.gov HTML pages do not mention a proclamation. A search snippet claimed a 2025-05-06 circular date conveying a May 4-10 2025 proclamation; unverified, so source_date left UNDATED."
"Maine","ME","I5","Was a PSRW (or state equivalent) proclamation issued in the last 3 years?","15","NO","0","NONE","NONE","NONE","2022","2026-07-31","Latest PSRW proclamation listed is May 2022","3","Read Governor Mills proclamations archive and current proclamations pages: Public Service Recognition Week proclamations exist for May 2022 and May 2019 only; nothing 2023 or later, so below the recency floor."
"Maryland","MD","I5","Was a PSRW (or state equivalent) proclamation issued in the last 3 years?","15","YES","15","https://governor.maryland.gov/news/press/pages/governor-moore-proclaims-state-employee-recognition-day-in-maryland.aspx","Governor Moore Proclaims State Employee Recognition Day in Maryland","OFFICIAL","2023-05-10","2026-07-31","Governor Moore ""today proclaimed State Employee Recognition Day in Maryland""","2","Governor's office press release dated May 10 2023 (meets 2023 floor); proclamation honors Maryland State employees and ties to Public Employee Recognition Week May 7-13."
"Massachusetts","MA","I5","Was a PSRW (or state equivalent) proclamation issued in the last 3 years?","15","NO","0","NONE","NONE","NONE","UNDATED","2026-07-31","No PSRW proclamation located","2","Searched mass.gov proclamations and Healey newsroom for public service recognition week 2023-2025; index returned other Healey proclamation pages (e.g. DeafBlind Awareness Week) but none for PSRW; no pre-2023 proclamation found either"
"Michigan","MI","I5","Was a PSRW (or state equivalent) proclamation issued in the last 3 years?","15","COULDNT_CHECK","0","https://www.michigan.gov/whitmer/news/proclamations/2026/05/04/may-4-8-2026-public-service-recognition-week","May 4-8, 2026: Public Service Recognition Week","NONE","2026-05-04","2026-07-31","Could not open page to verify","3","Candidate proclamations exist in search index (2026-05-04 PSRW; 2024-05-01 Public Service Recognition Month) but www.michigan.gov and the /en/ variant both returned HTTP 403 Forbidden on every fetch; no news outlet found explicitly reporting the proclamation, so not scored from snippet alone"
"Minnesota","MN","I5","Was a PSRW (or state equivalent) proclamation issued in the last 3 years?","15","NO","0","NONE","NONE","NONE","UNDATED","2026-07-31","Only pre-2023 employee recognition proclamations found","2","Checked officialdocuments.sos.state.mn.us (PUBLIC EMPLOYEE RECOGNITION WEEK proclamations dated 1988 and 1990) and searched mn.gov/governor proclamations for 2023-2025; no PSRW or state employee recognition proclamation dated 2023 or later found; mn.gov proclamation index redirected to a bot-shield (perfdrive) but search results surfaced many other 2023-2025 proclamation titles and none matched"
"Mississippi","MS","I5","Was a PSRW (or state equivalent) proclamation issued in the last 3 years?","15","NO","0","NONE","NONE","NONE","UNDATED","2026-07-31","No proclamation found; only an awards ceremony","2","Searched governorreeves.ms.gov and mspb.ms.gov for public service recognition week; opened MSPB 2025 Excellence in Government Awards page, which describes an awards presentation and says nothing about any proclamation (ceremony-not-proclamation trap); no PSRW proclamation of any year found"
"Missouri","MO","I5","Was a PSRW (or state equivalent) proclamation issued in the last 3 years?","15","NO","0","NONE","NONE","NONE","2021-05-03","2026-07-31","Only 2021 proclamation found; nothing 2023 or later","2","Opened oa.mo.gov news page confirming Gov. Parson signed a PSRW proclamation for May 2-8, 2021 (pre-2023, fails floor); checked moappreciation.mo.gov/statewide and searched governor.mo.gov proclamations for 2023-2025 - no PSRW proclamation in the floor window"
"Montana","MT","I5","Was a PSRW (or state equivalent) proclamation issued in the last 3 years?","15","NO","0","https://gov.mt.gov/Documents/GovernorsOffice/Proclamations/Default.aspx?Year=2025","Montana Governor's Office Proclamations 2025","OFFICIAL","2025","2026-07-31","No public service or state employee recognition proclamation listed","3","Opened the Governor's proclamation archive for 2023, 2024 and 2025; each lists Police Week, Teacher Appreciation Week, EMS Week etc. but no Public Service Recognition Week or state employee recognition proclamation - confirms the audit-era claim independently"
"Nebraska","NE","I5","Was a PSRW (or state equivalent) proclamation issued in the last 3 years?","15","NO","0","NONE","NONE","NONE","UNDATED","2026-07-31","No PSRW proclamation found","2","Searched governor.nebraska.gov press releases and proclamation pages plus site-wide search for public service recognition week 2023-2025; only unrelated proclamations (Mentorship in Nebraska Month, Manufacturing Month) surfaced; no PSRW proclamation of any year found"
"Nevada","NV","I5","Was a PSRW (or state equivalent) proclamation issued in the last 3 years?","15","YES","15","https://www.kolotv.com/2023/05/09/lombardo-designates-may-7-13-state-employee-appreciation-week/","Lombardo designates May 7-13 State Employee Appreciation Week","NEWS","2023-05-09","2026-07-31","Lombardo thanked public employees during his proclamation for the week","2","News source explicitly references the Governor's proclamation designating Nevada State Employee Appreciation Week, May 7-13, 2023. Official gov.nv.gov proclamation URLs for 2023 and 2025 appear in the index but 404 after the site migration, and the hr.nv.gov proclamation PDF returned undecodable binary, so the NEWS source is used"
"New Hampshire","NH","I5","Was a PSRW (or state equivalent) proclamation issued in the last 3 years?","15","COULDNT_CHECK","0","https://www.governor.nh.gov/news/proclamations","Proclamations - Governor Kelly Ayotte","NONE","UNDATED","2026-07-31","Proclamation archive could not be opened","3","Both governor.nh.gov/news/proclamations and governor.sununu.nh.gov/news-and-media/proclamations returned HTTP 403 Forbidden, so the archive could not be enumerated; keyword searches surfaced no PSRW or state employee recognition proclamation. Did not repeat the audit-era assumption that one exists"
"New Jersey","NJ","I5","Was a PSRW (or state equivalent) proclamation issued in the last 3 years?","15","COULDNT_CHECK","0","https://nj.gov/csc/about/pressreleases/2025/pdf/PRESS%20RELEASE%20-%202025%20Celebration%20of%20State%20Employee%20Recognition%20Day.pdf","PRESS RELEASE - 2025 Celebration of State Employee Recognition Day","NONE","2025","2026-07-31","Document text not extractable","2","Civil Service Commission press releases for 2024 and 2025 that reportedly state Gov. Murphy signed a PSRW proclamation are PDFs returning undecodable binary; nj.gov/csc press-release index pages returned HTTP 404; the one fetchable NJ HTML page (Office of the Public Defender SERD honorees) mentions the ceremony but no proclamation, so no verifiable source"
"New Mexico","NM","I5","Was a PSRW (or state equivalent) proclamation issued in the last 3 years?","15","NO","0","NONE","NONE","NONE","UNDATED","2026-07-31","No proclamation found","2","Searched governor.state.nm.us newsroom/proclamations and spo.state.nm.us for PSRW proclamation; only a proclamation-request page found; no dated PSRW proclamation any year"
"New York","NY","I5","Was a PSRW (or state equivalent) proclamation issued in the last 3 years?","15","YES","15","https://www.governor.ny.gov/news/governor-hochul-issues-proclamation-celebrating-public-service-recognition-week","Governor Hochul Issues Proclamation Celebrating Public Service Recognition Week","OFFICIAL","2023-05-10","2026-07-31","Hochul today issued a proclamation celebrating Public Service Recognition Week","2","Official governor.ny.gov release fetched and read; proclamation explicitly issued May 7-13 2023; later 2024 and 2025 releases also exist"
"North Carolina","NC","I5","Was a PSRW (or state equivalent) proclamation issued in the last 3 years?","15","YES","15","https://governor.nc.gov/governor-proclaims-state-employee-recognition-week-and-state-employee-appreciation-day-2024","Governor Proclaims State Employee Recognition Week and State Employee Appreciation Day 2024","OFFICIAL","2024-05-03","2026-07-31","Proclaims May 5-11 2024 as State Employee Recognition Week","3","Full proclamation text fetched on governor.nc.gov; signed third day of May 2024; honors career state employees"
"North Dakota","ND","I5","Was a PSRW (or state equivalent) proclamation issued in the last 3 years?","15","NO","0","https://www.governor.nd.gov/proclamations","Proclamations | North Dakota Office of the Governor","OFFICIAL","2026","2026-07-31","No public service or state employee recognition proclamation listed","3","Governor's proclamation archive fetched; 2026 list has nurses/correctional/public works but no PSRW or state employee week; prior pass found PSRW only in 2020"
"Ohio","OH","I5","Was a PSRW (or state equivalent) proclamation issued in the last 3 years?","15","NO","0","NONE","NONE","NONE","UNDATED","2026-07-31","No proclamation found","2","Searched site:governor.ohio.gov for public service recognition week proclamation and das.ohio.gov; only a recognition-request form found; no dated PSRW proclamation 2023-2026"
"Oklahoma","OK","I5","Was a PSRW (or state equivalent) proclamation issued in the last 3 years?","15","YES","15","https://thelostogle.com/2023/05/08/stitt-honors-state-employees-with-comically-absurd-typo-filled-proclamation","Stitt honors State Employees with typo-filled proclamation","NEWS","2023-05-08","2026-07-31","A State Employee Appreciation Day proclamation issued by Governor Kevin Stitt","2","News rule satisfied: article explicitly states Gov. Stitt issued the proclamation and reproduces it; article dated May 8 2023; 2008 proclamation from earlier pass not relied on"
"Oregon","OR","I5","Was a PSRW (or state equivalent) proclamation issued in the last 3 years?","15","NO","0","https://www.oregon.gov/das/hr/pages/serd.aspx","State Employee Recognition Day | DAS Chief Human Resources Office","OFFICIAL","UNDATED","2026-07-31","Page celebrates the week but names no gubernatorial proclamation","4","DAS SERD page fetched: annual observance described with no proclamation reference; searched oregon.gov governor proclamation pages and found none for PSRW 2023-2026"
"Pennsylvania","PA","I5","Was a PSRW (or state equivalent) proclamation issued in the last 3 years?","15","COULDNT_CHECK","0","https://www.pa.gov/content/dam/copapwp-pagov/en/governor/documents/state%20employee%20recognition%20day%202024%20pdf.pdf","State Employee Recognition Day 2024 (PDF)","NONE","UNDATED","2026-07-31","Document text not extractable","3","Blocker: pa.gov PDF is a scanned/image-only 817KB binary; no readable text or signature date; 2025 pa.gov press release fetched was silent on any proclamation; declined to score from filename or search snippet"
"Rhode Island","RI","I5","Was a PSRW (or state equivalent) proclamation issued in the last 3 years?","15","NO","0","NONE","NONE","NONE","UNDATED","2026-07-31","No proclamation found","2","Searched governor.ri.gov press releases and executive orders plus general web for RI PSRW or state employee recognition proclamation; none found any year; prior workbook assumption not accepted"
"South Carolina","SC","I5","Was a PSRW (or state equivalent) proclamation issued in the last 3 years?","15","YES","15","https://news.clemson.edu/south-carolina-public-servant-recognition-week-is-may-4-10/","South Carolina Public Servant Recognition Week is May 4-10","NEWS","2025-04-28","2026-07-31","Gov. McMaster proclaimed May 4-10 Public Servant Recognition Week","2","News rule satisfied: article states the Governor proclaimed the week and quotes the proclamation; governor.sc.gov proclamations page returned HTTP 403 so official copy unreachable"
"South Dakota","SD","I5","Was a PSRW (or state equivalent) proclamation issued in the last 3 years?","15","COULDNT_CHECK","0","https://bhr.sd.gov/SERD.html","South Dakota BHR State Employee Recognition Day","NONE","UNDATED","2026-07-31","Could not open SERD page content","3","BLOCKER: bhr.sd.gov/SERD/2025.html returns 302 redirect to https://www.sd.gov/bhra which is JS-only and unreadable; sdsos.gov gubernatorial proclamation search is an ASPX JS search interface with no fetchable result list; only indexed reference to a Governor's Proclamation was the 2022 SERD page, below the floor"
"Tennessee","TN","I5","Was a PSRW (or state equivalent) proclamation issued in the last 3 years?","15","COULDNT_CHECK","0","https://sos.tn.gov/publications/services/governors-proclamations","Governor's Proclamations - Tennessee Secretary of State","NONE","UNDATED","2026-07-31","Proclamation archive could not be opened","3","BLOCKER: HTTP 403 Forbidden on both sos.tn.gov/publications/services/governors-proclamations and tnsos.net/publications/proclamations/; searches for a Tennessee PSRW or State Employee Recognition Day proclamation 2023-2025 returned only the Governor's Excellence in Service Awards (an awards program, not a proclamation)"
"Texas","TX","I5","Was a PSRW (or state equivalent) proclamation issued in the last 3 years?","15","NO","0","NONE","NONE","NONE","UNDATED","2026-07-31","No public service recognition proclamation listed","3","Searched gov.texas.gov proclamation category (opened and read: all listed proclamations are disaster/border/drought declarations) plus site searches for 'Public Service Recognition Week' proclamation 2024 and 2025; no PSRW or state employee recognition proclamation of any date found"
"Utah","UT","I5","Was a PSRW (or state equivalent) proclamation issued in the last 3 years?","15","NO","0","NONE","NONE","NONE","2021-05-02","2026-07-31","Only 2021 declaration found; predates floor","3","Opened governor.utah.gov/declarations archive: only 'Public Service Recognition Week in Utah' declaration found is dated May 2-9, 2021, below the 2023 floor; searches of 2024 and 2025 declaration archives and dhrm.utah.gov found no later PSRW declaration"
"Vermont","VT","I5","Was a PSRW (or state equivalent) proclamation issued in the last 3 years?","15","COULDNT_CHECK","0","https://governor.vermont.gov/document-categories/proclamations","Proclamations - Office of Governor Phil Scott","NONE","UNDATED","2026-07-31","Proclamation index could not be opened","3","BLOCKER: HTTP 403 Forbidden on governor.vermont.gov/document-categories/proclamations and on the governor's PSRW press-release URL; last verifiable Vermont PSRW proclamation is May 5-11, 2019, below the floor; state proclamation index could not be enumerated to confirm or rule out a 2023+ issuance"
"Virginia","VA","I5","Was a PSRW (or state equivalent) proclamation issued in the last 3 years?","15","YES","15","https://www.governor.virginia.gov/newsroom/proclamations/proclamation-list/virginia-public-service-week.html","Virginia Public Service Week Proclamation","OFFICIAL","2026","2026-07-31","Gov. Spanberger recognizes May 4-10, 2026 as Virginia Public Service Week","3","Opened and read the Governor of Virginia proclamation page; honors public employees across federal, state and local agencies; meets the 2023+ floor"
"Washington","WA","I5","Was a PSRW (or state equivalent) proclamation issued in the last 3 years?","15","YES","15","https://ofm.wa.gov/employee-opportunities/public-service-recognition-week/","Public Service Recognition Week - Washington State OFM","OFFICIAL","2026","2026-07-31","Governor Ferguson proclaimed May 3-9, 2026 Public Service Recognition Week","2","sos.wa.gov 403s throughout, so scored from the state OFM page which states the Governor issued the proclamation and links the signed PDF; meets the 2023+ floor"
"Washington DC","DC","I5","Was a PSRW (or state equivalent) proclamation issued in the last 3 years?","15","NO","0","NONE","NONE","NONE","2024-05-10","2026-07-31","Mayor sent a thank-you letter, not a proclamation","2","Opened the DC government bulletin of 2024-05-10 in which Mayor Bowser thanks 37,000 public servants during Public Service Recognition Week, but it is a letter and states no proclamation; searches for a Bowser PSRW proclamation 2023-2025 found only a Pretrial/Probation Week proclamation, a different observance; edpm.dc.gov 520 as previously noted"
"West Virginia","WV","I5","Was a PSRW (or state equivalent) proclamation issued in the last 3 years?","15","NO","0","NONE","NONE","NONE","UNDATED","2026-07-31","No PSRW proclamation in the state archive","3","Opened governor.wv.gov/proclamations and the governorjustice.wv.gov/proclamations 2023-2024 archive and read the title index; no Public Service Recognition Week or state employee recognition proclamation appears; closest item is Employee Learning Week December 2-6 2024, a training observance, not PSRW"
"Wisconsin","WI","I5","Was a PSRW (or state equivalent) proclamation issued in the last 3 years?","15","YES","15","https://content.govdelivery.com/accounts/WIGOV/bulletins/39ae567","Gov. Evers Recognizes Public Employees on State Employee Appreciation Day","OFFICIAL","2024-05-08","2026-07-31","Gov. Evers proclaimed May 5 through May 11, 2024, as Public Service Recognition Week","2","Governor's office bulletin opened and read; explicitly states a proclamation was issued and also designates May 8 State Employee Appreciation Day; the evers.wi.gov proclamation PDF returned undecodable binary so the official bulletin was used"
"Wyoming","WY","I5","Was a PSRW (or state equivalent) proclamation issued in the last 3 years?","15","NO","0","NONE","NONE","NONE","UNDATED","2026-07-31","No public service recognition proclamation found","3","Searched governor.wyo.gov proclamations and news releases and general web for a Gordon PSRW or state employee week proclamation 2023-2025; only occupational proclamations found (Water/Wastewater Operator Appreciation Week 2025, Professional Engineers Week 2026); the audit-era assumption of a gubernatorial proclamation was not corroborated"
"Alabama","AL","I6","Was there a state-sponsored appreciation event beyond the proclamation itself?","10","NO","0","NONE","NONE","NONE","2024-04-19","2026-07-31","Page contains only a downloadable proclamation PDF","2","Opened the governor.alabama.gov 2024 State Employee Recognition Week newsroom item and found only a scanned proclamation with no ceremony, luncheon or activity described; searched personnel.alabama.gov and general web for an Alabama statewide employee recognition ceremony 2023-2026 and found none; only artifact is the 2024-04-19 proclamation, which is I5 evidence, not I6"
"Alaska","AK","I6","Was there a state-sponsored appreciation event beyond the proclamation itself?","10","NO","0","NONE","NONE","NONE","2023-09-08","2026-07-31","Announcement of winners only; no ceremony described","1","Opened gov.alaska.gov Denali Peak Performance Award winners release (2023-09-08), doa.alaska.gov/dop/denaliawards/ and its announcement page; all three announce winners or nomination windows and none documents a ceremony, luncheon or presentation event that was held; no other Alaska statewide employee appreciation event found 2023-2026"
"Arizona","AZ","I6","Was there a state-sponsored appreciation event beyond the proclamation itself?","10","COULDNT_CHECK","0","https://des.az.gov/featured-story/des-recognized-multiple-programs-gov-hobbs-excellence-government-awards","DES Recognized for Multiple Programs at Gov. Hobbs' Excellence in Government Awards","NONE","2025-01-27","2026-07-31","Page could not be opened to verify the event or its population","1","BLOCKER: every az.gov host returned HTTP 403 Forbidden - des.az.gov, results.az.gov, hr.az.gov, doa.az.gov - so the only candidate artifact (Governor Hobbs' First Annual Excellence in Government Awards, apparently held 2025-01-27) could not be opened and read; search snippets also leave unresolved whether the honorees are employees or agencies and programs, which is a live wrong-population concern; no readable non-az.gov source states the event was held"
"Arkansas","AR","I6","Was there a state-sponsored appreciation event beyond the proclamation itself?","10","NO","0","NONE","NONE","NONE","UNDATED","2026-07-31","No statewide employee appreciation event found","1","Searched governor.arkansas.gov news, sas.arkansas.gov and the general web for an Arkansas statewide state-employee recognition ceremony, luncheon or appreciation event 2023-2026; found only merit-pay and salary-increase announcements and the Governor's Quality Award, which recognizes organizations rather than career state employees; consistent with I4 and I5 both returning nothing for Arkansas; no pre-2023 event found either"
"California","CA","I6","Was there a state-sponsored appreciation event beyond the proclamation itself?","10","YES","10","http://www.gov.ca.gov/2026/06/16/governor-newsom-honors-public-safety-officers-and-state-employees-for-exceptional-bravery/","Governor Newsom honors public safety officers and state employees for exceptional bravery","OFFICIAL","2026-06-12","2026-07-31","36 state employees recognized at the Medal of Valor Ceremony, CHP Academy","1","Governor's office release opened via the http:// form (https 301-redirects); documents a ceremony that was HELD on 2026-06-12 at the CHP Academy in West Sacramento honoring 36 career state employees with the Governor's State Employee Medal of Valor; also confirmed a prior held ceremony via the CDCR release of 2025-06-20; OVERLAP: same award program as the I4 evidence, a later cycle of the same Medal of Valor event"
"Colorado","CO","I6","Was there a state-sponsored appreciation event beyond the proclamation itself?","10","YES","10","https://www.coloradopolitics.com/2025/05/22/colorado-governor-and-department-of-personnel-honor-state-employees-for-their-outstanding-work-cb1cc6f6-3d9c-4d79-aff2-aaa26dbfe698/","Colorado governor and Department of Personnel honor state employees for their outstanding work","NEWS","2025-05","2026-07-31","Twenty-three state employees recognized during an early May luncheon during Public Service Week","2","Both colorado.gov governor domains and the dpa.colorado.gov news pages returned HTTP 403, so scored from Colorado Politics, which explicitly states the luncheon was HELD and gives an honoree count - satisfies the news rule; sponsors are the Governor's Office and the Department of Personnel and Administration, a statewide body, honoring career state employees; OVERLAP: same event as the I4 evidence, but it is a distinct appreciation luncheon rather than a bare honoree list"
"Connecticut","CT","I6","Was there a state-sponsored appreciation event beyond the proclamation itself?","10","NO","0","NONE","NONE","NONE","2022-10-19","2026-07-31","Most recent documented Managers' Day was 2022, below the floor","1","Opened the portal.ct.gov DAS blog 'What a Day for DAS', which documents a Managers' Day held 2022-10-19 at the Aqua Turf hosted by the Management Advisory Council with a Distinguished Managerial Service Award presented - a qualifying event type but dated before the 2023 recency floor; the portal.ct.gov Distinguished Managers Honor Roll ends at 1998; searched portal.ct.gov governor press releases and the general web for a 2023-2026 Connecticut statewide employee recognition event and found none"
"Delaware","DE","I6","Was there a state-sponsored appreciation event beyond the proclamation itself?","10","YES","10","https://news.delaware.gov/2025/05/05/governor-matt-meyer-recognizes-state-of-delaware-employees-in-public-service-recognition-week-ceremony/","Governor Matt Meyer Recognizes State of Delaware Employees in Public Service Recognition Week Ceremony","OFFICIAL","2025-05-05","2026-07-31","Governor's Awards ceremony held 2025-05-05 for State of Delaware employees","2","Official State of Delaware news release opened and read; documents a Public Service Recognition Week awards ceremony HELD on 2025-05-05 by the Governor for career state employees, statewide sponsor, correct population; OVERLAP: same event as the I4 evidence, the 2025 Governor's Awards Ceremony recognizing six individuals and nine teams; no separate non-award reception found"
"Florida","FL","I6","Was there a state-sponsored appreciation event beyond the proclamation itself?","10","NO","0","NONE","NONE","NONE","UNDATED","2026-07-31","No state-sponsored employee appreciation event documented","1","dms.myflorida.com Davis Productivity Awards page renders navigation only with no ceremony content, and the DMS PSRW item is a DeSantis proclamation, which is I5 not I6; the 2024-09-24 and 2025-09-18 Tallahassee productivity award ceremonies are run by Florida TaxWatch, a private nonprofit association - WRONG ISSUER trap, rejected; no state-body-sponsored Florida employee appreciation event found 2023-2026"
"Georgia","GA","I6","Was there a state-sponsored appreciation event beyond the proclamation itself?","10","NO","0","NONE","NONE","NONE","2025-05-04","2026-07-31","Proclamation plus suggested agency activities; no statewide event held","4","Opened doas.ga.gov State Employee Recognition Week 2025 and team.georgia.gov 2024 State Employee Recognition Week; both carry Governor Kemp's proclamation plus forward-looking suggestions for agencies (recognition bulletin boards, submit an employee story) and neither documents any statewide event that was held - no recap, photos, attendance or honoree count; per the announcement rule, suggested future activities do not qualify; the separate Georgia DCS ceremony was already rejected as sub-statewide"
"Hawaii","HI","I6","Was there a state-sponsored appreciation event beyond the proclamation itself?","10","YES","10","https://governor.hawaii.gov/newsroom/office-of-the-governor-news-release-gov-green-lauds-top-state-manager-employee-and-team-of-the-year/","Gov. Green Lauds Top State Manager Employee and Team of the Year","OFFICIAL","2024-09-24","2026-07-31","Governor Green today recognized winners of the Governor's Awards honoring state employees","3","Governor's Awards ceremony held 2024-09-24; same event as I4 evidence - no distinct luncheon/picnic found"
"Idaho","ID","I6","Was there a state-sponsored appreciation event beyond the proclamation itself?","10","NO","0","NONE","NONE","NONE","UNDATED","2026-07-31","No held statewide event documented","1","Searched idaho.gov / dhr.idaho.gov / gov.idaho.gov for recognition ceremony or PSRW event; only a 2024 Employee Recognition Toolkit of suggested agency activities and a 2024 proclamation - no evidence any statewide event occurred"
"Illinois","IL","I6","Was there a state-sponsored appreciation event beyond the proclamation itself?","10","NO","0","NONE","NONE","NONE","UNDATED","2026-07-31","No statewide state-employee event documented","1","Searched cms.illinois.gov and gov.illinois.gov; found only a State Employee Recognition Day proclamation PDF. Order of Lincoln (private citizens) and Governor's Hometown Awards (communities) rejected as wrong population"
"Indiana","IN","I6","Was there a state-sponsored appreciation event beyond the proclamation itself?","10","YES","10","https://www.in.gov/spd/employee-resources/state-employee-programs/governors-public-service-achievement-awards/","SPD: Governor's Public Service Achievement Awards","OFFICIAL","2024","2026-07-31","Click here to see photos of the 2024 ceremony","4","Governor hosts annual ceremony; 2024 ceremony photos and program posted - same event as I4 evidence. The separate SPD PSRW week page lists only announced/upcoming 2026 activities so it was not counted as a distinct held event"
"Iowa","IA","I6","Was there a state-sponsored appreciation event beyond the proclamation itself?","10","NO","0","NONE","NONE","NONE","UNDATED","2026-07-31","No state-employee appreciation event found","1","Searched das.iowa.gov and governor.iowa.gov; only Governor's Volunteer Awards (volunteers) and Governor's Arts Awards (artists) found - both wrong population"
"Kansas","KS","I6","Was there a state-sponsored appreciation event beyond the proclamation itself?","10","YES","10","https://www.wibw.com/2024/04/22/state-employees-recognized-kansas-capitol-40-50-years-service/","State employees recognized at Kansas Capitol for 40 50 years of service","NEWS","2024-04-22","2026-07-31","Gov. Kelly and Secretary Proffitt hosted a recognition ceremony for state employees","1","News explicitly states the ceremony was held at the Capitol; governor.ks.gov 403s and the admin.ks.gov article body is cookie-gated. Same longevity-recognition event as I4 evidence"
"Kentucky","KY","I6","Was there a state-sponsored appreciation event beyond the proclamation itself?","10","YES","10","https://www.kentucky.gov/Pages/Activity-stream.aspx?n=GovernorBeshear&prId=2203","Gov. Beshear Presents 2024 Governor's Ambassador Awards","OFFICIAL","2024-06-04","2026-07-31","Beshear awarded six state employees in a ceremony in the Capitol Rotunda","1","Ceremony held 2024-06-04 in Capitol Rotunda; same event as I4 evidence - no distinct luncheon or reception found"
"Louisiana","LA","I6","Was there a state-sponsored appreciation event beyond the proclamation itself?","10","NO","0","NONE","NONE","NONE","UNDATED","2026-07-31","Only proclamations and a video message found","1","Searched civilservice.louisiana.gov and gov.louisiana.gov; General Circulars GC2024-014 and GC2025-028 are undecodable binary PDFs. Public evidence shows only 2025 and 2026 proclamations plus a governor's video message - no held statewide event. State Police ceremony rejected as sub-statewide"
"Maine","ME","I6","Was there a state-sponsored appreciation event beyond the proclamation itself?","10","NO","0","NONE","NONE","NONE","UNDATED","2026-07-31","No statewide state-employee event documented","1","Searched maine.gov governor and DAFS newsrooms; only Governor's Award for Business Excellence (businesses - wrong population) found. Judicial Branch luncheon rejected as sub-statewide; latest PSRW proclamation is 2022"
"Maryland","MD","I6","Was there a state-sponsored appreciation event beyond the proclamation itself?","10","NO","0","NONE","NONE","NONE","UNDATED","2026-07-31","Proclamation only with no event described","1","Fetched the 2023-05-10 governor.maryland.gov State Employee Recognition Day release - it describes only a proclamation. Governor's Service Awards rejected as volunteer awards; State Police ceremony rejected as sub-statewide"
"Massachusetts","MA","I6","Was there a state-sponsored appreciation event beyond the proclamation itself?","10","COULDNT_CHECK","0","https://www.mass.gov/info-details/2025-commonwealth-employee-performance-recognition-program-prp-recap","2025 Commonwealth Employee Performance Recognition Program Recap","NONE","2025-10-29","2026-07-31","Could not read page","1","All mass.gov URLs including the PRP recap and the 41st Annual ceremony photo gallery returned HTTP 403; no independent news article found that explicitly states the 2025-10-29 State House ceremony was held; snippet-only evidence not accepted."
"Michigan","MI","I6","Was there a state-sponsored appreciation event beyond the proclamation itself?","10","NO","0","NONE","NONE","NONE","UNDATED","2026-07-31","No qualifying event found","1","Searched Michigan statewide employee recognition events; only the Governor's Service Awards (2024-11-14 and 2025-11-12) which honor volunteers and nonprofits - wrong population - and Michigan State Police agency-level awards which are sub-statewide; michigan.gov HR pages 403."
"Minnesota","MN","I6","Was there a state-sponsored appreciation event beyond the proclamation itself?","10","NO","0","NONE","NONE","NONE","UNDATED","2026-07-31","No statewide event found","1","Searched MMB and governor newsroom for a statewide employee recognition or appreciation event 2023-2026; found only agency-level programs (MnDOT achievement award policy) and business/trade awards; no held statewide employee event documented."
"Mississippi","MS","I6","Was there a state-sponsored appreciation event beyond the proclamation itself?","10","YES","10","https://www.mspb.ms.gov/news/governor-tate-reeves-presents-2024-excellence-government-awards","Governor Tate Reeves Presents 2024 Excellence in Government Awards","OFFICIAL","2024-12-04","2026-07-31","Governor presented the 2024 Excellence in Government Awards on December 4","4","State Personnel Board and Governor held an award presentation event; recipient Willie McKercher is a career state employee (MDEQ). Same event as I4 evidence - not a distinct appreciation event."
"Missouri","MO","I6","Was there a state-sponsored appreciation event beyond the proclamation itself?","10","YES","10","https://oa.mo.gov/commissioners-office/news/office-administration-holds-ceremony-state-team-member-month-and-award","Office of Administration Holds Ceremony for State Team Member of the Month and Award of Distinction Honorees","OFFICIAL","2026","2026-07-31","Reception held at The Millbottom honoring state team member honorees","4","Office of Administration reception at The Millbottom in Jefferson City for State Team Member of the Month and Award of Distinction honorees. Distinct from the I4 evidence (Governor's Award for Quality and Productivity) - a separate reception."
"Montana","MT","I6","Was there a state-sponsored appreciation event beyond the proclamation itself?","10","YES","10","https://news.mt.gov/Governors-Office/Governor_Gianforte_Recognizes_State_Employees_with_Governors_Awards_for_Excellence_in_Performance","Governor Gianforte Recognizes State Employees with Governor's Awards for Excellence in Performance","OFFICIAL","2025-10-27","2026-07-31","259 state employees recognized at the October 27 awards ceremony","1","Statewide ceremony held 2025-10-27 in Helena by the Governor and Department of Administration. Same event as I4 evidence - not a distinct appreciation event."
"Nebraska","NE","I6","Was there a state-sponsored appreciation event beyond the proclamation itself?","10","YES","10","https://psc.nebraska.gov/for-consumers/excellence-leadership-award-recipients-honored","Excellence in Leadership Award Recipients Honored","OFFICIAL","2024-10-11","2026-07-31","Reception honoring 2024 award recipients held at the Governor's residence","4","Statewide Excellence in Leadership Award reception held 2024-10-11 at the Governor's residence for state employee recipients. Same statewide program as I4 evidence; the reception itself is the held event."
"Nevada","NV","I6","Was there a state-sponsored appreciation event beyond the proclamation itself?","10","NO","0","NONE","NONE","NONE","UNDATED","2026-07-31","Only proclamation and suggested agency activities","2","Searched gov.nv.gov newsroom and hr.nv.gov; found only the State Employee Appreciation Week proclamations (2023 2024 2025) and an HR memo encouraging agencies to plan at least one activity - no documentation any statewide event was held."
"New Hampshire","NH","I6","Was there a state-sponsored appreciation event beyond the proclamation itself?","10","NO","0","NONE","NONE","NONE","UNDATED","2026-07-31","No statewide event documented","1","Searched das.nh.gov and governor's office for a statewide employee recognition ceremony or appreciation event 2023-2026; found only an employee suggestion program page and NH State Police agency-level awards which are sub-statewide."
"New Jersey","NJ","I6","Was there a state-sponsored appreciation event beyond the proclamation itself?","10","YES","10","https://www.nj.gov/defender/media/news/20250506_2025_SERD_Honorees.shtml","2025 State Employee Recognition Day Award Honorees","OFFICIAL","2025-05-07","2026-07-31","Annual awards ceremony was held at the New Jersey War Memorial","1","State Employee Recognition Day statewide ceremony held 2025-05-07 in Trenton; the Civil Service Commission press release PDF was undecodable so this state HTML page was used. Same event as I4 evidence."
"New Mexico","NM","I6","Was there a state-sponsored appreciation event beyond the proclamation itself?","10","NO","0","NONE","NONE","NONE","UNDATED","2026-07-31","NONE","4","Searched spo.state.nm.us latest news and site searches for statewide recognition ceremony; only training-cohort and heritage-month items 2023-2024, no statewide employee appreciation event held"
"New York","NY","I6","Was there a state-sponsored appreciation event beyond the proclamation itself?","10","NO","0","NONE","NONE","NONE","UNDATED","2026-07-31","NONE","2","Governor.ny.gov PSRW releases 2023-2025 contain proclamation plus landmark lighting and hiring announcements only; no ceremony or gathering for state employees documented; cs.ny.gov Employee Suggestion Program shows no event"
"North Carolina","NC","I6","Was there a state-sponsored appreciation event beyond the proclamation itself?","10","YES","10","https://oshr.nc.gov/2025GAE","2025 Governor's Awards for Excellence","OFFICIAL","2025","2026-07-31","OSHR proud to present the Governor's Awards for Excellence recipients for 2025","4","Page shows stage photos and ceremony video; statewide OSHR-run; same event as I4 evidence"
"North Dakota","ND","I6","Was there a state-sponsored appreciation event beyond the proclamation itself?","10","YES","10","https://www.governor.nd.gov/news/armstrong-strinden-present-2025-governors-awards-excellence-public-service","Armstrong, Strinden present 2025 Governor's Awards for Excellence in Public Service","OFFICIAL","2025-09-29","2026-07-31","presented the awards during a ceremony in the Capitol's Memorial Hall","1","Statewide governor-sponsored ceremony for state employees; same event as I4 evidence"
"Ohio","OH","I6","Was there a state-sponsored appreciation event beyond the proclamation itself?","10","NO","0","NONE","NONE","NONE","UNDATED","2026-07-31","NONE","4","Searched das.ohio.gov (award pages 404) and site searches for Ohio statewide employee recognition ceremony/PSRW event; only Ohio State University and single-agency Adjutant General events found, both out of scope"
"Oklahoma","OK","I6","Was there a state-sponsored appreciation event beyond the proclamation itself?","10","NO","0","NONE","NONE","NONE","2023","2026-07-31","NONE","1","Only OMES Employee Recognition Awards Ceremony found (oklahoma.gov/omes blog 2022 and 2023); agency-scoped to OMES staff, not statewide, so rejected; no statewide PSRW event documented as held"
"Oregon","OR","I6","Was there a state-sponsored appreciation event beyond the proclamation itself?","10","YES","10","https://www.oregon.gov/das/HR/Pages/serd.aspx","Department of Administrative Services: State Employee Recognition Day","OFFICIAL","2026","2026-07-31","photos from our event honoring the 2026 nominated ambassadors","4","Statewide DAS-run State Employee Recognition Day event documented as held; same program/event as I4 ambassador roster evidence"
"Pennsylvania","PA","I6","Was there a state-sponsored appreciation event beyond the proclamation itself?","10","YES","10","https://www.pa.gov/governor/newsroom/2025-press-releases/gov-shapiro-honors-commonwealth-employees-for-remarkable-achieve","Gov Shapiro Honors Commonwealth Employees for Remarkable Achievements","OFFICIAL","2025-06-24","2026-07-31","Shapiro held a ceremony recognizing Commonwealth employees with Governor's Awards for Excellence","1","Statewide governor-hosted ceremony; same event as I4 evidence"
"Rhode Island","RI","I6","Was there a state-sponsored appreciation event beyond the proclamation itself?","10","NO","0","NONE","NONE","NONE","UNDATED","2026-07-31","NONE","1","Searched governor.ri.gov press releases and RI state site for employee recognition ceremony/appreciation event 2023-2026; nothing statewide found, consistent with I4 and I5 both NO"
"South Carolina","SC","I6","Was there a state-sponsored appreciation event beyond the proclamation itself?","10","NO","0","NONE","NONE","NONE","UNDATED","2026-07-31","NONE","2","governor.sc.gov 403s and its Governor's Awards PDF 404s; found only Clemson and USC university luncheons, a Workers' Compensation Commission single-agency ceremony, and vendor discount nights - all out of scope"
"South Dakota","SD","I6","Was there a state-sponsored appreciation event beyond the proclamation itself?","10","COULDNT_CHECK","0","https://www.sd.gov/bhra?id=cs_kb_article_view&sysparm_article=KB0044696","Governor's Awards - SD Bureau of Human Resources","NONE","UNDATED","2026-07-31","n/a","4","BHR Governor's Awards page is JS-only shell (bhr.sd.gov/gov-awards redirects to sd.gov/bhra) and returned no content; SDPB 2025-02-12 article says only that finalists 'will' be recognized at a special celebration - future tense, no held event documented; governor.sd.gov/news.sd.gov searches returned no ceremony recap."
"Tennessee","TN","I6","Was there a state-sponsored appreciation event beyond the proclamation itself?","10","NO","0","NONE","NONE","NONE","UNDATED","2026-07-31","n/a","1","Fetched tn.gov Governor's Excellence in Service Awards landing page and 2025 Spring/Fall recipient pages: they list recipients only, no ceremony described. 2024 DOHR annual report PDF returned undecodable binary. Only luncheon-at-Tennessee-Residence language found dates to a 2020 Haslam-era release, below floor. Gov. Lee X post of Feb 2025 saying he hosted the awards could not be fetched (HTTP 402), so not counted."
"Texas","TX","I6","Was there a state-sponsored appreciation event beyond the proclamation itself?","10","YES","10","https://gov.texas.gov/news/post/governor-abbott-announces-recipients-of-2024-outstanding-women-in-texas-government-awards","Governor Abbott Announces Recipients Of 2024 Outstanding Women In Texas Government Awards","OFFICIAL","2024-09-25","2026-07-31","Award winners honored at ceremony September 25 2024 at JW Marriott Austin","1","Ceremony run by the Governor's Commission for Women (state body) honoring five career Texas state agency employees; statewide. I4 was scored NO for Texas, so this is a distinct finding, not an I4 overlap."
"Utah","UT","I6","Was there a state-sponsored appreciation event beyond the proclamation itself?","10","YES","10","https://governor.utah.gov/press/news-release-gov-cox-honors-state-employees-with-2025-governors-awards-for-excellence","NEWS RELEASE: Gov. Cox honors state employees with 2025 Governor's Awards for Excellence","OFFICIAL","2025-11-04","2026-07-31","Twenty-five state employees recognized November 4 2025 across seven award categories","1","Same event as I4 evidence - the 2025-11-04 Governor's Awards for Excellence recognition of 25 executive branch employees. No distinct non-awards appreciation event found for Utah."
"Vermont","VT","I6","Was there a state-sponsored appreciation event beyond the proclamation itself?","10","COULDNT_CHECK","0","https://aoa.vermont.gov/state-vermont-public-service-recognition-awards","State of Vermont Public Service Recognition Awards - Agency of Administration","NONE","UNDATED","2026-07-31","n/a","4","Every candidate source returned HTTP 403: aoa.vermont.gov awards page, vtrans.vermont.gov/public-service, humanresources.vermont.gov, governor.vermont.gov press release, and vermontbiz.com mirror. Search snippets indicate 2024 and 2025 statewide ceremonies with photos and programs, but no page could be opened and read, so no YES awarded."
"Virginia","VA","I6","Was there a state-sponsored appreciation event beyond the proclamation itself?","10","NO","0","NONE","NONE","NONE","UNDATED","2026-07-31","n/a","4","dhrm.virginia.gov Governor's Honor Awards page 404s; read DHRM HR Highlights bulletins for April 2025, May 2025 and Nov-Dec 2024 - May 2025 says only 'We hope all state employees had a fun and exciting time during Virginia Public Service Week', no state-run event described, and Nov-Dec 2024 describes only a Leadership Academy graduation. Governor's Volunteerism awards ceremonies rejected as wrong population (volunteers)."
"Washington","WA","I6","Was there a state-sponsored appreciation event beyond the proclamation itself?","10","YES","10","https://ofm.wa.gov/employee-opportunities/public-service-recognition-week/","Public Service Recognition Week - Washington State OFM","OFFICIAL","2026-05-06","2026-07-31","View photos of the PSRW Leadership and Extra Miles Awards Ceremony May 6 2026","1","OFM page carries past-tense photo galleries of the May 6 2026 awards ceremony and a separate May 7 2026 Olympia PSRW cross-agency event; the Olympia/Spokane/Kennewick employee events are DISTINCT from the awards ceremony and from the I4 Productivity Board evidence."
"Washington DC","DC","I6","Was there a state-sponsored appreciation event beyond the proclamation itself?","10","YES","10","https://mayor.dc.gov/release/mayor-bowser-host-salute-public-service-ceremony-honoring-public-servants%E2%80%99-contributions","Mayor Bowser to Host Salute to Public Service Ceremony","OFFICIAL","2025-04-09","2026-07-31","Ceremony honoring District employees held April 9 2025 at Convention Center","1","District-wide, Mayor-sponsored, for District employees; occurrence confirmed by the official recorded livestream 'Mayor Bowser Hosts Salute to Public Service Ceremony, 4/9/25' and the 2025-04-09 mayoral calendar entry. Distinct from I4 - the MPD ceremony was rejected as sub-statewide and the District-issued Cafritz gala release is 2022-06-30, below the floor."
"West Virginia","WV","I6","Was there a state-sponsored appreciation event beyond the proclamation itself?","10","YES","10","https://wvmetronews.com/2023/05/10/state-employees-recognized-for-up-to-55-years-of-work-at-annual-governors-public-service-recognition-ceremony/","State employees recognized at annual Governor's Public Service Recognition Ceremony","NEWS","2023-05-10","2026-07-31","Annual ceremony held May 10 2023 honoring employees with 30-plus years service","1","News article explicitly reports the statewide ceremony was held; state-sponsored, career state employees. Distinct from I4, which was scored NO for West Virginia. personnel.wv.gov/events lists only career fairs."
"Wisconsin","WI","I6","Was there a state-sponsored appreciation event beyond the proclamation itself?","10","YES","10","https://themonroetimes.com/local-news/dpi-named-recipient-of-2024-diversity-award/","DPI named recipient of 2024 Diversity Award","NEWS","2024-12-06","2026-07-31","Awards ceremony was held at the Wisconsin State Capitol on Friday","1","Past-tense news confirmation that the 2024 Diversity and Virginia Hart Special Recognition Awards Ceremony was held at the Capitol; the WIGOV press release bulletin 3c49e6c gives the date as December 6 2024 at 9:00 am. Same award program as the I4 evidence (Virginia Hart), so this overlaps I4."
"Wyoming","WY","I6","Was there a state-sponsored appreciation event beyond the proclamation itself?","10","NO","0","NONE","NONE","NONE","2022-07-06","2026-07-31","n/a","1","Only statewide employee recognition ceremony found is the 2022-07-06 Wyoming State Employee Recognition Ceremony at the Herschler Building (Flickr), below the 2023 floor. Searched governor.wyo.gov and A&I/HR; wyoming DOT HR employee news page has no event. DEQ's employee recognition reception rejected as sub-statewide (single agency)."
