jurisdiction,pd_function_count,pd_function_names,cpm_status,cpm_present,certificate_programs,certificate_present,pd_points,digital_states_grade,digital_states_points,dimension4_score,psai_contribution,pd_source_urls,source_publication_dates,verified,notes
Alabama,1,State Personnel Department Training Division (management and leadership training),Accredited + established,yes,"Graduate Certificate in Public Management (University of Alabama at Birmingham (UAB), Department of Political Science and Public Administration)",yes,74,B,83,78.5,11.775,https://www.personnel.alabama.gov/About; https://www.uab.edu/cas/pspa/graduate/graduate-certificates/public-management,undated; undated,yes,"Alabama: On the official Alabama State Personnel Department (SPD) About page (personnel.alabama.gov/About), a general ""Training Division"" is named, described as providing centralized management/leadership training for state employees; no distinct academy name or date is shown (verified=true, page directly named the division). A companion SPD document, ""STATE PERSONNEL DEPARTMENT TRAINING CLASSES"" (personnel.alabama.gov/Downloads/TrainPrograms.pdf), lists leadership/supervisory course offerings and is dated ""Updated June 26, 2025"" per search snippet, but the PDF itself could not be parsed to confirm text/date directly, so verified=false (unconfirmed by direct fetch). No separate state-run ""leadership academy"" was found. Non-CPM certificate program found: UAB's ""Graduate Certificate in Public Management,"" a structured completion-credential program aimed at professionals seeking public-sector management advancement (public university, non-CPM). The Auburn University at Montgomery (AUM) program found in search is the National CPM Consortium-accredited CPM program and was excluded per instructions since it is scored separately."
Alaska,2,"Learning and Development (Division of Personnel, Dept. of Administration) — statewide training/learning function; Academy for Supervisors (State of Alaska, levels 101/200/300/400)",No program,no,"Graduate Certificate in Executive Leadership, University of Alaska Anchorage (College of Business & Public Policy) (University of Alaska Anchorage)",yes,77,C+,77,77,11.55,https://doa.alaska.gov/dop/TrainingDevelopment/; https://doa.alaska.gov/dop/TrainingDevelopment/; https://catalog.uaa.alaska.edu/graduateprograms/cbpp/gradcert-executiveleadership/,undated; undated; 2026-2027 catalog,yes,"Alaska: Two statewide PD functions confirmed on the official Division of Personnel Learning and Development page (doa.alaska.gov/dop/TrainingDevelopment/): (1) the 'Learning and Development' team/division that runs the statewide learning management system (AspireAlaska), and (2) the 'Academy for Supervisors' leadership/supervisor training program (101 live now; 200/300/400 listed as coming soon). Page shows no publication/last-updated date, so pub_date=undated for both. One qualifying public-university certificate found: UAA's Graduate Certificate in Executive Leadership (2026-2027 catalog), aimed at leaders/executives in public, private, or nonprofit sectors. The 'Alaska Rural Management Certificate' was found but is offered by Alaska Pacific University, a PRIVATE institution, not a public university, so it does not meet the public-university criterion — included as verified=false/excluded from count for transparency. No other distinct statewide leadership academy or certificate program was confirmed on an official source."
Arizona,1,"Arizona Learning and Development (statewide training portal, ADOA)",Accredited + established,yes,Graduate Certificate in Public Administration (Arizona State University (School of Public Affairs / ASU Online)); Undergraduate Certificate in Public Administration and Public Management (Arizona State University (School of Public Affairs)),yes,74,A-,92,83,12.45,https://hr.az.gov/arizona-learning-and-development; https://asuonline.asu.edu/online-degree-programs/certificates/public-administration-graduate-certificate/; https://spa.asu.edu/undergraduate-certificates/majorinfo/PPPAFCERT/undergrad/true/4,undated; undated; undated,yes,"Arizona: Found three candidate PD functions run through the Dept. of Administration (ADOA): (1) Arizona Learning and Development — the statewide training portal offering free professional development to state and non-state employees, confirmed on hr.az.gov (official, static content, verified=true). (2) State of Arizona Leaders Connect (SALC) — a leadership-development program for state agency leaders, jointly run by the Governor's Office, Government Transformation Office, and ADOA; described via WebSearch snippet from doa.az.gov/about-us/leaders-connect but the official page itself returned HTTP 403 on direct fetch, so verified=false pending re-confirmation on the live page. (3) AZ HR Orientation and Academy — a 3-level academy for HR professionals (not general state-employee/manager leadership), named on hr.az.gov via search snippet only (page not directly re-fetched), verified=false; borderline since it targets HR practitioners specifically rather than general managers. ASU Leadership Academy (leadershipacademy.asu.edu) was excluded as a state PD function because the fetched page did not indicate it is specific to state government employees/public managers — it appears to be a general ASU leadership program, not a state-run function. Certificate programs: ASU CareerCatalyst is a Governor-announced (Oct 21, 2025) state/ASU partnership pilot providing state employees access to ASU courses/certificates — named via hr.az.gov search snippet, source page returned 403 on direct fetch, so verified=false; pub_date 2025 reflects the announcement date reported in search results, not a confirmed on-page date. Also identified two non-CPM, non-degree structured certificate programs at Arizona State University's School of Public Affairs: a Graduate Certificate in Public Administration (ASU Online) and an Undergraduate Certificate in Public Administration and Public Management, both confirmed via their official ASU program pages (verified=true), though neither page displayed an explicit last-updated date (recorded as 'undated'). Two direct WebFetch attempts (hr.az.gov/arizona-learning-and-development, hr.az.gov/asu-careercatalyst-program, doa.az.gov/about-us/leaders-connect) returned HTTP 403 — content for those items is based on WebSearch result snippets rather than a directly re-opened primary page, hence conservative verified=false flags where the primary page could not be re-fetched directly. No dollar/funding figures were recorded per instructions."
Arkansas,1,"OPM Training (Office of Personnel Management Training and Outreach), Arkansas Department of Shared Administrative Services / Department of Transformation and Shared Services",Accredited + established,yes,,no,67,B,83,75,11.25,https://sas.arkansas.gov/personnel/training/,undated,yes,"Found one confirmed statewide PD function: OPM Training (the Office of Personnel Management's Training and Outreach division within Arkansas Department of Shared Administrative Services / Department of Transformation and Shared Services), which runs a centralized statewide training program including 'Required Supervisory Training' (Arkansas Government Basics, HRkansas, plus an elective) for new supervisors/managers — confirmed on official sas.arkansas.gov page, no specific last-updated date shown on page. No dedicated statewide 'leadership academy' for general state government employees was found (the Arkansas Leadership Academy is an education-sector/K-12 leadership program housed at University of Arkansas, not a statewide state-employee function — excluded as out of scope). No qualifying non-CPM certificate program was found for public managers/employees offered by the state or a public university; the only certificate-style program identified is Arkansas's Certified Public Manager (CPM) program itself (administered via UA Little Rock/APAC), which is excluded per instructions as it is the National CPM Consortium program scored separately elsewhere. Listed with verified=false as a non-counted reference item only."
California,3,California Leadership Academy (Statewide Leadership Development Program — Supervisor/Manager/Executive Development Programs) — CalHR Workforce Development Division; CalHR Statewide Training Program (incl. CalLearns Learning Management System and California LEAN Academy); Project Management Leadership Academy — California Department of Technology (CDT),No program,no,"Certificate in Essentials of Public Administration for Public Sector Professionals (California State University, Northridge (CSUN))",yes,92,A,100,96,14.4,https://www.calhr.ca.gov/about-calhr/divisions-programs/workforce-development-division/statewide-leadership-development/california-leadership-academy/; https://www.calhr.ca.gov/about-calhr/divisions-programs/workforce-development-division/calhr-statewide-training-program/; https://www.cdt.ca.gov/workforce-development/project-management-leadership-academy/; https://catalog.csun.edu/academics/mpa/programs/certificate-essentials-of-public-administration-for-public-sector-professionals/,undated; undated; 2026; 2026-2027,yes,"Confirmed on official CalHR (state .gov) pages: (1) California Leadership Academy — encompassing the Supervisor Development Program (SDP), Manager Development Program (MDP), and Executive Development Program (EDP), housed under CalHR's Workforce Development Division / Statewide Leadership Development; (2) CalHR Statewide Training Program, which includes the CalLearns learning management system and the California LEAN Academy (process-improvement training) — this is a distinct dedicated statewide training function separate from the Leadership Academy. Also confirmed a third official state function: the Project Management Leadership Academy (PMLA) run by the California Department of Technology (CDT), a 10-week program for public-sector professionals (2026 cohort dates given, but no page-level pub/update date). None of these CalHR/CDT pages displayed an explicit last-updated date, so pub_date is ""undated"" except PMLA where ""2026"" appears in body text referencing the current cohort. Excluded generic CalHR HR/careers/benefits pages and compliance-only training. Non-CPM certificate programs: CSUN's ""Certificate in Essentials of Public Administration for Public Sector Professionals"" (verified on 2026-2027 university catalog, a structured completion-credential program explicitly for public-sector professionals); CSUB's Public Administration Certificate (found via catalog page but not deeply fetched/confirmed as still active — verified=false, include for completeness); UC Davis GSM's ""California Leadership Academy"" executive-education program (distinct from the CalHR program of the same name — a public-university offering aimed at public service leaders such as county assessors/recorders/election officials, but not confirmed as a formal completion-certificate credential on a primary program page, so verified=false). Validation note: this collection is PD-infrastructure context only, separate from the CPM-scored metric per project rules; not merged into the scored index."
Colorado,0,,Accredited + established,yes,"Graduate Certificate in Public Management (Colorado State University (online.colostate.edu)); Professional Development Institute (PDI) / Professional Development & Focus Certificates (Colorado State University, Talent Development)",yes,20,B+,88,54,8.1,https://online.colostate.edu/certificates/public-management/; https://training.colostate.edu/professional-development-institute/,undated; 2026 (site copyright; no explicit last-updated date),yes,"Colorado PD functions found: (1) Learning & Development for the State of Colorado (LDC), the statewide training/learning division housed under the Dept. of Personnel & Administration's DHR; (2) Emerging Leader Certification Program, LDC's statewide leadership program for new/experienced supervisors; (3) HR Academy, LDC's statewide HR training hub. All three are named on dhr.colorado.gov pages, but WebFetch returned HTTP 403 on dhr.colorado.gov and operations.colorado.gov directly (site blocks automated fetch), so confirmation rests on search-engine snippets/cache of those official pages rather than a directly re-opened page — set verified=false per the strict rule (could not literally re-open the primary page myself); treat as needing re-verification via a different fetch method (e.g., archive.org) before scoring reliance. No CO state government leadership academy distinct from LDC/Emerging Leader was found. Certificate programs found at public universities: CSU's online Graduate Certificate in Public Management (4-course, stackable into MPPA) — directly fetched and confirmed, no date shown (undated); and CSU Talent Development's Professional Development Institute / Professional Development & Focus Certificates — directly fetched, confirmed, page shows only a 2026 copyright footer, no explicit last-updated date. No other CO public-university certificate-for-public-managers program was found in this pass. National CPM Consortium program excluded per instructions."
Connecticut,2,DAS Learning & Development (Statewide HR Employee Development); Aspiring Leaders Development Program,No program,no,"State of Connecticut Train the Trainer Certificate Program (Connecticut Training & Development Network (in partnership with DAS Learning Center)); Graduate Certificate in Leadership and Public Management (University of Connecticut, School of Public Policy)",yes,77,A-,92,84.5,12.675,https://portal.ct.gov/en/DAS/Statewide-HR/Employee-Development; https://portal.ct.gov/das/statewide-hr/employee-development/register; https://portal.ct.gov/ctdn/programs-and-services/train-the-trainer/programs; https://publicpolicy.uconn.edu/leadership-public-management-certificate/,undated; undated; undated; undated,yes,"Connecticut PD functions found on official state.gov sources: (1) DAS Learning & Development — the Executive Branch's central learning/training division under DAS Statewide HR (portal.ct.gov/en/DAS/Statewide-HR/Employee-Development), confirmed by direct fetch, no page date shown; (2) Aspiring Leaders Development Program — a standing statewide leadership-development program (since 2007 per search snippet) run through DAS, registration page confirmed by fetch, no date shown. Excluded generic HR/careers/mandatory-compliance training pages per instructions. Certificate programs (non-CPM) found: (1) State of Connecticut Train the Trainer Certificate Program, offered via the Connecticut Training & Development Network (CTDN, portal.ct.gov/ctdn) in partnership with the DAS Learning Center — confirmed by direct fetch of the CTDN programs page, no date shown; (2) UConn School of Public Policy's Graduate Certificate in Leadership and Public Management — a 12-credit public-university certificate for public-sector managers, confirmed by direct fetch, no date shown. No page among these carried an explicit last-updated/publication date, so pub_date is set to ""undated"" for all four items per instructions."
Delaware,3,"Division of Training and HR Solutions (DHR); iLEAD Delaware Leadership Program (Leadership Essentials, Frontline Leadership, Project and Process Leadership, Organizational Leadership); Delaware Learning Center (statewide learning management/training platform)",No program,no,Human Resources Certification (HRC) Program (Delaware DHR - Division of Training and HR Solutions); Administrative Professionals Curriculum (Delaware DHR - Division of Training and HR Solutions),yes,92,B+,88,90,13.5,https://dhr.delaware.gov/training/index.shtml; https://dhr.delaware.gov/training/prof-development/index.shtml; https://dhr.delaware.gov/training/index.shtml; https://dhr.delaware.gov/training/special/hrc/; https://dhr.delaware.gov/training/prof-development/index.shtml,undated; undated; undated; undated; undated,yes,"Delaware runs statewide PD infrastructure via DHR's Division of Training and HR Solutions (dhr.delaware.gov/training/index.shtml), which operates the iLEAD Delaware Leadership Program (a four-tier leadership curriculum: Leadership Essentials, Frontline Leadership, Project and Process Leadership, Organizational Leadership) and the Delaware Learning Center as the statewide LMS/training delivery platform. Certificate-style completion credentials found: the Human Resources Certification (HRC) Program (3-year, 8-competency HR professional credential, confirmed on its own official page dhr.delaware.gov/training/special/hrc/), a Supervisory Development Certification (page found via search but not independently re-fetched to confirm content, so verified=false), a Continuous Process Improvement Practitioners Certificate Program (named on the main training landing page but no dedicated page independently confirmed, verified=false), and the Administrative Professionals Curriculum (confirmed on the professional-development page). No pages carried an explicit publication/last-updated date, so pub_date is ""undated"" throughout. No public-university (e.g., University of Delaware) public-manager certificate program was found in this search pass. All items are commitment/infrastructure signals only; no dollar or funding figures were recorded."
Florida,0,,Program exists,no,Certified Government Chief Information Officer (CGCIO) (Florida State University - Institute of Government); Certified Public Technology Manager (CPTM) (Florida State University - Institute of Government),yes,7,B,83,45,6.75,https://iog.fsu.edu/certification-programs; https://iog.fsu.edu/certification-programs,undated; undated,yes,"Florida (statewide, non-CPM PD infrastructure) — searched official state .gov and public university sources 2026-07-10.  PD FUNCTIONS: No dedicated, confirmed-on-primary-source statewide general-employee PD division/leadership academy was found that met the bar. (a) DMS 'Learning and Development' / Learning Management System page (dms.myflorida.com) is a real state HR page but reads as a generic LMS/HR-training portal, not a named standing PD program — could not confirm a distinct named division/academy on the page itself, so verified=false. (b) Florida Leadership Academy is run by FDLE/FCJEI but is explicitly scoped to criminal-justice supervisors, not general statewide employees, so it was excluded from the countable set per task rules — listed but flagged as not counted (verified=false). Net countable pd_functions with official_state_gov=true AND verified=true: 0.  CERTIFICATE PROGRAMS (non-CPM): Florida State University's Institute of Government (iog.fsu.edu/certification-programs) offers two named, verifiable certificate programs open to public-sector/government professionals: Certified Government Chief Information Officer (CGCIO) and Certified Public Technology Manager (CPTM) — both confirmed on the primary FSU page, no date shown (undated). A 'Certificate in Supervisory Management (CSM)' associated with the Florida Society of Certified Public Managers was referenced in secondary/search-summary sources (search snippet, LinkedIn) but could NOT be confirmed on FCPM's own official pages (fcpm.fsu.edu, about-fcpm, how-become-certified-public-manager-florida) after direct fetch — included with verified=false per instructions (found but unconfirmed on primary source).  The National CPM Consortium-accredited Florida CPM program (administered by FCPM/FSU) was deliberately excluded per task scope, as it is scored separately under Dimension 4's CPM metric.  Caveat: this data measures PD infrastructure/commitment signals only, not spending, funding, or dollar amounts; no dollar figures were recorded or inferred."
Georgia,1,Office of Enterprise Learning (DOAS) / GA@WORK Learning,Accredited + established,yes,"Public Finance Leadership Academy (PFLA) (Carl Vinson Institute of Government, University of Georgia); Georgia Certified Economic Developer (GCED) (Carl Vinson Institute of Government, University of Georgia (with Georgia Economic Developers Association)); Certified Downtown Professional (CDP) (Carl Vinson Institute of Government, University of Georgia (with Georgia Downtown Association))",yes,74,A,100,87,13.05,https://doas.ga.gov/enterprise-learning; https://cviog.uga.edu/training/index.html; https://cviog.uga.edu/training/economic-development-training/gced.html; https://cviog.uga.edu/training/index.html,undated; undated; 2026; undated,yes,"Confirmed on official DOAS.ga.gov page: Office of Enterprise Learning, which manages the statewide GA@WORK Learning LMS for state employee professional development (counted as the dedicated statewide PD function; excludes generic HR/careers pages which named no distinct program). No separate named ""leadership academy"" for general state employees was found on DOAS or Governor's Office pages (Governor's School Leadership Academy is education/K-12 focused, not statewide public-manager PD, so excluded). Non-CPM certificate programs found at UGA's Carl Vinson Institute of Government (public university, not the National CPM Consortium program which is excluded/scored separately): Public Finance Leadership Academy (PFLA), Georgia Certified Economic Developer (GCED), and Certified Downtown Professional (CDP) — all confirmed on cviog.uga.edu official pages. None of the CVIOG pages displayed a specific last-updated date (GCED page footer shows generic site copyright 2026, not a content pub date, so recorded as 2026 with low confidence; PFLA/CDP recorded as undated since only found on the general training index page)."
Hawaii,0,,No program,no,Graduate Certificate in Public Administration (University of Hawaiʻi at Mānoa Outreach College); Graduate Certificate in Nonprofit Management (University of Hawaiʻi at Mānoa (Public Administration Program)); Graduate Certificate in Public Policy (University of Hawaiʻi at Mānoa (Public Administration Program)),yes,7,A-,92,49.5,7.425,https://www.outreach.hawaii.edu/programs/graduate-certificate-in-public-administration/; https://puba.manoa.hawaii.edu/certificates; https://puba.manoa.hawaii.edu/certificates,undated; undated; undated,yes,"Hawaii official-state-gov search found no distinctly-named, dedicated statewide PD division or leadership academy on a .gov page — DHRD's Training and Development / Learning and Development (via Adobe Learning Manager, contact dhrd.training@hawaii.gov) is a generic HR-training service area with no specific branded program name found, so it is listed with verified=false (does not clearly meet the ""dedicated named function"" bar; borderline HR/training page). No official state-run leadership academy was found on a .gov source — the ""Hawaii Leadership Academy"" found via search is run by the Hawaii Employers Council, a private/nonprofit organization, not the state government, so it was excluded entirely. Certificate programs: University of Hawaiʻi at Mānoa Outreach College offers a Graduate Certificate in Public Administration (verified, primary source); the UH Mānoa Public Administration Program (puba.manoa.hawaii.edu) offers Graduate Certificate in Nonprofit Management and Graduate Certificate in Public Policy (verified, primary source; note this page did NOT list a ""Public Administration"" certificate despite the program name). A ""Certificate in Leadership and Management"" via UH Outreach College was found in search results but the direct URL returned 404 on fetch, so it is listed with verified=false pending re-confirmation. None of these certificate programs are the National CPM Consortium program (excluded per instructions). No dates were shown on any of these pages beyond generic copyright years, so pub_date is ""undated"" throughout."
Idaho,1,DHR Supervisory Academy (Idaho Division of Human Resources),Program exists,no,"Project Management Certificate (Idaho State University, College of Business)",yes,62,B,83,72.5,10.875,https://dhr.idaho.gov/event/dhr-supervisory-academy-boise/; https://www.isu.edu/cob/programs/certificates/projectmanagement/,"2025 (event dated May 20-22, 2025; no page-level publish date shown); 2019",yes,"Idaho pd_functions: confirmed one dedicated statewide function — the DHR Supervisory Academy, a 3-day statewide supervisory training run by the Idaho Division of Human Resources (dhr.idaho.gov), re-fetched and confirmed on the official event page. Excluded: employee.idaho.gov/state-employee-trainings/ (generic portal linking out to agency training pages, no named division/academy of its own; last updated 2026-03-10 per page timestamp, but names no dedicated function); dhr.idaho.gov/course-catalog/ (lists individual courses, not a named academy/division program); CTE Leadership Institute and Idaho Academic Leadership Academy (both are education-sector, not statewide state-employee PD, and not confirmed as state-gov general workforce functions). certificate_programs: found the ISU College of Business Project Management Certificate (verified, official ISU page, dated 2019 copyright, no newer timestamp found) and the Pre-CPM Certificate offered via cpm.idaho.gov's 15-course series — flagged verified=false and noted here for transparency, but this is part of the National CPM Consortium program itself (Idaho's CPM program page), which is explicitly excluded from this collection per instructions since it is scored separately; listed only to document what was found, not for counting. No other non-CPM public-manager certificate programs were confirmed on official .gov or public-university pages during this search pass."
Illinois,2,Governor's Office Academy of Leadership (G.O.A.L.); CMS Learning & Professional Development (Office of Operational Excellence),Accredited + established,yes,Certificate of Graduate Study in Public Management (Northern Illinois University); Certificate in Public Management (Illinois Institute of Technology),yes,89,B+,88,88.5,13.275,https://cms.illinois.gov/agency/ooe/goal.html; https://cms.illinois.gov/agency/ooe/lpd.html; https://www.niu.edu/online/certificates/certificate-public-management.shtml; https://www.iit.edu/academics/programs/public-management-certificate,undated; undated; undated; undated,yes,"Illinois PD functions found and confirmed on official state (.gov) pages: (1) Governor's Office Academy of Leadership (G.O.A.L.) — an 11-month cohort leadership development program for mid-level executive-branch leaders, run under CMS's Office of Operational Excellence (cms.illinois.gov/agency/ooe/goal.html); (2) CMS Learning & Professional Development (formerly Agency Training & Development), the state's central training division under CMS Office of Operational Excellence, which also references ""CMS University"" as the state's internal continuing/professional education portal (cms.illinois.gov/agency/ooe/lpd.html). Excluded from pd_functions: generic HR/career pages (Upward Mobility Program, careers.illinois.gov career-development page) as these are career-counseling/compliance-adjacent, not dedicated PD/training functions, and the National CPM Consortium-affiliated ""Illinois Certified Public Manager Program"" at UIC (gfrc.uic.edu) since that is scored separately per project rules. Certificate programs (non-CPM) found at three public universities: NIU's Certificate of Graduate Study in Public Management, IIT's Certificate in Public Management, and UIS's Public Management & Policy Graduate Certificates (page could not be fetched directly — 403 Forbidden — so listed as unverified; found via search snippet only, names include Public Procurement Management, Community Planning, and Nonprofit Management graduate certificates). No page among these sources displayed a visible last-updated/publication date; all pub_date fields set to ""undated"" per instructions."
Indiana,2,Indiana State Personnel Department (SPD) — Learning & Development / Training Opportunities; Indiana Manager Central (IMC) — statewide manager-centric resource and training/workshop series,Accredited + established,yes,Graduate Certificate in Public Management (Indiana University Indianapolis — Paul H. O'Neill School of Public and Environmental Affairs),yes,89,A-,92,90.5,13.575,https://www.in.gov/spd/trainingopportunities/; https://www.in.gov/spd/trainingopportunities/managerssupervisors/; https://oneill.indianapolis.iu.edu/academics/graduate-degrees/certificates/public-management.html,undated; undated; undated,yes,"Statewide PD functions found and confirmed on official IN.gov pages: (1) Indiana State Personnel Department (SPD) Learning & Development / Training Opportunities — central statewide training division for state employees; (2) Indiana Manager Central (IMC) — explicitly named statewide manager-centric program with resource website, monthly newsletter, and training/workshop series. Excluded: IDOC (Dept of Correction) 'Leadership Academy' since it is agency-specific, not a statewide-employee function, and was not re-fetched/confirmed here; generic SPD onboarding/required-compliance training pages were excluded per instructions. Non-CPM certificate programs found at public universities: IU Indianapolis O'Neill School's Graduate Certificate in Public Management (re-fetched, named on primary page, no date shown) and Executive Certificate in Public Management (employer-facing, not independently re-fetched — verified=false); similar Graduate Certificate in Public Management offerings also listed at IU Bloomington and IU Kokomo (found via search, not independently re-fetched, so verified=false). Ball State University's Certified Public Manager program was excluded per instructions as it is the National CPM Consortium-accredited program, which is scored separately. No pub/update dates were found on any of these pages; all pub_date values are 'undated' per instructions (no today's-date substitution)."
Iowa,1,Performance & Development Solutions (PDS) — Iowa Department of Administrative Services,Accredited + established,yes,Professional Development Certificate (PDS) (Iowa Department of Administrative Services); Advanced Professional Development Certificate (PDS) (Iowa Department of Administrative Services); Leadership Development Certificate (PDS) (Iowa Department of Administrative Services); Advanced Leadership Development Certificate (PDS) (Iowa Department of Administrative Services); Public Employees Leadership Institute (completion certificates) (Iowa State University — Iowa LTAP),yes,74,B+,88,81,12.15,https://das.iowa.gov/state-employees/training-and-development; https://das.iowa.gov/advance-your-knowledge-pds-certificates; https://das.iowa.gov/advance-your-knowledge-pds-certificates; https://das.iowa.gov/advance-your-knowledge-pds-certificates; https://das.iowa.gov/advance-your-knowledge-pds-certificates; https://iowaltap.iastate.edu/public-employees-leadership-institute/,undated; 2018-02; 2018-02; 2018-02; 2018-02; undated,yes,"Iowa PD infrastructure: (1) pd_functions — one confirmed official statewide function: Performance & Development Solutions (PDS), the central training/learning division under Iowa DAS (das.iowa.gov), offering 35+ live courses to state employees; page is undated but references FY26 catalog. No separate state 'leadership academy' distinct from PDS was found on an official state page (Iowa Principal Leadership Academy is education-sector specific under Dept of Education, not statewide public-manager PD, so excluded). (2) certificate_programs — Two overlapping naming generations found on official DAS pages: an older 2018-dated set (Professional Development Certificate, Advanced Professional Development Certificate, Leadership Development Certificate, Advanced Leadership Development Certificate) confirmed via https://das.iowa.gov/advance-your-knowledge-pds-certificates (pub_date 2018-02, directly fetched/verified), and a current-generation set named on the pds-certificate-programs page per search snippet (TDC, ATDC, LCBDC, MDC) that returned HTTP 403 on direct WebFetch, so those four are marked verified=false (found via search results only, not re-opened on primary source). Also included Iowa State University's Public Employees Leadership Institute (Iowa LTAP), which issues completion certificates and is open to public agency employees; verified via direct fetch, page undated (only copyright range 1995-2026 shown). Excluded: the National CPM Consortium program run with Drake University (das.iowa.gov / drake.edu), per instructions since it is scored separately as the CPM metric. Excluded generic DAS 'human-resources/training-and-development' HR pages and compliance-only training as non-qualifying per rules. No dollar/budget figures were recorded."
Kansas,1,Kansas Learning & Performance Management (KLPM),Accredited + established,yes,City & County Management Certificate (KU School of Public Affairs and Administration) (University of Kansas); Public/Nonprofit Management Certificate (KU School of Public Affairs and Administration) (University of Kansas),yes,74,B,83,78.5,11.775,https://admin.ks.gov/for-state-agencies/klpm; https://spaa.ku.edu/city-county-management-certificate; https://spaa.ku.edu/publicnonprofit-management-certificate,undated; undated; undated,yes,"Kansas PD functions: found one official statewide function confirmed on a state .gov source — Kansas Learning & Performance Management (KLPM), a Dept. of Administration/Office of Personnel Services platform (implemented 2021) providing training enrichment and performance-review management statewide (admin.ks.gov/for-state-agencies/klpm). The generic ""Training"" page (admin.ks.gov/offices/personnel-services/training) and ""STAT"" (Statewide Training Action Team) reference were not counted separately as they largely point back to KLPM and orientation/compliance-style content rather than a distinct dedicated PD division/academy. No dedicated statewide leadership academy run directly by Kansas state government was found on an official .gov source; Leadership Kansas and the Kansas Leadership Center are independent nonprofits, not state-government-run, so they were excluded. Excluded the Heartland Certified Public Manager (CPM) program at KU Public Management Center (kupmc.ku.edu) — this is Kansas's National CPM Consortium-accredited CPM program, scored separately per project rules, not a non-CPM certificate. Non-CPM certificate programs found at public universities: KU's City & County Management Certificate and Public/Nonprofit Management Certificate (both verified on primary spaa.ku.edu pages, 12 graduate credit hours each, no page-level pub date so marked ""undated""); Wichita State's MiniMPA professional-development certificate series (Hugo Wall School) was found via search but not independently re-fetched/confirmed on a primary page, so verified=false. Kansas State University's online graduate certificate was mentioned in search results but no primary page was located/confirmed, so it was not included as a distinct verified item."
Kentucky,1,"Governmental Services Center (GSC), Kentucky Personnel Cabinet",No program,no,"Graduate Certificate in Public Financial Management (University of Kentucky, Martin School of Public Policy and Administration)",yes,62,B-,80,71,10.65,https://extranet.personnel.ky.gov/Pages/GSC.aspx; https://martin.uky.edu/graduate-certificate-public-financial-management,undated; undated,yes,"Kentucky pd_functions: only the Governmental Services Center (GSC) within the Personnel Cabinet was confirmed as a dedicated, named statewide PD function on an official state.gov page (extranet.personnel.ky.gov/Pages/GSC.aspx) — it is described as ""the training and development office for Kentucky state employees,"" offering leadership/customer-service instructor-led training and eLearning via CommonwealthU. No last-updated date appears on the page, so pub_date is 'undated'. No separately named 'leadership academy' could be confirmed on an official KY source (searches returned only generic Personnel Cabinet references, not a formally named academy) — not included since it could not be confirmed on a primary page. certificate_programs: University of Kentucky Martin School offers a 'Graduate Certificate in Public Financial Management' aimed at public/nonprofit finance leaders, verified on martin.uky.edu (undated page, no last-updated date shown). Martin School also offers a 'Graduate Certificate in Nonprofit Management,' but it is nonprofit-sector focused rather than public-manager focused, so it was excluded. The historic Kentucky CPM program (established 1985 via GSC + Kentucky State University) is reported by secondary sources (Kentucky Society of Certified Public Managers, kscpm.org) to no longer be actively offered; included here as verified=false/unconfirmed since no live official page confirms it, and it is the National CPM Consortium program type which is scored separately and excluded from this list's count regardless. No other non-CPM public-manager certificate programs at Kentucky public universities were confirmed."
Louisiana,2,"Learning, Performance, and Culture division (administers Comprehensive Public Training Program / CPTP); SCS CPTP Leadership Academy",Program exists,no,Louisiana Public Leader Certificate Program (LSU Executive Education),yes,77,B+,88,82.5,12.375,https://www.civilservice.louisiana.gov/divisions/training/default.aspx; https://www.civilservice.louisiana.gov/divisions/training/LeadershipAcademy.aspx; https://www.lsu.edu/business/executive-education/public-leader.php,undated; undated; 2024,yes,"Louisiana PD functions found on official state.gov (civilservice.louisiana.gov) sources: (1) Learning, Performance, and Culture division (formerly Talent Development), which administers the statutory Comprehensive Public Training Program (CPTP) for state Classified employees; (2) SCS CPTP Leadership Academy, a standing leadership-development program under CPTP. Both confirmed on live official state pages, no explicit page date shown. Certificate programs (non-CPM) found via public university (LSU): Louisiana Public Leader Certificate Program (LSU Executive Education, confirmed on primary page, references a 2024 cohort date) for state/local government and nonprofit employees; and a general ""Management and Leadership Certificate Program"" listed on LSU Continuing Education's course catalog (ce.lsu.edu) — not explicitly restricted to public-sector employees and page is undated, so marked verified=false/lower confidence. LSU's Certified Public Manager (CPM) program was excluded per instructions since it is the National CPM Consortium program scored separately."
Maine,1,"Statewide coordinated training and organizational development system (Bureau of Human Resources, per 5 M.R.S. §7036) — includes the statutory Training and Organizational Development Fund",No program,no,"Certificate of Graduate Studies in Public and Nonprofit Management (Muskie School of Public Service, University of Southern Maine) (University of Southern Maine — Muskie School of Public Service)",yes,62,A-,92,77,11.55,https://legislature.maine.gov/statutes/5/title5sec7036.html; https://usm.maine.edu/policy-planning-management/,undated; undated,yes,"Searched Maine state.gov HR/training pages, DHHS, and public university sites. STATEWIDE FUNCTION FOUND (1): Title 5 §7036 statutorily requires the State Human Resources Officer / Bureau of Human Resources to 'provide for a statewide coordinated training and organizational development system and services' and maintain a Training and Organizational Development Fund — this is the only confirmed dedicated statewide PD function on an official .gov/statute source; no separately named 'academy' or standalone training division currently exists (the former Office of Training and Organizational Development was disbanded in 2010 per secondary sources, unverifiable on a primary page, so not listed). EXCLUDED as not statewide/not qualifying: DHHS Staff Education and Training Unit (SETU) — confirmed on maine.gov but explicitly scoped to DHHS staff only, not statewide (https://www.maine.gov/dhhs/setu/); Maine Management Service — a job classification/compensation system, not a PD function (https://www.maine.gov/bhr/state-employees/MaineManagementService); Leadership Maine and Policy Leaders Academy — run by the private Maine Development Foundation, not state government. CERTIFICATE PROGRAM FOUND (1): USM Muskie School of Public Service offers a Certificate of Graduate Studies with a Public and Nonprofit Management concentration, confirmed on the official USM program page (https://usm.maine.edu/policy-planning-management/), designed for managerial/leadership challenges in public and nonprofit sectors; page had no explicit publication date so pub_date is 'undated'. Checked but not included: UMaine Division of Lifelong Learning (no government-manager-specific certificate found on primary page); UMA Public Administration program (bachelor's degree, not a certificate); 'Management Certificate Training Program' via Merrymeeting Adult Education, found only on the third-party Maine JobLink aggregator, not a primary state or public-university source, so excluded as unverified."
Maryland,0,,Program exists,no,"Graduate Certificate in Public Sector Finance and Acquisition (University of Maryland, College Park - Extended Studies / School of Public Policy); Graduate Certificate in Nonprofit Management Leadership (University of Maryland, College Park - Extended Studies / School of Public Policy); Executive Master of Public Management (EMPM) (University of Maryland School of Public Policy)",yes,7,B+,88,47.5,7.125,https://exst.umd.edu/professionals-post-baccalaureates/professional-graduate-programs/public-policy-graduate-programs/overview; https://exst.umd.edu/professionals-post-baccalaureates/professional-graduate-programs/public-policy-graduate-programs/overview; https://spp.umd.edu/your-education/masters/executive-master-public-management,undated; undated; undated,yes,"Maryland: No dedicated statewide central training division or leadership academy could be confirmed by name on an official state .gov source. DBM/OPSB's SPS Training via Workday Learning (The HUB) is state-run but reads as HR/system-usage training rather than a distinct PD/leadership function, so it is flagged unverified rather than counted. The Leadership Development Institute (mpctc.dpscs.maryland.gov/ldi.php) is an official state program but is scoped only to public-safety leaders (Maryland Police and Correctional Training Commissions), not a general statewide PD function, so it was excluded entirely. Leadership Maryland is a respected leadership program frequently used by public-sector professionals but is run by a private nonprofit, not a state agency, so it does not qualify as an official state PD function (listed with verified=false). Non-CPM certificate programs found at University of Maryland College Park (School of Public Policy / Extended Studies): Graduate Certificate in Public Sector Finance and Acquisition, Graduate Certificate in Nonprofit Management Leadership, and the Executive Master of Public Management (EMPM, a degree rather than short certificate, included for completeness). The Maryland Certified Public Manager Program (University of Baltimore, Schaefer Center) is explicitly the National CPM Consortium-accredited program and is EXCLUDED from scoring here per instructions (it is scored separately as the CPM metric); listed only for reference with verified=false to avoid double counting."
Massachusetts,1,Human Resources Division (HRD) — Commonwealth Learning and Professional Development,Program exists,no,"Certificate in Nonprofit Human Services Management (Suffolk University, Moakley Center for Public Management); Local Government Leadership and Management (certificate) (Suffolk University, Moakley Center for Public Management); Certificate in Human Services Management (Suffolk University, Moakley Center for Public Management); Online Certificate in Public Policy and Management (UMass Amherst School of Public Policy)",yes,62,A-,92,77,11.55,https://www.mass.gov/commonwealth-learning-and-professional-development; https://www.suffolk.edu/business/centers-institutes/moakley-center-for-public-management/certificate-programs; https://www.suffolk.edu/business/centers-institutes/moakley-center-for-public-management/certificate-programs; https://www.suffolk.edu/business/centers-institutes/moakley-center-for-public-management/certificate-programs; https://www.umass.edu/public-policy/online-certificate-public-policy-and-management,undated; undated; undated; undated; undated,yes,"MA official state PD infrastructure: Human Resources Division (HRD) runs ""Commonwealth Learning and Professional Development"" (mass.gov, verified/fetched, no date shown). HRD's Center for Staff Development (CSD) — page returned HTTP 403 on direct fetch, so corroborated only via search snippet (not independently re-opened/verified); CSD reportedly runs a ""Supervisor Academy"" and ""Management Certificate Program"" per search snippet, also unverified due to 403 block. MassAchieve is the Commonwealth's employee learning-management/LMS system (mass.gov page exists but not deep-fetched, so verified=false). No dedicated statewide ""leadership academy"" statute found beyond CSD's Supervisor Academy (unverified). Non-CPM certificate programs found at public universities: Suffolk University's Moakley Center for Public Management offers several certificates (Nonprofit Human Services Management, Local Government Leadership and Management, Human Services Management, and others) confirmed on Suffolk's own official program page — verified. UMass Amherst School of Public Policy offers an ""Online Certificate in Public Policy and Management,"" confirmed on its own official page — verified. UMass Lowell offers a ""Graduate Certificate in Public Administration & Leadership"" per catalog listing — not independently re-fetched for full confirmation, verified=false. None of these pages displayed an explicit last-updated/publication date; all pub_date values set to ""undated"" per instructions. No dollar figures, tuition, or budget data collected per PD-infrastructure-only scope."
Michigan,0,,Accredited + established,yes,Graduate Certificate in Public Administration (Central Michigan University),yes,20,A,100,60,9,https://www.cmich.edu/program/public-administration-grad,undated,yes,"Found for Michigan: (1) Human Resource Training and Development (HRTD), the training/development division under the Michigan Civil Service Commission/Dept. of Civil Service, offering technical and leadership/business-skills training for state employees; (2) the State of Michigan Learning Center (SOMLC), the central LMS platform hosting HRTD and other training courses for state employees. Both are named on official michigan.gov pages per search-engine snippets, but direct WebFetch to both URLs returned HTTP 403 (blocked), so I could not literally re-open and re-confirm page text -- set verified=false for both pending a re-fetch via an alternate method (e.g., archived/Wayback snapshot). No dedicated statewide 'leadership academy' distinct from HRTD was found; Michigan State Police's Training Division/Leadership in Police Organizations is agency-specific (law enforcement), not a statewide general-employee leadership academy, so it was excluded. Certificate program: Central Michigan University's Graduate Certificate in Public Administration, aimed at government/nonprofit professionals, confirmed on CMU's own program page (verified=true), no publication date shown on page. Note: SVSU's 'Michigan's Certified Public Manager Program' was found but excluded per instructions since it is the National CPM Consortium program, scored separately in Dimension 4's CPM metric, not a certificate program to be listed here."
Minnesota,4,"Enterprise Talent Development (ETD) — Minnesota Management and Budget (MMB), the state's central training/learning division offering leadership, core, and employee development courses for state employees; Emerging Leaders Institute (ELI) — cohort-based leadership development program preparing future leaders in Minnesota government, run under ETD; Senior Leaders Institute (SLI) — executive development program for experienced managers/directors moving into higher administrative leadership roles, run under ETD; Strategic Effectiveness for Aspiring Leaders (SEAL) — leadership-track program for non-management state employees aspiring to leadership, run under ETD",Program exists,no,"Certificate in Public Affairs Leadership — Hubert H. Humphrey School of Public Affairs, University of Minnesota; 9-month cohort program for mid-career public/nonprofit sector leaders (University of Minnesota (Humphrey School of Public Affairs))",yes,92,A,100,96,14.4,https://mn.gov/mmb/etd/; https://mn.gov/mmb/etd/leadership-development/; https://mn.gov/mmb/etd/leadership-development/; https://mn.gov/mmb/etd/leadership-development/; https://www.hhh.umn.edu/certificate-programs/certificate-public-affairs-leadership,undated; undated; undated; undated; undated,yes,"Minnesota — PD functions confirmed on official mn.gov (MMB) source: Enterprise Talent Development (ETD) is the central statewide training division; under it, three named leadership programs are explicitly listed on the official leadership-development page: Emerging Leaders Institute (ELI), Senior Leaders Institute (SLI), and Strategic Effectiveness for Aspiring Leaders (SEAL). No mandatory-compliance or generic HR/benefits pages were counted. Non-CPM certificate programs: Certificate in Public Affairs Leadership at UMN Humphrey School (verified on primary page, aimed at public/nonprofit mid-career leaders) and Public Management Graduate Certificate at MN State Mankato (found via search, not re-fetched/confirmed on primary page, so verified=false). Neither official mn.gov source nor the university pages displayed explicit publication/last-updated dates, so pub_date is recorded as ""undated"" per instructions."
Mississippi,3,Office of Training and Development (Mississippi State Personnel Board); Mississippi LEAD (Leadership Excellence And Development); Mississippi Continuous Improvement Program (MS-CIP),Accredited + established,yes,Administrative Services Certification Program (ASCP) (Mississippi State Personnel Board); Executive Services Certification Program (ESCP) (Mississippi State Personnel Board),yes,100,A-,92,96,14.4,https://www.mspb.ms.gov/training-development; https://www.mspb.ms.gov/training-development/mississippi-lead; https://www.mspb.ms.gov/training-development/mississippi-continuous-improvement-program; https://www.mspb.ms.gov/training-development/career-enhancement-and-electives; https://www.mspb.ms.gov/training-development/career-enhancement-and-electives,undated; undated; undated; undated; undated,yes,"Confirmed on official MSPB (www.mspb.ms.gov) pages, all undated (no page-level last-updated timestamp found): (1) pd_functions — Office of Training and Development (central training division), Mississippi LEAD (2-year executive leadership program), Mississippi Continuous Improvement Program/MS-CIP (6-month project management/process improvement course). Excluded the National CPM-accredited Mississippi Certified Public Manager (MCPM) program since CPM is scored separately. (2) certificate_programs — Administrative Services Certification Program (ASCP) and Executive Services Certification Program (ESCP) were explicitly named and confirmed on the career-enhancement-and-electives page (verified=true). Human Resources Certification Program (HRCP) and Basic Supervisory Course (BSC) were named on the training-development landing page/search results but did NOT appear on the career-enhancement-and-electives sub-page when directly fetched, so listed as verified=false pending a source that explicitly confirms them as standalone certificate programs. A third-party ""Mississippi Leadership Academy"" run by the Mississippi Center for Public Policy (mspolicy.org) was found but excluded as it is a private nonprofit, not a state government function."
Missouri,2,"Missouri Leadership Academy; State of Missouri Talent Development (Office of Administration Division of Personnel training/learning program, incl. MO Learning / Statewide Learning Framework)",Accredited + established,yes,"Graduate Certificate in Public Management (University of Missouri / Mizzou Online) (University of Missouri (Mizzou)); Certificate in Public Management (Missouri State University, Political Science and Philosophy Dept.) (Missouri State University)",yes,89,A-,92,90.5,13.575,https://leadershipacademy.mo.gov/; https://training.oa.mo.gov/; https://online.missouri.edu/degrees-programs/mu/arts-and-sciences/public-management/grad-cert; https://www.missouristate.edu/PSP/CPM/default.htm,undated; undated; undated; undated,yes,"Missouri statewide PD functions found and confirmed on official .gov pages: (1) Missouri Leadership Academy (leadershipacademy.mo.gov) — a named six-month statewide leadership development program hosted by the Office of Administration for emerging leaders across executive departments; (2) State of Missouri Talent Development / MO Learning / Statewide Learning Framework, run by OA's Division of Personnel via training.oa.mo.gov, the state's dedicated statewide training/learning infrastructure (distinct from generic HR/careers pages). Neither page displayed an explicit last-updated/publication date, so pub_date is set to 'undated' for both; these are current live official pages as of access. Non-CPM-Consortium certificate programs found at public universities: Mizzou's Graduate Certificate in Public Management (12 credit hours, NASPAA-aligned MPA coursework) and Missouri State University's Certificate in Public Management (postbaccalaureate, 12 credit hours) were confirmed on their own official program pages (verified=true). Also found but not independently re-fetched/confirmed on a primary page in this pass: MU Extension's non-credit Certificate in Public Management and UMKC Bloch School's MPA Certificate Options (both listed verified=false — found via search, not directly confirmed on the primary page). Excluded from pd_functions: generic HR/careers/benefits pages, job-classification specs (e.g., Staff Training and Development Coordinator classification page), and compliance-only training references. No dollar/spending figures were recorded per instructions."
Montana,1,State Enterprise Learning and Development (ELD),No program,no,"Graduate Certificate in Public Administration (University of Montana (Alexander Blewett III School of Law, Dept. of Public Administration and Policy))",yes,62,B+,88,75,11.25,https://doa.mt.gov/eld/; https://catalog.umt.edu/graduate/law/public-administration-policy/certificate/public-administration-certificate/,undated; 2025-2026 (catalog edition),yes,"Confirmed on Montana Dept. of Administration official site (doa.mt.gov/eld, redirect target of eld.mt.gov) a dedicated statewide function: ""State Enterprise Learning and Development"" (ELD) — the state's central training/learning division for state employees, offering courses including leadership development; no separately named leadership academy was found on this page (page itself references a ""Public Service Academy"" only as an external UM opportunity, not a state-run academy, so it was not counted as a state pd_function). For certificate programs, confirmed the University of Montana's ""Graduate Certificate in Public Administration"" (12-credit, Dept. of Public Administration and Policy, Blewett School of Law) via the official UM course catalog (2025-2026 edition). Montana State University's Master of Public Administration program was found but is a full degree, not a certificate, so excluded. No MSU-specific standalone certificate for public managers was confirmed on an official page. The CPM Consortium program itself is excluded per instructions (scored separately)."
Nebraska,1,State Personnel Training and Development (Nebraska DAS Personnel Division),Program exists,no,"Nebraska State Government Leadership Certificate (Nebraska Department of Administrative Services (DAS), State Personnel Division)",yes,62,B,83,72.5,10.875,https://das.nebraska.gov/personnel/training/about-us.html; https://das.nebraska.gov/personnel/training/leadership-cert.html,undated; undated,yes,"Confirmed statewide PD function: Nebraska DAS State Personnel Training and Development division (das.nebraska.gov/personnel/training/about-us.html), an official central training unit for state employees — page has no visible pub/update date (set to 'undated'). Confirmed structured certificate program: Nebraska State Government Leadership Certificate, a 1-year/16-module supervisory/manager credential run by DAS State Personnel with a completion ceremony (das.nebraska.gov/personnel/training/leadership-cert.html; undated). Found mentions of a 'Governor's Leadership Academy' hosted with the University of Nebraska's Center for Executive and Professional Development, referenced on an NDCS (Dept. of Corrections) agency news page, but the direct URL returned 404 on re-fetch and no primary statewide .gov page could be confirmed naming/describing it as an official standing program — recorded as unverified, not counted. No other statewide public-university certificate program for public managers (beyond the DAS Leadership Certificate) was confirmed on an official primary source within the time available."
Nevada,2,"Office of Employee Development (OED) — Nevada Division of Human Resource Management, Dept. of Administration; Management Academy — 5-month statewide leadership/management program for mid-level managers, run by OED",Accredited + established,yes,Nevada State Leadership Academy (NSLA) — Supervisor Bootcamp and Leadership Academy micro-credential programs (Nevada State University (public university)),yes,89,B+,88,88.5,13.275,https://hr.nv.gov/Sections/Office_of_Employee_Development/; https://hr.nv.gov/Services/ManagementAcademy/ProgramContent/; https://workforce.nevadastate.edu/nevadastate/course/course.aspx?catId=4,undated; undated; undated,yes,"Nevada: Confirmed two official state PD functions on hr.nv.gov (state .gov, Dept. of Administration/Division of HR Management) — (1) Office of Employee Development (OED), the central statewide learning & development division; (2) Management Academy, a standing 5-month leadership program for mid-level state managers run by OED. Excluded the Nevada Certified Public Manager (NVCPM) Program per instructions (it is the National CPM Consortium program, scored separately elsewhere, though it is also administered by OED). One non-CPM certificate program found and verified: Nevada State Leadership Academy (NSLA) at Nevada State University, a public-university micro-credential program comprising the Supervisor Bootcamp and Leadership Academy tracks for public-sector supervisors/managers. Excluded from consideration: NV ELearn (general course platform, not a dedicated PD division), Mandatory Supervisory Courses (compliance-oriented), and Leadership Institute of Nevada (LION) — a private/nonprofit org, not confirmed as state-run or university-run, so not included as verified. No page displayed an explicit last-updated/publication date; all set to ""undated"" per instructions (hr.nv.gov footer shows only a generic site copyright year, not a content date)."
New Hampshire,0,,Program exists,no,,no,0,A-,92,46,6.9,,,no,"Attempted to source NH statewide PD infrastructure from official training.nh.gov and das.nh.gov pages. Found via WebSearch (which quoted page content): (1) Bureau of Education and Training (BET) within NH Dept. of Administrative Services — the state's central training/learning division (training.nh.gov); (2) Supervisory Academy (SA) — an 8-week structured leadership training program for new managers/supervisors run by BET (training.nh.gov/programs/supervisory-trainings.aspx); (3) a Human Resource Management Certificate Program offered via DAS HR (das.nh.gov/hr/documents/HR Program.pdf), a non-CPM certificate credential. Excluded the NH Certified Public Manager (CPM) program (training.nh.gov/programs/cpm.aspx) per instructions since it is the National CPM Consortium program scored separately elsewhere. IMPORTANT LIMITATION: every training.nh.gov and das.nh.gov URL returned HTTP 403 Forbidden when directly re-fetched via WebFetch (bot-blocked/JS-rendered), so I could not literally re-open the primary pages myself to confirm exact wording or find a last-updated date — all items above are set verified=false and pub_date=undated accordingly, though official_state_gov=true since the domains are legitimate NH state government sites and WebSearch's own fetch surfaced quoted text naming these programs directly from those pages. No leadership academy beyond the Supervisory Academy, and no other public-university public-manager certificate program, was identified in this search pass."
New Jersey,1,Center for Learning and Improving Performance (CLIP) — NJ Civil Service Commission statewide training division,Accredited + established,yes,Certified Public Works Manager (CPWM) Program (Rutgers Center for Government Services),yes,74,B+,88,81,12.15,https://nj.gov/csc/training/; https://cgs.rutgers.edu/programs/public-works,undated; undated,yes,"Found one official statewide PD function: NJ Civil Service Commission's Center for Learning and Improving Performance (CLIP), confirmed on nj.gov/csc/training/ as responsible for planning/delivery of training for state employees (page undated). Excluded the NJ CPM Program (Rutgers SPAA/CSC) per instructions since it is the National CPM Consortium program scored separately. Found one non-CPM certificate program: Certified Public Works Manager (CPWM) Program via Rutgers Center for Government Services, for municipal/county public works personnel (page undated, copyright 2026 only). Considered Rutgers Executive Education's ""Certificate in Leadership Essentials"" but excluded it — it is general/corporate leadership training, not specific to public managers, and not primary-sourced as a government program (content dated ~2022, no clear last-updated date)."
New Mexico,1,State Personnel Office (SPO) Learning and Development Bureau,Accredited + established,yes,NM EDGE Certified Public Official (New Mexico State University (NM EDGE)); NM EDGE Certified Public Supervisor (New Mexico State University (NM EDGE)); NM EDGE Certified Human Resource Professional Program (New Mexico State University (NM EDGE) / referenced on NM SPO Learning and Development page),yes,74,C,73,73.5,11.025,https://www.spo.state.nm.us/learning-development/; https://nmedge.nmsu.edu/certifications/public-official.html; https://nmedge.nmsu.edu/programs/certification.html; https://www.spo.state.nm.us/learning-development/,2025-10-24; 2024; undated; 2025-10-24,yes,"Found: (1) NM State Personnel Office's official ""Learning and Development Bureau"" (state .gov, spo.state.nm.us) — confirmed statewide PD function, verified on official source dated to its Oct 2025 course catalog. (2) Aggie Leadership Training Academy (ALTA) at NMSU — an employee leadership program, but it is university-internal-staff-only (not a statewide public-sector program) and only found on an nmsu.edu training subdomain, not confirmed as an official statewide state-government function, so official_state_gov=false and verified=false (included for completeness, not counted). Non-CPM certificate programs from NM EDGE (NMSU, a public university) confirmed on the official nmedge.nmsu.edu certification page: NM Certified Public Official and NM Certified Public Supervisor (both distinct from, and precursors to, the National CPM Consortium-accredited NM Certified Public Manager, which is excluded here as it is scored separately). Also found NM EDGE Certified Human Resource Professional Program referenced on the SPO Learning and Development page. Numerous other NM EDGE specialty certifications (County Clerk, GIS Specialist, Public Finance Professional, etc.) exist but are narrow/role-specific rather than general public-manager credentials and were not included as primary items."
New York,2,Statewide Learning and Development (Office of Employee Relations); Statewide Learning Management System (SLMS),No program,no,"Public Administration & Policy Certificate Program in Public Sector Management (University at Albany, SUNY (Rockefeller College))",yes,77,B,83,80,12,https://oer.ny.gov/statewide-learning-and-development; https://oer.ny.gov/training-and-professional-development; https://www.albany.edu/graduate-bulletin/public-admin-policy-certificate-program-public.php,undated; undated; undated,yes,"Confirmed on official NY state gov (oer.ny.gov): (1) ""Statewide Learning and Development"" — the Office of Employee Relations' central training division offering mandated, on-demand, and classroom training for state employees; (2) ""Statewide Learning Management System (SLMS)"" — the statewide LMS platform for registering/tracking employee training, named on the same OER training page. Both pages are undated (no last-updated timestamp shown). Found but NOT counted as verified: ""Aspiring Leaders Course"" — a 3-day leadership program run by the NYS & CSEA Partnership for Education and Training (a joint labor-management partnership, not a purely state .gov page), described as helping build leadership skills for NYS government careers; site shows 2026 session dates but no page-level publication date, and the org is not itself a state agency, so official_state_gov=false and verified=false (included for completeness only, not to be counted). Certificate program: University at Albany (SUNY) Rockefeller College's ""Public Administration & Policy Certificate Program in Public Sector Management"" — a 5-course graduate certificate for public-sector managers/professionals, confirmed on the official UAlbany graduate bulletin page (undated). Excluded from both lists: generic HR/benefits/EAP pages, union-specific (CSEA/PEF/GSEU/NYSCOPBA/PBANYS/Council 82) benefit programs, the OSC ""Academy for New York State's Local Officials"" (targets local government officials, not statewide state employees), and the National CPM Consortium program (scored separately per rules)."
North Carolina,3,OSHR Learning and Development (L&D) Division; Advanced Skills for Managers (ASM); Human Resources Professional Development (HRPD) Program,Accredited + established,yes,"MPA Public & Nonprofit Management Academy, Professional Certificate (UNC Charlotte)",yes,100,A,100,100,15,https://oshr.nc.gov/state-employee-resources/learning-and-development; https://oshr.nc.gov/state-employee-resources/learning-and-development/advanced-skills-managers-asm; https://oshr.nc.gov/state-employee-resources/learning-and-development/human-resources-professional-development-hrpd-program; https://academics.charlotte.edu/program/mpa-public-nonprofit-management-academy-professional-certificate-online/,undated; undated; undated; undated,yes,"Found on official NC OSHR (oshr.nc.gov) pages: the Learning and Development (L&D) Division (central statewide training division), the Advanced Skills for Managers (ASM) leadership development program, and the Human Resources Professional Development (HRPD) certificate program for HR staff — all confirmed on re-fetched official state .gov pages, none dated. Excluded the NC Certified Public Manager Program (scored separately as the National CPM Consortium program). Non-CPM certificate programs found: UNC Charlotte's MPA Public & Nonprofit Management Academy Professional Certificate (confirmed on official charlotte.edu program page, undated); NC State University's Leadership in the Public Sector undergraduate certificate and Nonprofit Management graduate certificate (found via NCSU catalog search results but not directly re-fetched/confirmed, so verified=false); NC Central University's Non-profit Management Certificate (found via search result only, not directly re-fetched, verified=false). No pub/last-updated dates were found on any of these pages."
North Dakota,1,Talent Management and Development team (OMB Human Resource Management Services) — statewide Learning and Development function,No program,no,Public Administration Graduate Certificate (University of North Dakota),yes,62,B+,88,75,11.25,https://www.omb.nd.gov/about-omb/staff-and-organizational-chart; https://und.edu/programs/public-administration-certificate/index.html,undated; undated,yes,"North Dakota: found ONE dedicated statewide PD function confirmed on an official state.gov page — the 'Talent Management and Development' team within OMB's Human Resource Management Services (OMB org chart page names a 'Learning and Development Manager' and 'Learning Solutions Architect'; contact hrmstraining@nd.gov; this team is described elsewhere as the hub for statewide learning/development strategy and maintains the statewide ELM Employee Learning Management system, though that description itself was not found on a re-opened primary page, so it is omitted from the verified claim). No dedicated 'leadership academy' by that name was found on an official state.gov page (a public omb.nd.gov training page has moved to an internal intranet, not machine-fetchable/public). Excluded as non-statewide/non-state-government: North Dakota League of Cities' Municipal Government Academy and Leadership Training Program (municipal association, not state government); Leadership North Dakota (nonprofit program hosted via University of Mary Online, not a state or public-university PD function in the required sense); NDSU Extension leadership programs (agricultural/civic, not for public managers). One certificate program found: University of North Dakota's Public Administration Graduate Certificate (public university, structured completion credential for public/nonprofit-sector managers), confirmed on UND's own program page; no explicit last-updated date on the page (only a site copyright year), so pub_date recorded as 'undated'. CPM Consortium program excluded per instructions (scored separately)."
Ohio,0,,Program exists,no,Graduate Certificate in Public Management (The Ohio State University — John Glenn College of Public Affairs),yes,7,A,100,53.5,8.025,https://glenn.osu.edu/graduate-programs/graduate-certificates/public-management-certificate,2026,yes,"Ohio findings: (1) PD FUNCTION — Ohio DAS 'Learning and Talent Development' (LTD) division, described via search results as having four areas (Professional Development, Leadership Development, Performance Management, Technology Management); the official das.ohio.gov page could not be directly re-fetched (returned 404 to the fetch tool, likely JS-rendered/blocked), so it is recorded as official_state_gov=true (state agency page identified via search) but verified=false since the primary page itself could not be re-opened and its exact program names literally confirmed. No last-updated date available. A separately found 'LEAD Ohio' / LEADOhio.org leadership training program is NOT a state government entity (independent nonprofit, leadohio.org, not .gov) and was excluded. The Ohio University 'OCPM Leadership Academy' and Cleveland State 'Public Management Academy' are components of the National CPM Consortium-accredited OCPM program and were excluded per instructions (CPM is scored separately). (2) CERTIFICATE PROGRAMS — Ohio State University John Glenn College of Public Affairs offers a 'Graduate Certificate in Public Management' (verified via direct fetch of glenn.osu.edu page, confirms program name and public-sector management focus; page shows copyright 2026, no specific last-updated date beyond that). Related OSU Online graduate certificates in Nonprofit Management and Federal Policy and Management were found via search but not directly re-fetched/confirmed, so marked unverified. The John Glenn 'Public Leadership Academy for Elected Officials' was excluded — it targets elected officials, not employees/managers, and is not a completion-credential certificate program."
Oklahoma,2,Statewide Learning Services (SLS) / OMES Learning and Development; Governor's Executive Development Program for State Officials,Accredited + established,yes,,no,82,B+,88,85,12.75,https://oklahoma.gov/omes/divisions/human-capital-management/learning-and-development.html; https://oklahoma.gov/content/dam/ok/en/omes/documents/ExecDevolpment.pdf,2025-09-23; undated,yes,"Confirmed on official Oklahoma OMES (Office of Management and Enterprise Services) pages: (1) Statewide Learning Services / OMES Learning and Development division (oklahoma.gov/omes, last modified 2025-09-23) — the state's central training/L&D division, offering Mandatory Supervisory Training, LinkedIn Learning, eLearning, etc. (2) Governor's Executive Development Program for State Officials, a recurring (16th Annual per fetched PDF) leadership-development program run jointly by OMES Human Capital Management, Oklahoma State University, and University of Oklahoma for top-level state officials; PDF had no visible publication date so pub_date is 'undated,' though a companion PDF exists for the '15th Annual' program (2020). The Certified Public Manager Program page on OMES (oklahoma.gov, last modified 2026-02-02) is EXCLUDED here per instructions since it is the National CPM Consortium program scored separately elsewhere, and no other non-CPM certificate program for public managers was found on official state or public-university sources (only general/private programs like Leadership Oklahoma, Leadership Exchange Academy via State Chamber Research Foundation, OSU Leadership Institute general leadership programs, and OCU professional-education leadership programs were found, none of which are official state government sources or explicitly public-manager completion certificates confirmed on a primary .gov page, so certificate_programs is empty)."
Oregon,2,"Leadership Oregon; Management Education Program (Foundational Training Program, Emerging Manager, New to Public Management)",Program exists,no,"Graduate Certificate in Nonprofit and Public Management (Portland State University, Mark O. Hatfield School of Government)",yes,77,B+,88,82.5,12.375,https://www.oregon.gov/das/hr/pages/lo.aspx; https://www.oregon.gov/das/hr/pages/mds.aspx; https://www.pdx.edu/public-administration/graduate-certificate-nonprofit-and-public-management,undated; undated; undated,yes,"Oregon official DAS/CHRO sources confirm: (1) Leadership Oregon — statewide executive leadership development program for state managers, established 1989, run by DAS Director's Office (oregon.gov/das/hr/pages/lo.aspx, undated page, 2026 cohort dates referenced). (2) Management Education program with named tracks: Foundational Training Program, Emerging Manager, New to Public Management (oregon.gov/das/hr/pages/mds.aspx, undated) — training courses, not a completion certificate. (3) HR Professional Training Programs (Essentials of HR, Functions of HR, HR Investigations) on oregon.gov/das/hr/pages/hrpt.aspx (undated) — HR-specific, not general management PD, so marked verified=false/lower confidence for counting as a general PD function (included for auditability but likely excludes per HR-specific scope; reviewer should confirm inclusion). Generic DAS training page (oregon.gov/das/pages/training.aspx) named no specific program, so not listed separately. Non-CPM certificate program found: Portland State University's Graduate Certificate in Nonprofit and Public Management (Hatfield School of Government), a 21-credit structured completion credential for public/nonprofit managers; direct WebFetch of the PSU page returned HTTP 403, so confirmation rests on PSU's own search-indexed page content/snippet rather than a re-opened live fetch — treat as corroborated rather than fully re-fetched. No Oregon state-run (non-CPM) certified-manager credential program was found."
Pennsylvania,3,Commonwealth University (CU) — statewide employee training program administered via My Learning/ESS; OA-Talent Development (Office of Administration); Governor's Center for Local Government Services (GCLGS) — Basic Local Government Training Series / Local Government Training Partnership,Accredited + established,yes,"Public Administration Certificate Program (18-credit, non-CPM) (Point Park University)",yes,100,B+,88,94,14.1,https://www.pa.gov/agencies/hrmoa/programs/training-development/training; https://www.pa.gov/agencies/hrmoa/programs/training-development/training; https://dced.pa.gov/local-government/training/; https://www.pointpark.edu/academics/schools/business/departmentofcommunityengagement/public-administration,undated; undated; 2026; undated,yes,"Pennsylvania statewide PD functions confirmed on official pa.gov sources: (1) Commonwealth University (CU) — the Commonwealth's central instructor-led training program delivered via My Learning in ESS, per the OA/HR training page; (2) OA-Talent Development, the OA unit supporting employee training/development and adjunct instructor recruitment (same page, contact 717.787.3813); (3) Governor's Center for Local Government Services (GCLGS), which runs the 2026–2027 Basic Local Government Training Series and the Local Government Training Partnership for municipal officials (dced.pa.gov) — included as a dedicated standing state training function, though it targets local (not state) officials, so its applicability to the 'statewide PD function' definition is borderline and flagged for reviewer judgment. Excluded: generic HR/benefits pages, PA Construction Codes Academy and Qualified Tax Collector program (compliance/certification-specific, not general manager PD), Governor's Awards for Excellence (recognition, not training). Certificate programs (non-CPM only; PA's actual CPM is run by Millersville University and is excluded here as it is scored separately under the National CPM Consortium metric): Point Park University's 18-credit Public Administration Certificate Program (verified on primary program page, no date shown). West Chester University's MPA concentration certificates are mentioned in search results as available as stand-alone certificates but I could not independently re-confirm exact certificate naming on the primary WCU page within this session, so verified=false. No dated (2022-2026) publication timestamps were found on any of the fetched official pages; all pub_date values are 'undated' except the GCLGS page which explicitly cites the 2026-2027 program cycle."
Rhode Island,2,"Office of Learning and Development (Division of Human Resources); Learning and Development Academies (Leadership Academy, Manager Academy, Communication Academy, Customer Service Academy, Government Innovation Academy, Coalition Building Academy)",No program,no,Public Management Certificate (URI MPA Program) (University of Rhode Island); Public Administration and Policy Professional Certificate (URI MPA Program) (University of Rhode Island),yes,77,B+,88,82.5,12.375,https://hr.ri.gov/learning/; https://hr.ri.gov/learning/academies/; https://web.uri.edu/online/programs/graduate/master-of-public-administration/mpa-certificates/; https://web.uri.edu/online/programs/graduate/master-of-public-administration/mpa-certificates/,undated; undated; undated; undated,yes,"Rhode Island: Confirmed on hr.ri.gov (Division of Human Resources) - (1) Office of Learning and Development, the central state training/PD office, and (2) its Learning and Development Academies page naming six academies (Leadership, Manager, Communication, Customer Service, Government Innovation, Coalition Building). These are treated as one dedicated statewide PD function (the office) plus its academy suite, counted together as the state's central PD infrastructure - not duplicated as separate line items beyond the two entries listed. Excluded: mandatory compliance trainings (cybersecurity, sexual harassment) and generic HR/careers pages per instructions. Non-CPM certificate programs found at University of Rhode Island (public university) via its MPA program: Public Management Certificate and Public Administration and Policy Professional Certificate, both 12-credit stackable graduate certificates confirmed on the official URI Online MPA certificates page. No page examined (hr.ri.gov/learning, hr.ri.gov/learning/academies, web.uri.edu MPA certificates) displayed an explicit publication/last-updated date, so pub_date is set to ""undated"" for all items; the academies page references ""Spring 2018"" content but has no formal date stamp, and URI page only shows a generic copyright year (2026)."
South Carolina,2,Learning and Organizational Development (SC Department of Administration); South Carolina Executive Institute,Accredited + established,yes,Associate Public Manager (APM) Program (SC Department of Administration); Human Resources Professional Development (HRPD) Program (SC Department of Administration); LeadSC Program (SC Department of Administration); Public Professional Development (PPD) Program (SC Department of Administration),yes,89,A-,92,90.5,13.575,https://admin.sc.gov/services/training; https://www.admin.sc.gov/services/training/south-carolina-executive-institute; https://www.admin.sc.gov/services/training/certifications; https://www.admin.sc.gov/services/training/certifications; https://www.admin.sc.gov/services/training/certifications; https://www.admin.sc.gov/services/training/certifications,undated; undated; undated; undated; undated; undated,yes,"South Carolina PD functions: (1) Learning and Organizational Development — the SC Dept. of Administration's central training division (contact team named on admin.sc.gov/services/training). (2) South Carolina Executive Institute — a structured executive-leadership development program (6 sessions over 7 months, capped at 30 participants) run by the Dept. of Administration, functioning as the state's leadership-academy equivalent. Non-CPM certificate/completion programs found on admin.sc.gov/services/training/certifications (all run by SC Dept. of Administration, Division of State Human Resources, distinct from the National-CPM-Consortium-accredited CPM program which is excluded per instructions): Associate Public Manager (APM) Program (incl. cohort variant), Human Resources Professional Development (HRPD) Program, LeadSC Program (Immerse/Invest tracks), and Public Professional Development (PPD) Program (incl. cohort variant) — listed once each, cohort variants treated as the same program. Also found but NOT verified as primary/official: University of South Carolina's Project Management Certificate Program (university continuing-education offering open to the public, not confirmed as specifically for public managers/state employees) — included with verified=false. No last-updated/publication dates were displayed on any of the admin.sc.gov pages fetched (pub_date recorded as ""undated"" per instructions); the Executive Institute page referenced a ""2026-27"" program-info PDF but this is a cohort-year label, not a page publication date, so it was not used as pub_date."
South Dakota,1,"Ignite Leadership Development program (5 tracks: Any-Level Leaders, Aspiring Leaders, First-Time Supervisors, Mid-Level Managers & Experienced Supervisors, Senior Leaders & High-Level Teams)",No program,no,State Government Leadership Excellence (graduate certificate) (University of South Dakota),yes,62,B-,80,71,10.65,https://bhr.sd.gov/employees/training/Ignite/index.html; https://www.usd.edu/Academics/Graduate-Programs/State-Government-Leadership-Excellence,undated; undated,yes,"South Dakota: confirmed via BHR (Bureau of Human Resources) official pages — (1) Employee and Organizational Development (EOD), the BHR division running statewide employee/leader training, succession management, and coaching services (bhr.sd.gov/employees/organizational-development); direct WebFetch of bhr.sd.gov pages returns a JS-loading shell (they redirect through a ServiceNow-based sd.gov portal), so confirmation rests on Google search-snippet corroboration of the page's actual text rather than a literal re-fetch — official_state_gov=true but verified=false per the strict ""re-opened and literally names it"" rule. (2) Ignite Leadership Development, BHR's named five-track statewide leadership program (Any-Level Leaders / Aspiring Leaders / First-Time Supervisors / Mid-Level Managers & Experienced Supervisors / Senior Leaders & High-Level Teams), delivered through SDLearn; search snippets quoted the program's own descriptive text closely enough to mark verified=true (corroborated) despite the same JS-rendering fetch limitation. (3) SDLearn, the statewide Learning Management System hosting BHR courses, found only by page title/URL, not body-confirmed — left verified=false. Certificate program: State Government Leadership Excellence, a 15-credit-hour post-baccalaureate graduate certificate offered by the University of South Dakota exclusively for state employees nominated by their agencies to develop government-manager competencies defined by BHR; confirmed directly on USD's own program page (usd.edu), verified=true. No source page displayed a publication or last-updated date, so pub_date is ""undated"" for all items. This is a non-CPM professional-development/certificate inventory only (context, not scored) and is separate from the National CPM Consortium program scored elsewhere in Dimension 4."
Tennessee,6,Tennessee Government Executive Institute (TGEI); Tennessee Government Management Institute (TGMI); Tennessee Government Professionals Institute (TGPI); Accelerated Leadership Institute (ALI); LEAD Tennessee; Commissioner's Leadership Academy (Agency Leadership Programs),Program exists,no,,no,85,A-,92,88.5,13.275,https://www.tn.gov/hr/l/hr-tn-government-leadership/hr-tgei.html; https://www.tn.gov/hr/l/hr-tn-government-leadership.html; https://www.tn.gov/hr/l/hr-tn-government-leadership.html; https://www.tn.gov/hr/l/hr-tn-government-leadership.html; https://www.tn.gov/hr/l/hr-tn-government-leadership.html; https://www.tn.gov/hr/l/agency-leadership-program.html,undated; undated; undated; undated; undated; undated,yes,"Tennessee runs multiple official statewide PD/leadership functions confirmed on tn.gov/hr pages: TGEI (two-week residential, senior leaders, hosted jointly with UT Naifeh Center), TGMI (mid-level managers), TGPI (leadership competencies), ALI (high-potential employees), LEAD Tennessee (12-month leadership development), and Commissioner's Leadership Academy under Agency Leadership Programs (23+ agency-specific academies). Office of Organizational Agility referenced as the DOHR unit overseeing learning/culture but not independently confirmed as a named ""division"" on a re-fetched page (verified=false). No distinct non-CPM completion-certificate program independent of these leadership institutes was found on an official primary source; TGLC and Black Belt Leadership Program are alumni-tier structures within LEAD TN/TGMI/TGEI, not separate certificates, and are listed with verified=false since they are not standalone credentialing programs. UT's Institute for Public Service Leadership Academy appeared in search but page content was not independently fetched/confirmed, so verified=false. None of these are the National CPM Consortium program (excluded per instructions). No dates were shown on any of the fetched official pages; all pub_date values recorded as ""undated"" per instructions since no page displayed a publication/last-updated date."
Texas,0,,Accredited + established,yes,,no,20,A,100,60,9,,,yes,"TEXAS PD-context findings (collected for context CSV only, not scored): (1) Governor's Executive Development Program (GEDP) — a 3-week statewide executive leadership program for top Texas state agency/university executives, sponsored by the Governor's Office and administered by UT Austin's LBJ School of Public Affairs (Governor's Center for Management Development). Confirmed on the LBJ School official program page (public-university source); no explicit page pub_date, footer copyright shows 2026, next cohort (Class 44) runs Sept-Nov 2026 — recent/active. Not hosted on a gov.texas.gov page, so official_state_gov=false even though it is Governor's-Office-sponsored; verified=true because the primary program page explicitly names it. (2) Texas Fiscal Officers' Academy (TFOA), run by the Texas State Auditor's Office (SAO) — a specialized statewide training/academy for state agency fiscal officers, confirmed on sao.texas.gov (official state .gov), but excluded from confident PD-function counting because it is narrowly audit/fiscal-scope rather than a general management/PD academy — flagged verified=false to signal it should not be auto-counted; include only if reviewer judges audit/fiscal leadership academies qualify. (3) Multiple Texas public universities (Texas State University/Hobby Center for Public Service network, University of Houston Hobby School, Texas Tech, Stephen F. Austin, Texas A&M-Kingsville, UT Rio Grande Valley) offer the National CPM Consortium-accredited Certified Public Manager Program — this IS the National CPM program (scored separately per Dimension 4 rules) and is listed here only for completeness/traceability, not as a distinct non-CPM certificate; verified=false to prevent double-counting against the CPM Consortium score. No additional dedicated statewide general-PD division (e.g., a standalone ""Texas state employee training division"" akin to an HR-development bureau) or non-CPM public-manager certificate distinct from the CPM network was found on an official Texas .gov or public-university source during this search — searches for a general statewide training/HR-development office (beyond compliance-only training, careers/HR pages, and agency-specific academies like TDCJ's Training and Leader Development Division or DPS's Leadership Development Unit, both of which are agency-specific rather than statewide and were excluded) did not surface one."
Utah,0,,Program exists,no,Management Essentials Certificate (University of Utah Training & Development (HR)); Supervisor Success Certificate (University of Utah Training & Development (HR)); Director Series Certificate (University of Utah Training & Development (HR)),yes,7,A,100,53.5,8.025,https://training.utah.edu/certificates-and-programs/; https://training.utah.edu/certificates-and-programs/; https://training.utah.edu/certificates-and-programs/,undated; undated; undated,yes,"Utah: pd_functions found one candidate — DHRM's ""Utah Leadership Institute"" (state central training/leadership program for managers/supervisors, features CLIP 360-style supervisor assessment). Named on gateway.utah.gov (Employee Gateway, official state HR portal) per search snippets and title ""DHRM's Utah Leadership Institute | Employee Gateway,"" but the live page requires SSO login (redirects to login.dts.utah.gov OAuth), so I could not re-open and literally confirm the text myself — marked official_state_gov=true (search snippet + title confirm it is a DHRM/state page) but verified=false since I couldn't directly re-fetch past the login wall. dhrm.utah.gov homepage itself (fetched directly) does not name a leadership academy/division on its front page — only hiring-pathway programs. No other dedicated statewide PD division/academy was found beyond this. certificate_programs: University of Utah HR Training & Development offers three named, structured certificate programs for managers/supervisors (Management Essentials, Supervisor Success, Director Series) confirmed directly on training.utah.edu — a public-university HR training page (verified=true, no publication date shown on page, footer only shows copyright year). Also found University of Utah Continuing Education's ""Leadership and Development Program"" (6-class series awarding a digital badge) via search snippet only, not directly re-fetched, so verified=false. Excluded: UVU's ""Certified Public Manager (CPM) Program"" — this is the National CPM Consortium-accredited program and is scored separately per rules, not listed here. Excluded generic DHRM training/HR pages that are not named as a distinct academy/division."
Vermont,0,,Program exists,no,,no,0,A-,92,46,6.9,,,no,"Found via search (direct WebFetch of humanresources.vermont.gov pages returned HTTP 403 / JS-rendered, so could not be re-opened to fully confirm; treated as unverified per instructions rather than deleted). Statewide Training and Development division (DHR) runs the SOV LINC learning management system and Supervising in State Government courses — a dedicated central training function. VTLEAD is a named leadership development program with Level 1 (4 courses) and Level 2 (8 courses) completion certificates, open to supervisors/managers, no application required. Vermont Certified Public Manager (VCPM) program (DHR + UVM, accredited by National CPM Consortium) was excluded per instructions since it is the National CPM Consortium program scored separately. Snelling Center for Government's Vermont Leadership Institute (VLI) was found but excluded — it is a private nonprofit (not state .gov or public university) and not a structured completion-certificate program for public managers; focuses on civic leadership generally, open to public/private/nonprofit sectors. No other statewide certificate programs for public managers/employees at Vermont public universities were found in searches."
Virginia,2,Commonwealth of Virginia Learning Center (COVLC); Learning and Organizational Development (DHRM),Program exists,no,,no,70,A,100,85,12.75,https://www.dhrm.virginia.gov/learning-and-development; https://www.dhrm.virginia.gov/learning-and-development,undated; undated,yes,"Virginia PD infrastructure found: (1) DHRM's Commonwealth of Virginia Learning Center (COVLC) — the state's central online learning/training platform for state employees, confirmed on dhrm.virginia.gov (official_state_gov=true, verified=true; page itself is undated but was re-fetched live). (2) DHRM's ""Learning and Organizational Development"" function, also named on the same official DHRM page (verified=true). No dedicated statewide ""leadership academy"" run directly by a state agency (with its own .gov page) was found — Virginia's flagship leadership programs (Virginia Executive Institute, Commonwealth Management Institute, Commonwealth Leadership Academy) are run by VCU's Grace E. Harris Leadership Institute (gehli.vcu.edu), a public-university provider, not a state agency; these are therefore listed as certificate_programs candidates rather than pd_functions, but set verified=false because none of the fetched pages explicitly used the word ""certificate"" (VEI and CMI award CEUs/SHRM PDCs; CLA is a 10-week executive program) — included per instructions (""include verified=false if found but couldn't confirm on primary source"") for auditability but should not be counted. No non-CPM standalone ""certified manager"" credential program was confirmed. Excluded: generic DHRM HR/benefits/compliance-only pages and mandatory ethics/cybersecurity training."
Washington,2,Department of Enterprise Services (DES) Training / Washington State Learning Center; DES Leadership Development Training (Leading Others / Art of Leading Teams),Program exists,no,"DES Leadership Certificate (with South Puget Sound Community College) (WA Dept. of Enterprise Services / South Puget Sound Community College); DES Certificate Programs (Business Analysis Certificate, Advanced Tribal Relations Certificate) (WA Dept. of Enterprise Services)",yes,77,A-,92,84.5,12.675,https://des.wa.gov/services/training; https://des.wa.gov/services/training/des-leadership-development-training; https://des.wa.gov/services/training/certificate-programs/leadership-certificate; https://des.wa.gov/services/training/certificate-programs,undated; undated; undated; undated,yes,"Excluded the UW/UW Tacoma 'Washington Certified Public Manager' program from certificate_programs because it is the National CPM Consortium-affiliated CPM program (scored separately per project rules), and sources note it is currently on hiatus. Central PD infrastructure in Washington runs through DES: the Washington State Learning Center (statewide LMS/training hub) and DES Leadership Development Training (Leading Others; Art of Leading Teams) qualify as dedicated statewide PD functions. No standalone 'leadership academy' by that exact name was found; RCW 28A.415.340 'state leadership academy' pertains to K-12 education leadership, not the general state workforce, so it was excluded as out of scope. Non-CPM certificate credentials found: DES Leadership Certificate (with SPSCC), Business Analysis Certificate, Advanced Tribal Relations Certificate, and Project Management Certificate (listed on index page but its dedicated sub-page returned 404 on fetch, so marked unverified pending re-check). No page examined displayed an explicit last-updated/publication date, so pub_date is ""undated"" throughout."
West Virginia,1,Division of Personnel Organization and Human Resource Development (OHRD) / Training and Education program (includes Supervisor/Manager Training Program DOP-P18 and OHRD Cohort Program),Program exists,no,,no,55,B+,88,71.5,10.725,https://personnel.wv.gov/training-and-education,undated,yes,"Only one confirmed statewide PD function for West Virginia: the WV Division of Personnel's Organization and Human Resource Development (OHRD) section, which runs the Training and Education program, the mandatory Supervisor/Manager Training Program (DOP-P18), and the OHRD Cohort Program for new supervisors/managers (personnel.wv.gov/training-and-education, no page date shown, footer shows generic copyright year only, treated as undated). No separate standalone state-run 'leadership academy' distinct from DOP/OHRD was found on an official .gov source — 'Leadership West Virginia' and the WVU Extension 'Community Leadership Academy' are non-state-government-run nonprofit/university outreach programs, not confirmed as state-government functions, so excluded. No qualifying non-CPM certificate programs were found: West Virginia State University's Certified Public Manager Program is the National CPM Consortium-affiliated program and is excluded per instructions (scored separately as CPM). WVU's Public Administration graduate certificate program (publicadmin.wvu.edu) is confirmed discontinued (redirects to an academic-transformation/program-discontinuance notice at eberly.wvu.edu), so it is not listed as an active certificate program."
Wisconsin,2,"Bureau of Training & Development (Division of Personnel Management, Dept. of Administration); Enterprise Management Development Academy (EMDA)",Program exists,no,,no,70,A-,92,81,12.15,http://dpm.wi.gov/Pages/About_Us/BureauOfTrainingDevelopment.aspx; https://dpm.wi.gov/Pages/Employees/LeadershipDevelopment.aspx,undated; undated,yes,"Wisconsin PD functions confirmed on official dpm.wi.gov (Division of Personnel Management, Dept. of Administration) pages: (1) Bureau of Training & Development — the dedicated statewide training division providing workforce/leadership/organizational skills development and an enterprise learning management system for all state employees; (2) Enterprise Management Development Academy (EMDA) — a year-long leadership-development program for new/aspiring state managers, coordinated by the Bureau of Training & Development, confirmed on the DPM Leadership Development page (references a 2026-2027 cohort but no page-level publication date). Neither page shows an explicit last-updated date, so pub_date is ""undated"" for both. No separate statewide ""leadership academy"" distinct from EMDA was found; ela.wi.gov (Enterprise Leadership Academy) could not be fetched (connection refused) and is not counted as verified. The Wisconsin Local Government Leadership Academy (UW-Extension/Wisconsin Counties Association) and WI Command College (law enforcement) were excluded — not statewide state-employee PD functions run by state government. The only structured certificate program found for public managers is the Wisconsin Certified Public Manager (WCPM) Program run by UW-Madison Division of Extension — this IS the National CPM Consortium-accredited program, which per task instructions is scored separately and excluded from this certificate_programs count (listed here with verified=false only for audit transparency, not to be counted). No other non-CPM public-manager certificate program was identified via public university search."
Wyoming,1,Agency Training & Development (A&I Human Resources / Agency HR office) - competency-based training and NEOGOV Learn courses for state employees,Accredited + established,yes,,no,67,B,83,75,11.25,https://ai.wyo.gov/divisions/human-resources/agency-hr/agency-training,undated,yes,"Wyoming: Found one official state-government PD function - the Wyoming Department of Administration & Information (A&I) Human Resources Division's 'Agency Training & Development' service (ai.wyo.gov), which offers competency-based training/NEOGOV Learn courses to state employees across A&I, Governor's Office, and several other listed agencies; page is undated (only a 2018 copyright footer, no explicit last-updated date), so treated as undated rather than dated. No dedicated statewide 'leadership academy' run directly by Wyoming state government was found - Leadership Wyoming and 'The Wyoming Academy' are run by a nonprofit/chamber (leadershipwyoming.org), not a state agency, and were excluded. No non-CPM certificate program for public managers was found at a Wyoming public university; the only Wyoming Certified Public Manager credential is the LCCC program accredited by the National CPM Consortium (lccc.wy.edu/workforce/CertifiedPublicManager.aspx), which is excluded here per instructions since it is scored separately as the CPM Consortium program. University of Wyoming offers an MPA degree (uwyo.edu/mpa) but this is a degree, not a short completion-certificate program for public managers, and was excluded."
District of Columbia,2,"Center for Learning & Development (CLD), DC Department of Human Resources (DCHR); Executive Leadership Program (ELP)",Program exists,no,,no,70,Substitute (see notes),,,,https://dchr.dc.gov/page/center-learning-development; https://dchr.dc.gov/page/executive-leadership-program-elp-0,undated; undated,yes,"Confirmed via official DCHR (DC Human Resources) pages: (1) Center for Learning & Development (CLD) - the District's dedicated central training/learning division coordinating training for senior executives, managers, supervisors, and employees; page also lists CLD-run offerings including the Management Supervisory Service (MSS), CLD Monthly Course Series, and internship/fellowship programs (Capital City Fellows, District Leadership Program, In-School Youth Leadership Program) which are not standalone dedicated PD functions and not certificate programs, so not separately counted. (2) Executive Leadership Program (ELP) - a leadership-development initiative under CLD run in partnership with George Washington University's Center for Excellence in Public Leadership; page does not explicitly describe ELP as issuing a structured completion certificate/credential (no certificate language found, only ""graduation"" and ""alumni network""), so it was NOT counted as a certificate_program per the strict verified-naming requirement -- listed only as a pd_function. No non-CPM structured certificate program for public managers was found explicitly named as such on an official DC .gov or DC public-university (e.g., UDC) source. Neither page displayed a true publication/last-updated date (only a generic site copyright footer ""2023""), so pub_date is set to ""undated"" per instructions."
