jurisdiction,indicator,raw_value,raw_unit,reference_year,source_id,source_url,source_file,locator,status,verification_method,verification_result,extracted_at,notes
Alabama,I1_PAY_LEVEL,61430,USD_annual,2024,OEWSRES24,https://www.bls.gov/oes/oes_research_2024.htm,oes_research_2024_sec_99.xlsx,"sheet 'state_industry_M2024'!M37290 (row 37290: AREA_TITLE='Alabama', NAICS=999200, O_GROUP=total, column A_MEAN)",FOUND,"M1 independent re-extraction (two separate workbook reads, key fields re-asserted); M2 range validation 30000-150000",VERIFIED,2026-08-04T19:24:45Z,"NAICS 999200 State Government excluding Schools and Hospitals. TOT_EMP=30880, MEAN_PRSE=0 (reliability acceptable). M1=VERIFIED; M2=I1: 61430.0 in [30000, 150000]. METHOD DEVIATION (approved): I1 uses OEWS Research Estimates NAICS 999200 'State Government, excluding Schools and Hospitals' sector mean as published, not ASPEP and not the seven-function basket. The source's exclusion of schools and hospitals matches the basket's stated intent, but the named functions (financial admin, other gov admin, judicial/legal, corrections, highways, public welfare, police) cannot be isolated in this source. A_MEAN is published directly in USD_annual; no payroll-over-headcount computation performed. Detailed occupation rows not used."
Alaska,I1_PAY_LEVEL,83140,USD_annual,2024,OEWSRES24,https://www.bls.gov/oes/oes_research_2024.htm,oes_research_2024_sec_99.xlsx,"sheet 'state_industry_M2024'!M37420 (row 37420: AREA_TITLE='Alaska', NAICS=999200, O_GROUP=total, column A_MEAN)",FOUND,"M1 independent re-extraction (two separate workbook reads, key fields re-asserted); M2 range validation 30000-150000",VERIFIED,2026-08-04T19:24:45Z,"NAICS 999200 State Government excluding Schools and Hospitals. TOT_EMP=15770, MEAN_PRSE=0 (reliability acceptable). M1=VERIFIED; M2=I1: 83140.0 in [30000, 150000]. METHOD DEVIATION (approved): I1 uses OEWS Research Estimates NAICS 999200 'State Government, excluding Schools and Hospitals' sector mean as published, not ASPEP and not the seven-function basket. The source's exclusion of schools and hospitals matches the basket's stated intent, but the named functions (financial admin, other gov admin, judicial/legal, corrections, highways, public welfare, police) cannot be isolated in this source. A_MEAN is published directly in USD_annual; no payroll-over-headcount computation performed. Detailed occupation rows not used."
Arizona,I1_PAY_LEVEL,62290,USD_annual,2024,OEWSRES24,https://www.bls.gov/oes/oes_research_2024.htm,oes_research_2024_sec_99.xlsx,"sheet 'state_industry_M2024'!M37539 (row 37539: AREA_TITLE='Arizona', NAICS=999200, O_GROUP=total, column A_MEAN)",FOUND,"M1 independent re-extraction (two separate workbook reads, key fields re-asserted); M2 range validation 30000-150000",VERIFIED,2026-08-04T19:24:45Z,"NAICS 999200 State Government excluding Schools and Hospitals. TOT_EMP=40420, MEAN_PRSE=0.1 (reliability acceptable). M1=VERIFIED; M2=I1: 62290.0 in [30000, 150000]. METHOD DEVIATION (approved): I1 uses OEWS Research Estimates NAICS 999200 'State Government, excluding Schools and Hospitals' sector mean as published, not ASPEP and not the seven-function basket. The source's exclusion of schools and hospitals matches the basket's stated intent, but the named functions (financial admin, other gov admin, judicial/legal, corrections, highways, public welfare, police) cannot be isolated in this source. A_MEAN is published directly in USD_annual; no payroll-over-headcount computation performed. Detailed occupation rows not used."
Arkansas,I1_PAY_LEVEL,54030,USD_annual,2024,OEWSRES24,https://www.bls.gov/oes/oes_research_2024.htm,oes_research_2024_sec_99.xlsx,"sheet 'state_industry_M2024'!M37677 (row 37677: AREA_TITLE='Arkansas', NAICS=999200, O_GROUP=total, column A_MEAN)",FOUND,"M1 independent re-extraction (two separate workbook reads, key fields re-asserted); M2 range validation 30000-150000",VERIFIED,2026-08-04T19:24:45Z,"NAICS 999200 State Government excluding Schools and Hospitals. TOT_EMP=26120, MEAN_PRSE=0 (reliability acceptable). M1=VERIFIED; M2=I1: 54030.0 in [30000, 150000]. METHOD DEVIATION (approved): I1 uses OEWS Research Estimates NAICS 999200 'State Government, excluding Schools and Hospitals' sector mean as published, not ASPEP and not the seven-function basket. The source's exclusion of schools and hospitals matches the basket's stated intent, but the named functions (financial admin, other gov admin, judicial/legal, corrections, highways, public welfare, police) cannot be isolated in this source. A_MEAN is published directly in USD_annual; no payroll-over-headcount computation performed. Detailed occupation rows not used."
California,I1_PAY_LEVEL,95570,USD_annual,2024,OEWSRES24,https://www.bls.gov/oes/oes_research_2024.htm,oes_research_2024_sec_99.xlsx,"sheet 'state_industry_M2024'!M37811 (row 37811: AREA_TITLE='California', NAICS=999200, O_GROUP=total, column A_MEAN)",FOUND,"M1 independent re-extraction (two separate workbook reads, key fields re-asserted); M2 range validation 30000-150000",VERIFIED,2026-08-04T19:24:45Z,"NAICS 999200 State Government excluding Schools and Hospitals. TOT_EMP=225810, MEAN_PRSE=0 (reliability acceptable). M1=VERIFIED; M2=I1: 95570.0 in [30000, 150000]. METHOD DEVIATION (approved): I1 uses OEWS Research Estimates NAICS 999200 'State Government, excluding Schools and Hospitals' sector mean as published, not ASPEP and not the seven-function basket. The source's exclusion of schools and hospitals matches the basket's stated intent, but the named functions (financial admin, other gov admin, judicial/legal, corrections, highways, public welfare, police) cannot be isolated in this source. A_MEAN is published directly in USD_annual; no payroll-over-headcount computation performed. Detailed occupation rows not used."
Colorado,I1_PAY_LEVEL,77130,USD_annual,2024,OEWSRES24,https://www.bls.gov/oes/oes_research_2024.htm,oes_research_2024_sec_99.xlsx,"sheet 'state_industry_M2024'!M38046 (row 38046: AREA_TITLE='Colorado', NAICS=999200, O_GROUP=total, column A_MEAN)",FOUND,"M1 independent re-extraction (two separate workbook reads, key fields re-asserted); M2 range validation 30000-150000",VERIFIED,2026-08-04T19:24:45Z,"NAICS 999200 State Government excluding Schools and Hospitals. TOT_EMP=33440, MEAN_PRSE=0 (reliability acceptable). M1=VERIFIED; M2=I1: 77130.0 in [30000, 150000]. METHOD DEVIATION (approved): I1 uses OEWS Research Estimates NAICS 999200 'State Government, excluding Schools and Hospitals' sector mean as published, not ASPEP and not the seven-function basket. The source's exclusion of schools and hospitals matches the basket's stated intent, but the named functions (financial admin, other gov admin, judicial/legal, corrections, highways, public welfare, police) cannot be isolated in this source. A_MEAN is published directly in USD_annual; no payroll-over-headcount computation performed. Detailed occupation rows not used."
Connecticut,I1_PAY_LEVEL,85820,USD_annual,2024,OEWSRES24,https://www.bls.gov/oes/oes_research_2024.htm,oes_research_2024_sec_99.xlsx,"sheet 'state_industry_M2024'!M38175 (row 38175: AREA_TITLE='Connecticut', NAICS=999200, O_GROUP=total, column A_MEAN)",FOUND,"M1 independent re-extraction (two separate workbook reads, key fields re-asserted); M2 range validation 30000-150000",VERIFIED,2026-08-04T19:24:45Z,"NAICS 999200 State Government excluding Schools and Hospitals. TOT_EMP=33270, MEAN_PRSE=0 (reliability acceptable). M1=VERIFIED; M2=I1: 85820.0 in [30000, 150000]. METHOD DEVIATION (approved): I1 uses OEWS Research Estimates NAICS 999200 'State Government, excluding Schools and Hospitals' sector mean as published, not ASPEP and not the seven-function basket. The source's exclusion of schools and hospitals matches the basket's stated intent, but the named functions (financial admin, other gov admin, judicial/legal, corrections, highways, public welfare, police) cannot be isolated in this source. A_MEAN is published directly in USD_annual; no payroll-over-headcount computation performed. Detailed occupation rows not used."
Delaware,I1_PAY_LEVEL,63940,USD_annual,2024,OEWSRES24,https://www.bls.gov/oes/oes_research_2024.htm,oes_research_2024_sec_99.xlsx,"sheet 'state_industry_M2024'!M38320 (row 38320: AREA_TITLE='Delaware', NAICS=999200, O_GROUP=total, column A_MEAN)",FOUND,"M1 independent re-extraction (two separate workbook reads, key fields re-asserted); M2 range validation 30000-150000",VERIFIED,2026-08-04T19:24:45Z,"NAICS 999200 State Government excluding Schools and Hospitals. TOT_EMP=17690, MEAN_PRSE=0 (reliability acceptable). M1=VERIFIED; M2=I1: 63940.0 in [30000, 150000]. METHOD DEVIATION (approved): I1 uses OEWS Research Estimates NAICS 999200 'State Government, excluding Schools and Hospitals' sector mean as published, not ASPEP and not the seven-function basket. The source's exclusion of schools and hospitals matches the basket's stated intent, but the named functions (financial admin, other gov admin, judicial/legal, corrections, highways, public welfare, police) cannot be isolated in this source. A_MEAN is published directly in USD_annual; no payroll-over-headcount computation performed. Detailed occupation rows not used."
District of Columbia,I1_PAY_LEVEL,93680,USD_annual,2024,OEWSRES24,https://www.bls.gov/oes/oes_research_2024.htm,oes_research_2024_sec_99.xlsx,"sheet 'state_industry_M2024'!M38437 (row 38437: AREA_TITLE='District of Columbia', NAICS=999200, O_GROUP=total, column A_MEAN)",FOUND,"M1 independent re-extraction (two separate workbook reads, key fields re-asserted); M2 range validation 30000-150000",VERIFIED,2026-08-04T19:24:45Z,"NAICS 999200 State Government excluding Schools and Hospitals. TOT_EMP=24810, MEAN_PRSE=0 (reliability acceptable). M1=VERIFIED; M2=I1: 93680.0 in [30000, 150000]. METHOD DEVIATION (approved): I1 uses OEWS Research Estimates NAICS 999200 'State Government, excluding Schools and Hospitals' sector mean as published, not ASPEP and not the seven-function basket. The source's exclusion of schools and hospitals matches the basket's stated intent, but the named functions (financial admin, other gov admin, judicial/legal, corrections, highways, public welfare, police) cannot be isolated in this source. A_MEAN is published directly in USD_annual; no payroll-over-headcount computation performed. Detailed occupation rows not used."
Florida,I1_PAY_LEVEL,57660,USD_annual,2024,OEWSRES24,https://www.bls.gov/oes/oes_research_2024.htm,oes_research_2024_sec_99.xlsx,"sheet 'state_industry_M2024'!M38543 (row 38543: AREA_TITLE='Florida', NAICS=999200, O_GROUP=total, column A_MEAN)",FOUND,"M1 independent re-extraction (two separate workbook reads, key fields re-asserted); M2 range validation 30000-150000",VERIFIED,2026-08-04T19:24:45Z,"NAICS 999200 State Government excluding Schools and Hospitals. TOT_EMP=110690, MEAN_PRSE=0.1 (reliability acceptable). M1=VERIFIED; M2=I1: 57660.0 in [30000, 150000]. METHOD DEVIATION (approved): I1 uses OEWS Research Estimates NAICS 999200 'State Government, excluding Schools and Hospitals' sector mean as published, not ASPEP and not the seven-function basket. The source's exclusion of schools and hospitals matches the basket's stated intent, but the named functions (financial admin, other gov admin, judicial/legal, corrections, highways, public welfare, police) cannot be isolated in this source. A_MEAN is published directly in USD_annual; no payroll-over-headcount computation performed. Detailed occupation rows not used."
Georgia,I1_PAY_LEVEL,56260,USD_annual,2024,OEWSRES24,https://www.bls.gov/oes/oes_research_2024.htm,oes_research_2024_sec_99.xlsx,"sheet 'state_industry_M2024'!M38743 (row 38743: AREA_TITLE='Georgia', NAICS=999200, O_GROUP=total, column A_MEAN)",FOUND,"M1 independent re-extraction (two separate workbook reads, key fields re-asserted); M2 range validation 30000-150000",VERIFIED,2026-08-04T19:24:45Z,"NAICS 999200 State Government excluding Schools and Hospitals. TOT_EMP=73620, MEAN_PRSE=0 (reliability acceptable). M1=VERIFIED; M2=I1: 56260.0 in [30000, 150000]. METHOD DEVIATION (approved): I1 uses OEWS Research Estimates NAICS 999200 'State Government, excluding Schools and Hospitals' sector mean as published, not ASPEP and not the seven-function basket. The source's exclusion of schools and hospitals matches the basket's stated intent, but the named functions (financial admin, other gov admin, judicial/legal, corrections, highways, public welfare, police) cannot be isolated in this source. A_MEAN is published directly in USD_annual; no payroll-over-headcount computation performed. Detailed occupation rows not used."
Hawaii,I1_PAY_LEVEL,69780,USD_annual,2024,OEWSRES24,https://www.bls.gov/oes/oes_research_2024.htm,oes_research_2024_sec_99.xlsx,"sheet 'state_industry_M2024'!M38918 (row 38918: AREA_TITLE='Hawaii', NAICS=999200, O_GROUP=total, column A_MEAN)",FOUND,"M1 independent re-extraction (two separate workbook reads, key fields re-asserted); M2 range validation 30000-150000",VERIFIED,2026-08-04T19:24:45Z,"NAICS 999200 State Government excluding Schools and Hospitals. TOT_EMP=18610, MEAN_PRSE=0 (reliability acceptable). M1=VERIFIED; M2=I1: 69780.0 in [30000, 150000]. METHOD DEVIATION (approved): I1 uses OEWS Research Estimates NAICS 999200 'State Government, excluding Schools and Hospitals' sector mean as published, not ASPEP and not the seven-function basket. The source's exclusion of schools and hospitals matches the basket's stated intent, but the named functions (financial admin, other gov admin, judicial/legal, corrections, highways, public welfare, police) cannot be isolated in this source. A_MEAN is published directly in USD_annual; no payroll-over-headcount computation performed. Detailed occupation rows not used."
Idaho,I1_PAY_LEVEL,67410,USD_annual,2024,OEWSRES24,https://www.bls.gov/oes/oes_research_2024.htm,oes_research_2024_sec_99.xlsx,"sheet 'state_industry_M2024'!M39048 (row 39048: AREA_TITLE='Idaho', NAICS=999200, O_GROUP=total, column A_MEAN)",FOUND,"M1 independent re-extraction (two separate workbook reads, key fields re-asserted); M2 range validation 30000-150000",VERIFIED,2026-08-04T19:24:45Z,"NAICS 999200 State Government excluding Schools and Hospitals. TOT_EMP=16970, MEAN_PRSE=0.2 (reliability acceptable). M1=VERIFIED; M2=I1: 67410.0 in [30000, 150000]. METHOD DEVIATION (approved): I1 uses OEWS Research Estimates NAICS 999200 'State Government, excluding Schools and Hospitals' sector mean as published, not ASPEP and not the seven-function basket. The source's exclusion of schools and hospitals matches the basket's stated intent, but the named functions (financial admin, other gov admin, judicial/legal, corrections, highways, public welfare, police) cannot be isolated in this source. A_MEAN is published directly in USD_annual; no payroll-over-headcount computation performed. Detailed occupation rows not used."
Illinois,I1_PAY_LEVEL,83200,USD_annual,2024,OEWSRES24,https://www.bls.gov/oes/oes_research_2024.htm,oes_research_2024_sec_99.xlsx,"sheet 'state_industry_M2024'!M39167 (row 39167: AREA_TITLE='Illinois', NAICS=999200, O_GROUP=total, column A_MEAN)",FOUND,"M1 independent re-extraction (two separate workbook reads, key fields re-asserted); M2 range validation 30000-150000",VERIFIED,2026-08-04T19:24:45Z,"NAICS 999200 State Government excluding Schools and Hospitals. TOT_EMP=58450, MEAN_PRSE=0 (reliability acceptable). M1=VERIFIED; M2=I1: 83200.0 in [30000, 150000]. METHOD DEVIATION (approved): I1 uses OEWS Research Estimates NAICS 999200 'State Government, excluding Schools and Hospitals' sector mean as published, not ASPEP and not the seven-function basket. The source's exclusion of schools and hospitals matches the basket's stated intent, but the named functions (financial admin, other gov admin, judicial/legal, corrections, highways, public welfare, police) cannot be isolated in this source. A_MEAN is published directly in USD_annual; no payroll-over-headcount computation performed. Detailed occupation rows not used."
Indiana,I1_PAY_LEVEL,62060,USD_annual,2024,OEWSRES24,https://www.bls.gov/oes/oes_research_2024.htm,oes_research_2024_sec_99.xlsx,"sheet 'state_industry_M2024'!M39310 (row 39310: AREA_TITLE='Indiana', NAICS=999200, O_GROUP=total, column A_MEAN)",FOUND,"M1 independent re-extraction (two separate workbook reads, key fields re-asserted); M2 range validation 30000-150000",VERIFIED,2026-08-04T19:24:45Z,"NAICS 999200 State Government excluding Schools and Hospitals. TOT_EMP=31270, MEAN_PRSE=0.1 (reliability acceptable). M1=VERIFIED; M2=I1: 62060.0 in [30000, 150000]. METHOD DEVIATION (approved): I1 uses OEWS Research Estimates NAICS 999200 'State Government, excluding Schools and Hospitals' sector mean as published, not ASPEP and not the seven-function basket. The source's exclusion of schools and hospitals matches the basket's stated intent, but the named functions (financial admin, other gov admin, judicial/legal, corrections, highways, public welfare, police) cannot be isolated in this source. A_MEAN is published directly in USD_annual; no payroll-over-headcount computation performed. Detailed occupation rows not used."
Iowa,I1_PAY_LEVEL,71720,USD_annual,2024,OEWSRES24,https://www.bls.gov/oes/oes_research_2024.htm,oes_research_2024_sec_99.xlsx,"sheet 'state_industry_M2024'!M39418 (row 39418: AREA_TITLE='Iowa', NAICS=999200, O_GROUP=total, column A_MEAN)",FOUND,"M1 independent re-extraction (two separate workbook reads, key fields re-asserted); M2 range validation 30000-150000",VERIFIED,2026-08-04T19:24:45Z,"NAICS 999200 State Government excluding Schools and Hospitals. TOT_EMP=18990, MEAN_PRSE=0 (reliability acceptable). M1=VERIFIED; M2=I1: 71720.0 in [30000, 150000]. METHOD DEVIATION (approved): I1 uses OEWS Research Estimates NAICS 999200 'State Government, excluding Schools and Hospitals' sector mean as published, not ASPEP and not the seven-function basket. The source's exclusion of schools and hospitals matches the basket's stated intent, but the named functions (financial admin, other gov admin, judicial/legal, corrections, highways, public welfare, police) cannot be isolated in this source. A_MEAN is published directly in USD_annual; no payroll-over-headcount computation performed. Detailed occupation rows not used."
Kansas,I1_PAY_LEVEL,57050,USD_annual,2024,OEWSRES24,https://www.bls.gov/oes/oes_research_2024.htm,oes_research_2024_sec_99.xlsx,"sheet 'state_industry_M2024'!M39526 (row 39526: AREA_TITLE='Kansas', NAICS=999200, O_GROUP=total, column A_MEAN)",FOUND,"M1 independent re-extraction (two separate workbook reads, key fields re-asserted); M2 range validation 30000-150000",VERIFIED,2026-08-04T19:24:45Z,"NAICS 999200 State Government excluding Schools and Hospitals. TOT_EMP=18450, MEAN_PRSE=0 (reliability acceptable). M1=VERIFIED; M2=I1: 57050.0 in [30000, 150000]. METHOD DEVIATION (approved): I1 uses OEWS Research Estimates NAICS 999200 'State Government, excluding Schools and Hospitals' sector mean as published, not ASPEP and not the seven-function basket. The source's exclusion of schools and hospitals matches the basket's stated intent, but the named functions (financial admin, other gov admin, judicial/legal, corrections, highways, public welfare, police) cannot be isolated in this source. A_MEAN is published directly in USD_annual; no payroll-over-headcount computation performed. Detailed occupation rows not used."
Kentucky,I1_PAY_LEVEL,62060,USD_annual,2024,OEWSRES24,https://www.bls.gov/oes/oes_research_2024.htm,oes_research_2024_sec_99.xlsx,"sheet 'state_industry_M2024'!M39621 (row 39621: AREA_TITLE='Kentucky', NAICS=999200, O_GROUP=total, column A_MEAN)",FOUND,"M1 independent re-extraction (two separate workbook reads, key fields re-asserted); M2 range validation 30000-150000",VERIFIED,2026-08-04T19:24:45Z,"NAICS 999200 State Government excluding Schools and Hospitals. TOT_EMP=34890, MEAN_PRSE=0.1 (reliability acceptable). M1=VERIFIED; M2=I1: 62060.0 in [30000, 150000]. METHOD DEVIATION (approved): I1 uses OEWS Research Estimates NAICS 999200 'State Government, excluding Schools and Hospitals' sector mean as published, not ASPEP and not the seven-function basket. The source's exclusion of schools and hospitals matches the basket's stated intent, but the named functions (financial admin, other gov admin, judicial/legal, corrections, highways, public welfare, police) cannot be isolated in this source. A_MEAN is published directly in USD_annual; no payroll-over-headcount computation performed. Detailed occupation rows not used."
Louisiana,I1_PAY_LEVEL,54250,USD_annual,2024,OEWSRES24,https://www.bls.gov/oes/oes_research_2024.htm,oes_research_2024_sec_99.xlsx,"sheet 'state_industry_M2024'!M39762 (row 39762: AREA_TITLE='Louisiana', NAICS=999200, O_GROUP=total, column A_MEAN)",FOUND,"M1 independent re-extraction (two separate workbook reads, key fields re-asserted); M2 range validation 30000-150000",VERIFIED,2026-08-04T19:24:45Z,"NAICS 999200 State Government excluding Schools and Hospitals. TOT_EMP=31680, MEAN_PRSE=0 (reliability acceptable). M1=VERIFIED; M2=I1: 54250.0 in [30000, 150000]. METHOD DEVIATION (approved): I1 uses OEWS Research Estimates NAICS 999200 'State Government, excluding Schools and Hospitals' sector mean as published, not ASPEP and not the seven-function basket. The source's exclusion of schools and hospitals matches the basket's stated intent, but the named functions (financial admin, other gov admin, judicial/legal, corrections, highways, public welfare, police) cannot be isolated in this source. A_MEAN is published directly in USD_annual; no payroll-over-headcount computation performed. Detailed occupation rows not used."
Maine,I1_PAY_LEVEL,63260,USD_annual,2024,OEWSRES24,https://www.bls.gov/oes/oes_research_2024.htm,oes_research_2024_sec_99.xlsx,"sheet 'state_industry_M2024'!M39896 (row 39896: AREA_TITLE='Maine', NAICS=999200, O_GROUP=total, column A_MEAN)",FOUND,"M1 independent re-extraction (two separate workbook reads, key fields re-asserted); M2 range validation 30000-150000",VERIFIED,2026-08-04T19:24:45Z,"NAICS 999200 State Government excluding Schools and Hospitals. TOT_EMP=13100, MEAN_PRSE=0 (reliability acceptable). M1=VERIFIED; M2=I1: 63260.0 in [30000, 150000]. METHOD DEVIATION (approved): I1 uses OEWS Research Estimates NAICS 999200 'State Government, excluding Schools and Hospitals' sector mean as published, not ASPEP and not the seven-function basket. The source's exclusion of schools and hospitals matches the basket's stated intent, but the named functions (financial admin, other gov admin, judicial/legal, corrections, highways, public welfare, police) cannot be isolated in this source. A_MEAN is published directly in USD_annual; no payroll-over-headcount computation performed. Detailed occupation rows not used."
Maryland,I1_PAY_LEVEL,77930,USD_annual,2024,OEWSRES24,https://www.bls.gov/oes/oes_research_2024.htm,oes_research_2024_sec_99.xlsx,"sheet 'state_industry_M2024'!M40006 (row 40006: AREA_TITLE='Maryland', NAICS=999200, O_GROUP=total, column A_MEAN)",FOUND,"M1 independent re-extraction (two separate workbook reads, key fields re-asserted); M2 range validation 30000-150000",VERIFIED,2026-08-04T19:24:45Z,"NAICS 999200 State Government excluding Schools and Hospitals. TOT_EMP=58440, MEAN_PRSE=0 (reliability acceptable). M1=VERIFIED; M2=I1: 77930.0 in [30000, 150000]. METHOD DEVIATION (approved): I1 uses OEWS Research Estimates NAICS 999200 'State Government, excluding Schools and Hospitals' sector mean as published, not ASPEP and not the seven-function basket. The source's exclusion of schools and hospitals matches the basket's stated intent, but the named functions (financial admin, other gov admin, judicial/legal, corrections, highways, public welfare, police) cannot be isolated in this source. A_MEAN is published directly in USD_annual; no payroll-over-headcount computation performed. Detailed occupation rows not used."
Massachusetts,I1_PAY_LEVEL,87840,USD_annual,2024,OEWSRES24,https://www.bls.gov/oes/oes_research_2024.htm,oes_research_2024_sec_99.xlsx,"sheet 'state_industry_M2024'!M40190 (row 40190: AREA_TITLE='Massachusetts', NAICS=999200, O_GROUP=total, column A_MEAN)",FOUND,"M1 independent re-extraction (two separate workbook reads, key fields re-asserted); M2 range validation 30000-150000",VERIFIED,2026-08-04T19:24:45Z,"NAICS 999200 State Government excluding Schools and Hospitals. TOT_EMP=62440, MEAN_PRSE=0 (reliability acceptable). M1=VERIFIED; M2=I1: 87840.0 in [30000, 150000]. METHOD DEVIATION (approved): I1 uses OEWS Research Estimates NAICS 999200 'State Government, excluding Schools and Hospitals' sector mean as published, not ASPEP and not the seven-function basket. The source's exclusion of schools and hospitals matches the basket's stated intent, but the named functions (financial admin, other gov admin, judicial/legal, corrections, highways, public welfare, police) cannot be isolated in this source. A_MEAN is published directly in USD_annual; no payroll-over-headcount computation performed. Detailed occupation rows not used."
Michigan,I1_PAY_LEVEL,74770,USD_annual,2024,OEWSRES24,https://www.bls.gov/oes/oes_research_2024.htm,oes_research_2024_sec_99.xlsx,"sheet 'state_industry_M2024'!M40335 (row 40335: AREA_TITLE='Michigan', NAICS=999200, O_GROUP=total, column A_MEAN)",FOUND,"M1 independent re-extraction (two separate workbook reads, key fields re-asserted); M2 range validation 30000-150000",VERIFIED,2026-08-04T19:24:45Z,"NAICS 999200 State Government excluding Schools and Hospitals. TOT_EMP=45390, MEAN_PRSE=0 (reliability acceptable). M1=VERIFIED; M2=I1: 74770.0 in [30000, 150000]. METHOD DEVIATION (approved): I1 uses OEWS Research Estimates NAICS 999200 'State Government, excluding Schools and Hospitals' sector mean as published, not ASPEP and not the seven-function basket. The source's exclusion of schools and hospitals matches the basket's stated intent, but the named functions (financial admin, other gov admin, judicial/legal, corrections, highways, public welfare, police) cannot be isolated in this source. A_MEAN is published directly in USD_annual; no payroll-over-headcount computation performed. Detailed occupation rows not used."
Minnesota,I1_PAY_LEVEL,81250,USD_annual,2024,OEWSRES24,https://www.bls.gov/oes/oes_research_2024.htm,oes_research_2024_sec_99.xlsx,"sheet 'state_industry_M2024'!M40469 (row 40469: AREA_TITLE='Minnesota', NAICS=999200, O_GROUP=total, column A_MEAN)",FOUND,"M1 independent re-extraction (two separate workbook reads, key fields re-asserted); M2 range validation 30000-150000",VERIFIED,2026-08-04T19:24:45Z,"NAICS 999200 State Government excluding Schools and Hospitals. TOT_EMP=39310, MEAN_PRSE=0 (reliability acceptable). M1=VERIFIED; M2=I1: 81250.0 in [30000, 150000]. METHOD DEVIATION (approved): I1 uses OEWS Research Estimates NAICS 999200 'State Government, excluding Schools and Hospitals' sector mean as published, not ASPEP and not the seven-function basket. The source's exclusion of schools and hospitals matches the basket's stated intent, but the named functions (financial admin, other gov admin, judicial/legal, corrections, highways, public welfare, police) cannot be isolated in this source. A_MEAN is published directly in USD_annual; no payroll-over-headcount computation performed. Detailed occupation rows not used."
Mississippi,I1_PAY_LEVEL,48980,USD_annual,2024,OEWSRES24,https://www.bls.gov/oes/oes_research_2024.htm,oes_research_2024_sec_99.xlsx,"sheet 'state_industry_M2024'!M40610 (row 40610: AREA_TITLE='Mississippi', NAICS=999200, O_GROUP=total, column A_MEAN)",FOUND,"M1 independent re-extraction (two separate workbook reads, key fields re-asserted); M2 range validation 30000-150000",VERIFIED,2026-08-04T19:24:45Z,"NAICS 999200 State Government excluding Schools and Hospitals. TOT_EMP=22500, MEAN_PRSE=0 (reliability acceptable). M1=VERIFIED; M2=I1: 48980.0 in [30000, 150000]. METHOD DEVIATION (approved): I1 uses OEWS Research Estimates NAICS 999200 'State Government, excluding Schools and Hospitals' sector mean as published, not ASPEP and not the seven-function basket. The source's exclusion of schools and hospitals matches the basket's stated intent, but the named functions (financial admin, other gov admin, judicial/legal, corrections, highways, public welfare, police) cannot be isolated in this source. A_MEAN is published directly in USD_annual; no payroll-over-headcount computation performed. Detailed occupation rows not used."
Missouri,I1_PAY_LEVEL,53070,USD_annual,2024,OEWSRES24,https://www.bls.gov/oes/oes_research_2024.htm,oes_research_2024_sec_99.xlsx,"sheet 'state_industry_M2024'!M40722 (row 40722: AREA_TITLE='Missouri', NAICS=999200, O_GROUP=total, column A_MEAN)",FOUND,"M1 independent re-extraction (two separate workbook reads, key fields re-asserted); M2 range validation 30000-150000",VERIFIED,2026-08-04T19:24:45Z,"NAICS 999200 State Government excluding Schools and Hospitals. TOT_EMP=46720, MEAN_PRSE=0 (reliability acceptable). M1=VERIFIED; M2=I1: 53070.0 in [30000, 150000]. METHOD DEVIATION (approved): I1 uses OEWS Research Estimates NAICS 999200 'State Government, excluding Schools and Hospitals' sector mean as published, not ASPEP and not the seven-function basket. The source's exclusion of schools and hospitals matches the basket's stated intent, but the named functions (financial admin, other gov admin, judicial/legal, corrections, highways, public welfare, police) cannot be isolated in this source. A_MEAN is published directly in USD_annual; no payroll-over-headcount computation performed. Detailed occupation rows not used."
Montana,I1_PAY_LEVEL,68040,USD_annual,2024,OEWSRES24,https://www.bls.gov/oes/oes_research_2024.htm,oes_research_2024_sec_99.xlsx,"sheet 'state_industry_M2024'!M40877 (row 40877: AREA_TITLE='Montana', NAICS=999200, O_GROUP=total, column A_MEAN)",FOUND,"M1 independent re-extraction (two separate workbook reads, key fields re-asserted); M2 range validation 30000-150000",VERIFIED,2026-08-04T19:24:45Z,"NAICS 999200 State Government excluding Schools and Hospitals. TOT_EMP=12880, MEAN_PRSE=0.2 (reliability acceptable). M1=VERIFIED; M2=I1: 68040.0 in [30000, 150000]. METHOD DEVIATION (approved): I1 uses OEWS Research Estimates NAICS 999200 'State Government, excluding Schools and Hospitals' sector mean as published, not ASPEP and not the seven-function basket. The source's exclusion of schools and hospitals matches the basket's stated intent, but the named functions (financial admin, other gov admin, judicial/legal, corrections, highways, public welfare, police) cannot be isolated in this source. A_MEAN is published directly in USD_annual; no payroll-over-headcount computation performed. Detailed occupation rows not used."
Nebraska,I1_PAY_LEVEL,62770,USD_annual,2024,OEWSRES24,https://www.bls.gov/oes/oes_research_2024.htm,oes_research_2024_sec_99.xlsx,"sheet 'state_industry_M2024'!M40987 (row 40987: AREA_TITLE='Nebraska', NAICS=999200, O_GROUP=total, column A_MEAN)",FOUND,"M1 independent re-extraction (two separate workbook reads, key fields re-asserted); M2 range validation 30000-150000",VERIFIED,2026-08-04T19:24:45Z,"NAICS 999200 State Government excluding Schools and Hospitals. TOT_EMP=15770, MEAN_PRSE=0 (reliability acceptable). M1=VERIFIED; M2=I1: 62770.0 in [30000, 150000]. METHOD DEVIATION (approved): I1 uses OEWS Research Estimates NAICS 999200 'State Government, excluding Schools and Hospitals' sector mean as published, not ASPEP and not the seven-function basket. The source's exclusion of schools and hospitals matches the basket's stated intent, but the named functions (financial admin, other gov admin, judicial/legal, corrections, highways, public welfare, police) cannot be isolated in this source. A_MEAN is published directly in USD_annual; no payroll-over-headcount computation performed. Detailed occupation rows not used."
Nevada,I1_PAY_LEVEL,71230,USD_annual,2024,OEWSRES24,https://www.bls.gov/oes/oes_research_2024.htm,oes_research_2024_sec_99.xlsx,"sheet 'state_industry_M2024'!M41092 (row 41092: AREA_TITLE='Nevada', NAICS=999200, O_GROUP=total, column A_MEAN)",FOUND,"M1 independent re-extraction (two separate workbook reads, key fields re-asserted); M2 range validation 30000-150000",VERIFIED,2026-08-04T19:24:45Z,"NAICS 999200 State Government excluding Schools and Hospitals. TOT_EMP=18100, MEAN_PRSE=0 (reliability acceptable). M1=VERIFIED; M2=I1: 71230.0 in [30000, 150000]. METHOD DEVIATION (approved): I1 uses OEWS Research Estimates NAICS 999200 'State Government, excluding Schools and Hospitals' sector mean as published, not ASPEP and not the seven-function basket. The source's exclusion of schools and hospitals matches the basket's stated intent, but the named functions (financial admin, other gov admin, judicial/legal, corrections, highways, public welfare, police) cannot be isolated in this source. A_MEAN is published directly in USD_annual; no payroll-over-headcount computation performed. Detailed occupation rows not used."
New Hampshire,I1_PAY_LEVEL,66090,USD_annual,2024,OEWSRES24,https://www.bls.gov/oes/oes_research_2024.htm,oes_research_2024_sec_99.xlsx,"sheet 'state_industry_M2024'!M41196 (row 41196: AREA_TITLE='New Hampshire', NAICS=999200, O_GROUP=total, column A_MEAN)",FOUND,"M1 independent re-extraction (two separate workbook reads, key fields re-asserted); M2 range validation 30000-150000",VERIFIED,2026-08-04T19:24:45Z,"NAICS 999200 State Government excluding Schools and Hospitals. TOT_EMP=9940, MEAN_PRSE=0 (reliability acceptable). M1=VERIFIED; M2=I1: 66090.0 in [30000, 150000]. METHOD DEVIATION (approved): I1 uses OEWS Research Estimates NAICS 999200 'State Government, excluding Schools and Hospitals' sector mean as published, not ASPEP and not the seven-function basket. The source's exclusion of schools and hospitals matches the basket's stated intent, but the named functions (financial admin, other gov admin, judicial/legal, corrections, highways, public welfare, police) cannot be isolated in this source. A_MEAN is published directly in USD_annual; no payroll-over-headcount computation performed. Detailed occupation rows not used."
New Jersey,I1_PAY_LEVEL,81410,USD_annual,2024,OEWSRES24,https://www.bls.gov/oes/oes_research_2024.htm,oes_research_2024_sec_99.xlsx,"sheet 'state_industry_M2024'!M41294 (row 41294: AREA_TITLE='New Jersey', NAICS=999200, O_GROUP=total, column A_MEAN)",FOUND,"M1 independent re-extraction (two separate workbook reads, key fields re-asserted); M2 range validation 30000-150000",VERIFIED,2026-08-04T19:24:45Z,"NAICS 999200 State Government excluding Schools and Hospitals. TOT_EMP=79700, MEAN_PRSE=0 (reliability acceptable). M1=VERIFIED; M2=I1: 81410.0 in [30000, 150000]. METHOD DEVIATION (approved): I1 uses OEWS Research Estimates NAICS 999200 'State Government, excluding Schools and Hospitals' sector mean as published, not ASPEP and not the seven-function basket. The source's exclusion of schools and hospitals matches the basket's stated intent, but the named functions (financial admin, other gov admin, judicial/legal, corrections, highways, public welfare, police) cannot be isolated in this source. A_MEAN is published directly in USD_annual; no payroll-over-headcount computation performed. Detailed occupation rows not used."
New Mexico,I1_PAY_LEVEL,68670,USD_annual,2024,OEWSRES24,https://www.bls.gov/oes/oes_research_2024.htm,oes_research_2024_sec_99.xlsx,"sheet 'state_industry_M2024'!M41516 (row 41516: AREA_TITLE='New Mexico', NAICS=999200, O_GROUP=total, column A_MEAN)",FOUND,"M1 independent re-extraction (two separate workbook reads, key fields re-asserted); M2 range validation 30000-150000",VERIFIED,2026-08-04T19:24:45Z,"NAICS 999200 State Government excluding Schools and Hospitals. TOT_EMP=21410, MEAN_PRSE=0 (reliability acceptable). M1=VERIFIED; M2=I1: 68670.0 in [30000, 150000]. METHOD DEVIATION (approved): I1 uses OEWS Research Estimates NAICS 999200 'State Government, excluding Schools and Hospitals' sector mean as published, not ASPEP and not the seven-function basket. The source's exclusion of schools and hospitals matches the basket's stated intent, but the named functions (financial admin, other gov admin, judicial/legal, corrections, highways, public welfare, police) cannot be isolated in this source. A_MEAN is published directly in USD_annual; no payroll-over-headcount computation performed. Detailed occupation rows not used."
New York,I1_PAY_LEVEL,77880,USD_annual,2024,OEWSRES24,https://www.bls.gov/oes/oes_research_2024.htm,oes_research_2024_sec_99.xlsx,"sheet 'state_industry_M2024'!M41638 (row 41638: AREA_TITLE='New York', NAICS=999200, O_GROUP=total, column A_MEAN)",FOUND,"M1 independent re-extraction (two separate workbook reads, key fields re-asserted); M2 range validation 30000-150000",VERIFIED,2026-08-04T19:24:45Z,"NAICS 999200 State Government excluding Schools and Hospitals. TOT_EMP=134090, MEAN_PRSE=0 (reliability acceptable). M1=VERIFIED; M2=I1: 77880.0 in [30000, 150000]. METHOD DEVIATION (approved): I1 uses OEWS Research Estimates NAICS 999200 'State Government, excluding Schools and Hospitals' sector mean as published, not ASPEP and not the seven-function basket. The source's exclusion of schools and hospitals matches the basket's stated intent, but the named functions (financial admin, other gov admin, judicial/legal, corrections, highways, public welfare, police) cannot be isolated in this source. A_MEAN is published directly in USD_annual; no payroll-over-headcount computation performed. Detailed occupation rows not used."
North Carolina,I1_PAY_LEVEL,63340,USD_annual,2024,OEWSRES24,https://www.bls.gov/oes/oes_research_2024.htm,oes_research_2024_sec_99.xlsx,"sheet 'state_industry_M2024'!M41870 (row 41870: AREA_TITLE='North Carolina', NAICS=999200, O_GROUP=total, column A_MEAN)",FOUND,"M1 independent re-extraction (two separate workbook reads, key fields re-asserted); M2 range validation 30000-150000",VERIFIED,2026-08-04T19:24:45Z,"NAICS 999200 State Government excluding Schools and Hospitals. TOT_EMP=64030, MEAN_PRSE=0.1 (reliability acceptable). M1=VERIFIED; M2=I1: 63340.0 in [30000, 150000]. METHOD DEVIATION (approved): I1 uses OEWS Research Estimates NAICS 999200 'State Government, excluding Schools and Hospitals' sector mean as published, not ASPEP and not the seven-function basket. The source's exclusion of schools and hospitals matches the basket's stated intent, but the named functions (financial admin, other gov admin, judicial/legal, corrections, highways, public welfare, police) cannot be isolated in this source. A_MEAN is published directly in USD_annual; no payroll-over-headcount computation performed. Detailed occupation rows not used."
North Dakota,I1_PAY_LEVEL,71170,USD_annual,2024,OEWSRES24,https://www.bls.gov/oes/oes_research_2024.htm,oes_research_2024_sec_99.xlsx,"sheet 'state_industry_M2024'!M42059 (row 42059: AREA_TITLE='North Dakota', NAICS=999200, O_GROUP=total, column A_MEAN)",FOUND,"M1 independent re-extraction (two separate workbook reads, key fields re-asserted); M2 range validation 30000-150000",VERIFIED,2026-08-04T19:24:45Z,"NAICS 999200 State Government excluding Schools and Hospitals. TOT_EMP=8660, MEAN_PRSE=0 (reliability acceptable). M1=VERIFIED; M2=I1: 71170.0 in [30000, 150000]. METHOD DEVIATION (approved): I1 uses OEWS Research Estimates NAICS 999200 'State Government, excluding Schools and Hospitals' sector mean as published, not ASPEP and not the seven-function basket. The source's exclusion of schools and hospitals matches the basket's stated intent, but the named functions (financial admin, other gov admin, judicial/legal, corrections, highways, public welfare, police) cannot be isolated in this source. A_MEAN is published directly in USD_annual; no payroll-over-headcount computation performed. Detailed occupation rows not used."
Ohio,I1_PAY_LEVEL,75820,USD_annual,2024,OEWSRES24,https://www.bls.gov/oes/oes_research_2024.htm,oes_research_2024_sec_99.xlsx,"sheet 'state_industry_M2024'!M42147 (row 42147: AREA_TITLE='Ohio', NAICS=999200, O_GROUP=total, column A_MEAN)",FOUND,"M1 independent re-extraction (two separate workbook reads, key fields re-asserted); M2 range validation 30000-150000",VERIFIED,2026-08-04T19:24:45Z,"NAICS 999200 State Government excluding Schools and Hospitals. TOT_EMP=48810, MEAN_PRSE=0 (reliability acceptable). M1=VERIFIED; M2=I1: 75820.0 in [30000, 150000]. METHOD DEVIATION (approved): I1 uses OEWS Research Estimates NAICS 999200 'State Government, excluding Schools and Hospitals' sector mean as published, not ASPEP and not the seven-function basket. The source's exclusion of schools and hospitals matches the basket's stated intent, but the named functions (financial admin, other gov admin, judicial/legal, corrections, highways, public welfare, police) cannot be isolated in this source. A_MEAN is published directly in USD_annual; no payroll-over-headcount computation performed. Detailed occupation rows not used."
Oklahoma,I1_PAY_LEVEL,59720,USD_annual,2024,OEWSRES24,https://www.bls.gov/oes/oes_research_2024.htm,oes_research_2024_sec_99.xlsx,"sheet 'state_industry_M2024'!M42310 (row 42310: AREA_TITLE='Oklahoma', NAICS=999200, O_GROUP=total, column A_MEAN)",FOUND,"M1 independent re-extraction (two separate workbook reads, key fields re-asserted); M2 range validation 30000-150000",VERIFIED,2026-08-04T19:24:45Z,"NAICS 999200 State Government excluding Schools and Hospitals. TOT_EMP=31420, MEAN_PRSE=0 (reliability acceptable). M1=VERIFIED; M2=I1: 59720.0 in [30000, 150000]. METHOD DEVIATION (approved): I1 uses OEWS Research Estimates NAICS 999200 'State Government, excluding Schools and Hospitals' sector mean as published, not ASPEP and not the seven-function basket. The source's exclusion of schools and hospitals matches the basket's stated intent, but the named functions (financial admin, other gov admin, judicial/legal, corrections, highways, public welfare, police) cannot be isolated in this source. A_MEAN is published directly in USD_annual; no payroll-over-headcount computation performed. Detailed occupation rows not used."
Oregon,I1_PAY_LEVEL,84200,USD_annual,2024,OEWSRES24,https://www.bls.gov/oes/oes_research_2024.htm,oes_research_2024_sec_99.xlsx,"sheet 'state_industry_M2024'!M42460 (row 42460: AREA_TITLE='Oregon', NAICS=999200, O_GROUP=total, column A_MEAN)",FOUND,"M1 independent re-extraction (two separate workbook reads, key fields re-asserted); M2 range validation 30000-150000",VERIFIED,2026-08-04T19:24:45Z,"NAICS 999200 State Government excluding Schools and Hospitals. TOT_EMP=45610, MEAN_PRSE=0 (reliability acceptable). M1=VERIFIED; M2=I1: 84200.0 in [30000, 150000]. METHOD DEVIATION (approved): I1 uses OEWS Research Estimates NAICS 999200 'State Government, excluding Schools and Hospitals' sector mean as published, not ASPEP and not the seven-function basket. The source's exclusion of schools and hospitals matches the basket's stated intent, but the named functions (financial admin, other gov admin, judicial/legal, corrections, highways, public welfare, police) cannot be isolated in this source. A_MEAN is published directly in USD_annual; no payroll-over-headcount computation performed. Detailed occupation rows not used."
Pennsylvania,I1_PAY_LEVEL,69070,USD_annual,2024,OEWSRES24,https://www.bls.gov/oes/oes_research_2024.htm,oes_research_2024_sec_99.xlsx,"sheet 'state_industry_M2024'!M42631 (row 42631: AREA_TITLE='Pennsylvania', NAICS=999200, O_GROUP=total, column A_MEAN)",FOUND,"M1 independent re-extraction (two separate workbook reads, key fields re-asserted); M2 range validation 30000-150000",VERIFIED,2026-08-04T19:24:45Z,"NAICS 999200 State Government excluding Schools and Hospitals. TOT_EMP=78420, MEAN_PRSE=0 (reliability acceptable). M1=VERIFIED; M2=I1: 69070.0 in [30000, 150000]. METHOD DEVIATION (approved): I1 uses OEWS Research Estimates NAICS 999200 'State Government, excluding Schools and Hospitals' sector mean as published, not ASPEP and not the seven-function basket. The source's exclusion of schools and hospitals matches the basket's stated intent, but the named functions (financial admin, other gov admin, judicial/legal, corrections, highways, public welfare, police) cannot be isolated in this source. A_MEAN is published directly in USD_annual; no payroll-over-headcount computation performed. Detailed occupation rows not used."
Rhode Island,I1_PAY_LEVEL,90600,USD_annual,2024,OEWSRES24,https://www.bls.gov/oes/oes_research_2024.htm,oes_research_2024_sec_99.xlsx,"sheet 'state_industry_M2024'!M42833 (row 42833: AREA_TITLE='Rhode Island', NAICS=999200, O_GROUP=total, column A_MEAN)",FOUND,"M1 independent re-extraction (two separate workbook reads, key fields re-asserted); M2 range validation 30000-150000",VERIFIED,2026-08-04T19:24:45Z,"NAICS 999200 State Government excluding Schools and Hospitals. TOT_EMP=10940, MEAN_PRSE=0.1 (reliability acceptable). M1=VERIFIED; M2=I1: 90600.0 in [30000, 150000]. METHOD DEVIATION (approved): I1 uses OEWS Research Estimates NAICS 999200 'State Government, excluding Schools and Hospitals' sector mean as published, not ASPEP and not the seven-function basket. The source's exclusion of schools and hospitals matches the basket's stated intent, but the named functions (financial admin, other gov admin, judicial/legal, corrections, highways, public welfare, police) cannot be isolated in this source. A_MEAN is published directly in USD_annual; no payroll-over-headcount computation performed. Detailed occupation rows not used."
South Carolina,I1_PAY_LEVEL,61100,USD_annual,2024,OEWSRES24,https://www.bls.gov/oes/oes_research_2024.htm,oes_research_2024_sec_99.xlsx,"sheet 'state_industry_M2024'!M42921 (row 42921: AREA_TITLE='South Carolina', NAICS=999200, O_GROUP=total, column A_MEAN)",FOUND,"M1 independent re-extraction (two separate workbook reads, key fields re-asserted); M2 range validation 30000-150000",VERIFIED,2026-08-04T19:24:45Z,"NAICS 999200 State Government excluding Schools and Hospitals. TOT_EMP=34760, MEAN_PRSE=0 (reliability acceptable). M1=VERIFIED; M2=I1: 61100.0 in [30000, 150000]. METHOD DEVIATION (approved): I1 uses OEWS Research Estimates NAICS 999200 'State Government, excluding Schools and Hospitals' sector mean as published, not ASPEP and not the seven-function basket. The source's exclusion of schools and hospitals matches the basket's stated intent, but the named functions (financial admin, other gov admin, judicial/legal, corrections, highways, public welfare, police) cannot be isolated in this source. A_MEAN is published directly in USD_annual; no payroll-over-headcount computation performed. Detailed occupation rows not used."
South Dakota,I1_PAY_LEVEL,65630,USD_annual,2024,OEWSRES24,https://www.bls.gov/oes/oes_research_2024.htm,oes_research_2024_sec_99.xlsx,"sheet 'state_industry_M2024'!M43058 (row 43058: AREA_TITLE='South Dakota', NAICS=999200, O_GROUP=total, column A_MEAN)",FOUND,"M1 independent re-extraction (two separate workbook reads, key fields re-asserted); M2 range validation 30000-150000",VERIFIED,2026-08-04T19:24:45Z,"NAICS 999200 State Government excluding Schools and Hospitals. TOT_EMP=7770, MEAN_PRSE=0 (reliability acceptable). M1=VERIFIED; M2=I1: 65630.0 in [30000, 150000]. METHOD DEVIATION (approved): I1 uses OEWS Research Estimates NAICS 999200 'State Government, excluding Schools and Hospitals' sector mean as published, not ASPEP and not the seven-function basket. The source's exclusion of schools and hospitals matches the basket's stated intent, but the named functions (financial admin, other gov admin, judicial/legal, corrections, highways, public welfare, police) cannot be isolated in this source. A_MEAN is published directly in USD_annual; no payroll-over-headcount computation performed. Detailed occupation rows not used."
Tennessee,I1_PAY_LEVEL,72990,USD_annual,2024,OEWSRES24,https://www.bls.gov/oes/oes_research_2024.htm,oes_research_2024_sec_99.xlsx,"sheet 'state_industry_M2024'!M43134 (row 43134: AREA_TITLE='Tennessee', NAICS=999200, O_GROUP=total, column A_MEAN)",FOUND,"M1 independent re-extraction (two separate workbook reads, key fields re-asserted); M2 range validation 30000-150000",VERIFIED,2026-08-04T19:24:45Z,"NAICS 999200 State Government excluding Schools and Hospitals. TOT_EMP=40730, MEAN_PRSE=0 (reliability acceptable). M1=VERIFIED; M2=I1: 72990.0 in [30000, 150000]. METHOD DEVIATION (approved): I1 uses OEWS Research Estimates NAICS 999200 'State Government, excluding Schools and Hospitals' sector mean as published, not ASPEP and not the seven-function basket. The source's exclusion of schools and hospitals matches the basket's stated intent, but the named functions (financial admin, other gov admin, judicial/legal, corrections, highways, public welfare, police) cannot be isolated in this source. A_MEAN is published directly in USD_annual; no payroll-over-headcount computation performed. Detailed occupation rows not used."
Texas,I1_PAY_LEVEL,62910,USD_annual,2024,OEWSRES24,https://www.bls.gov/oes/oes_research_2024.htm,oes_research_2024_sec_99.xlsx,"sheet 'state_industry_M2024'!M43289 (row 43289: AREA_TITLE='Texas', NAICS=999200, O_GROUP=total, column A_MEAN)",FOUND,"M1 independent re-extraction (two separate workbook reads, key fields re-asserted); M2 range validation 30000-150000",VERIFIED,2026-08-04T19:24:45Z,"NAICS 999200 State Government excluding Schools and Hospitals. TOT_EMP=140670, MEAN_PRSE=0 (reliability acceptable). M1=VERIFIED; M2=I1: 62910.0 in [30000, 150000]. METHOD DEVIATION (approved): I1 uses OEWS Research Estimates NAICS 999200 'State Government, excluding Schools and Hospitals' sector mean as published, not ASPEP and not the seven-function basket. The source's exclusion of schools and hospitals matches the basket's stated intent, but the named functions (financial admin, other gov admin, judicial/legal, corrections, highways, public welfare, police) cannot be isolated in this source. A_MEAN is published directly in USD_annual; no payroll-over-headcount computation performed. Detailed occupation rows not used."
Utah,I1_PAY_LEVEL,68800,USD_annual,2024,OEWSRES24,https://www.bls.gov/oes/oes_research_2024.htm,oes_research_2024_sec_99.xlsx,"sheet 'state_industry_M2024'!M43467 (row 43467: AREA_TITLE='Utah', NAICS=999200, O_GROUP=total, column A_MEAN)",FOUND,"M1 independent re-extraction (two separate workbook reads, key fields re-asserted); M2 range validation 30000-150000",VERIFIED,2026-08-04T19:24:45Z,"NAICS 999200 State Government excluding Schools and Hospitals. TOT_EMP=22600, MEAN_PRSE=0 (reliability acceptable). M1=VERIFIED; M2=I1: 68800.0 in [30000, 150000]. METHOD DEVIATION (approved): I1 uses OEWS Research Estimates NAICS 999200 'State Government, excluding Schools and Hospitals' sector mean as published, not ASPEP and not the seven-function basket. The source's exclusion of schools and hospitals matches the basket's stated intent, but the named functions (financial admin, other gov admin, judicial/legal, corrections, highways, public welfare, police) cannot be isolated in this source. A_MEAN is published directly in USD_annual; no payroll-over-headcount computation performed. Detailed occupation rows not used."
Vermont,I1_PAY_LEVEL,71860,USD_annual,2024,OEWSRES24,https://www.bls.gov/oes/oes_research_2024.htm,oes_research_2024_sec_99.xlsx,"sheet 'state_industry_M2024'!M43594 (row 43594: AREA_TITLE='Vermont', NAICS=999200, O_GROUP=total, column A_MEAN)",FOUND,"M1 independent re-extraction (two separate workbook reads, key fields re-asserted); M2 range validation 30000-150000",VERIFIED,2026-08-04T19:24:45Z,"NAICS 999200 State Government excluding Schools and Hospitals. TOT_EMP=9250, MEAN_PRSE=0 (reliability acceptable). M1=VERIFIED; M2=I1: 71860.0 in [30000, 150000]. METHOD DEVIATION (approved): I1 uses OEWS Research Estimates NAICS 999200 'State Government, excluding Schools and Hospitals' sector mean as published, not ASPEP and not the seven-function basket. The source's exclusion of schools and hospitals matches the basket's stated intent, but the named functions (financial admin, other gov admin, judicial/legal, corrections, highways, public welfare, police) cannot be isolated in this source. A_MEAN is published directly in USD_annual; no payroll-over-headcount computation performed. Detailed occupation rows not used."
Virginia,I1_PAY_LEVEL,68210,USD_annual,2024,OEWSRES24,https://www.bls.gov/oes/oes_research_2024.htm,oes_research_2024_sec_99.xlsx,"sheet 'state_industry_M2024'!M43685 (row 43685: AREA_TITLE='Virginia', NAICS=999200, O_GROUP=total, column A_MEAN)",FOUND,"M1 independent re-extraction (two separate workbook reads, key fields re-asserted); M2 range validation 30000-150000",VERIFIED,2026-08-04T19:24:45Z,"NAICS 999200 State Government excluding Schools and Hospitals. TOT_EMP=59770, MEAN_PRSE=0 (reliability acceptable). M1=VERIFIED; M2=I1: 68210.0 in [30000, 150000]. METHOD DEVIATION (approved): I1 uses OEWS Research Estimates NAICS 999200 'State Government, excluding Schools and Hospitals' sector mean as published, not ASPEP and not the seven-function basket. The source's exclusion of schools and hospitals matches the basket's stated intent, but the named functions (financial admin, other gov admin, judicial/legal, corrections, highways, public welfare, police) cannot be isolated in this source. A_MEAN is published directly in USD_annual; no payroll-over-headcount computation performed. Detailed occupation rows not used."
Washington,I1_PAY_LEVEL,83950,USD_annual,2024,OEWSRES24,https://www.bls.gov/oes/oes_research_2024.htm,oes_research_2024_sec_99.xlsx,"sheet 'state_industry_M2024'!M43888 (row 43888: AREA_TITLE='Washington', NAICS=999200, O_GROUP=total, column A_MEAN)",FOUND,"M1 independent re-extraction (two separate workbook reads, key fields re-asserted); M2 range validation 30000-150000",VERIFIED,2026-08-04T19:24:45Z,"NAICS 999200 State Government excluding Schools and Hospitals. TOT_EMP=65190, MEAN_PRSE=0 (reliability acceptable). M1=VERIFIED; M2=I1: 83950.0 in [30000, 150000]. METHOD DEVIATION (approved): I1 uses OEWS Research Estimates NAICS 999200 'State Government, excluding Schools and Hospitals' sector mean as published, not ASPEP and not the seven-function basket. The source's exclusion of schools and hospitals matches the basket's stated intent, but the named functions (financial admin, other gov admin, judicial/legal, corrections, highways, public welfare, police) cannot be isolated in this source. A_MEAN is published directly in USD_annual; no payroll-over-headcount computation performed. Detailed occupation rows not used."
West Virginia,I1_PAY_LEVEL,54940,USD_annual,2024,OEWSRES24,https://www.bls.gov/oes/oes_research_2024.htm,oes_research_2024_sec_99.xlsx,"sheet 'state_industry_M2024'!M44060 (row 44060: AREA_TITLE='West Virginia', NAICS=999200, O_GROUP=total, column A_MEAN)",FOUND,"M1 independent re-extraction (two separate workbook reads, key fields re-asserted); M2 range validation 30000-150000",VERIFIED,2026-08-04T19:24:45Z,"NAICS 999200 State Government excluding Schools and Hospitals. TOT_EMP=29800, MEAN_PRSE=0.2 (reliability acceptable). M1=VERIFIED; M2=I1: 54940.0 in [30000, 150000]. METHOD DEVIATION (approved): I1 uses OEWS Research Estimates NAICS 999200 'State Government, excluding Schools and Hospitals' sector mean as published, not ASPEP and not the seven-function basket. The source's exclusion of schools and hospitals matches the basket's stated intent, but the named functions (financial admin, other gov admin, judicial/legal, corrections, highways, public welfare, police) cannot be isolated in this source. A_MEAN is published directly in USD_annual; no payroll-over-headcount computation performed. Detailed occupation rows not used."
Wisconsin,I1_PAY_LEVEL,74380,USD_annual,2024,OEWSRES24,https://www.bls.gov/oes/oes_research_2024.htm,oes_research_2024_sec_99.xlsx,"sheet 'state_industry_M2024'!M44210 (row 44210: AREA_TITLE='Wisconsin', NAICS=999200, O_GROUP=total, column A_MEAN)",FOUND,"M1 independent re-extraction (two separate workbook reads, key fields re-asserted); M2 range validation 30000-150000",VERIFIED,2026-08-04T19:24:45Z,"NAICS 999200 State Government excluding Schools and Hospitals. TOT_EMP=32320, MEAN_PRSE=0 (reliability acceptable). M1=VERIFIED; M2=I1: 74380.0 in [30000, 150000]. METHOD DEVIATION (approved): I1 uses OEWS Research Estimates NAICS 999200 'State Government, excluding Schools and Hospitals' sector mean as published, not ASPEP and not the seven-function basket. The source's exclusion of schools and hospitals matches the basket's stated intent, but the named functions (financial admin, other gov admin, judicial/legal, corrections, highways, public welfare, police) cannot be isolated in this source. A_MEAN is published directly in USD_annual; no payroll-over-headcount computation performed. Detailed occupation rows not used."
Wyoming,I1_PAY_LEVEL,65150,USD_annual,2024,OEWSRES24,https://www.bls.gov/oes/oes_research_2024.htm,oes_research_2024_sec_99.xlsx,"sheet 'state_industry_M2024'!M44356 (row 44356: AREA_TITLE='Wyoming', NAICS=999200, O_GROUP=total, column A_MEAN)",FOUND,"M1 independent re-extraction (two separate workbook reads, key fields re-asserted); M2 range validation 30000-150000",VERIFIED,2026-08-04T19:24:45Z,"NAICS 999200 State Government excluding Schools and Hospitals. TOT_EMP=7720, MEAN_PRSE=0 (reliability acceptable). M1=VERIFIED; M2=I1: 65150.0 in [30000, 150000]. METHOD DEVIATION (approved): I1 uses OEWS Research Estimates NAICS 999200 'State Government, excluding Schools and Hospitals' sector mean as published, not ASPEP and not the seven-function basket. The source's exclusion of schools and hospitals matches the basket's stated intent, but the named functions (financial admin, other gov admin, judicial/legal, corrections, highways, public welfare, police) cannot be isolated in this source. A_MEAN is published directly in USD_annual; no payroll-over-headcount computation performed. Detailed occupation rows not used."
Alabama,I2_MARKET_POSITION,61241,USD_annual,2024,QCEW24,https://www.bls.gov/cew/downloadable-data-files.htm,2024_annual_by_area.zip,"2024.annual.by_area/2024.annual 01000 Alabama -- Statewide.csv :: CSV data row 808, column 'avg_annual_pay' (area_fips=01000, own_code=5, industry_code=10, agglvl_code=51)",FOUND,"M1 independent re-extraction (archive re-opened, member re-parsed); M2 range validation 30000-130000",VERIFIED,2026-08-04T19:24:49Z,"area_title='Alabama -- Statewide', own_title='Private', annual_avg_emplvl=1717475, annual_avg_wkly_wage=1178, disclosure_code='' (blank = not suppressed). Keyed on area_fips, NOT on a 'Statewide' filename filter. Denominator only - the I1/I2 ratio belongs to Phase 4 and is not computed in this phase. This value is read straight from the source column and is not obtained from any other quantity. M1=VERIFIED; M2=I2: 61241.0 in [30000, 130000]."
Alaska,I2_MARKET_POSITION,71480,USD_annual,2024,QCEW24,https://www.bls.gov/cew/downloadable-data-files.htm,2024_annual_by_area.zip,"2024.annual.by_area/2024.annual 02000 Alaska -- Statewide.csv :: CSV data row 425, column 'avg_annual_pay' (area_fips=02000, own_code=5, industry_code=10, agglvl_code=51)",FOUND,"M1 independent re-extraction (archive re-opened, member re-parsed); M2 range validation 30000-130000",VERIFIED,2026-08-04T19:24:49Z,"area_title='Alaska -- Statewide', own_title='Private', annual_avg_emplvl=253788, annual_avg_wkly_wage=1375, disclosure_code='' (blank = not suppressed). Keyed on area_fips, NOT on a 'Statewide' filename filter. Denominator only - the I1/I2 ratio belongs to Phase 4 and is not computed in this phase. This value is read straight from the source column and is not obtained from any other quantity. M1=VERIFIED; M2=I2: 71480.0 in [30000, 130000]."
Arizona,I2_MARKET_POSITION,70192,USD_annual,2024,QCEW24,https://www.bls.gov/cew/downloadable-data-files.htm,2024_annual_by_area.zip,"2024.annual.by_area/2024.annual 04000 Arizona -- Statewide.csv :: CSV data row 903, column 'avg_annual_pay' (area_fips=04000, own_code=5, industry_code=10, agglvl_code=51)",FOUND,"M1 independent re-extraction (archive re-opened, member re-parsed); M2 range validation 30000-130000",VERIFIED,2026-08-04T19:24:49Z,"area_title='Arizona -- Statewide', own_title='Private', annual_avg_emplvl=2814912, annual_avg_wkly_wage=1350, disclosure_code='' (blank = not suppressed). Keyed on area_fips, NOT on a 'Statewide' filename filter. Denominator only - the I1/I2 ratio belongs to Phase 4 and is not computed in this phase. This value is read straight from the source column and is not obtained from any other quantity. M1=VERIFIED; M2=I2: 70192.0 in [30000, 130000]."
Arkansas,I2_MARKET_POSITION,58721,USD_annual,2024,QCEW24,https://www.bls.gov/cew/downloadable-data-files.htm,2024_annual_by_area.zip,"2024.annual.by_area/2024.annual 05000 Arkansas -- Statewide.csv :: CSV data row 674, column 'avg_annual_pay' (area_fips=05000, own_code=5, industry_code=10, agglvl_code=51)",FOUND,"M1 independent re-extraction (archive re-opened, member re-parsed); M2 range validation 30000-130000",VERIFIED,2026-08-04T19:24:49Z,"area_title='Arkansas -- Statewide', own_title='Private', annual_avg_emplvl=1097701, annual_avg_wkly_wage=1129, disclosure_code='' (blank = not suppressed). Keyed on area_fips, NOT on a 'Statewide' filename filter. Denominator only - the I1/I2 ratio belongs to Phase 4 and is not computed in this phase. This value is read straight from the source column and is not obtained from any other quantity. M1=VERIFIED; M2=I2: 58721.0 in [30000, 130000]."
California,I2_MARKET_POSITION,92116,USD_annual,2024,QCEW24,https://www.bls.gov/cew/downloadable-data-files.htm,2024_annual_by_area.zip,"2024.annual.by_area/2024.annual 06000 California -- Statewide.csv :: CSV data row 1137, column 'avg_annual_pay' (area_fips=06000, own_code=5, industry_code=10, agglvl_code=51)",FOUND,"M1 independent re-extraction (archive re-opened, member re-parsed); M2 range validation 30000-130000",VERIFIED,2026-08-04T19:24:49Z,"area_title='California -- Statewide', own_title='Private', annual_avg_emplvl=15546764, annual_avg_wkly_wage=1771, disclosure_code='' (blank = not suppressed). Keyed on area_fips, NOT on a 'Statewide' filename filter. Denominator only - the I1/I2 ratio belongs to Phase 4 and is not computed in this phase. This value is read straight from the source column and is not obtained from any other quantity. M1=VERIFIED; M2=I2: 92116.0 in [30000, 130000]."
Colorado,I2_MARKET_POSITION,81426,USD_annual,2024,QCEW24,https://www.bls.gov/cew/downloadable-data-files.htm,2024_annual_by_area.zip,"2024.annual.by_area/2024.annual 08000 Colorado -- Statewide.csv :: CSV data row 662, column 'avg_annual_pay' (area_fips=08000, own_code=5, industry_code=10, agglvl_code=51)",FOUND,"M1 independent re-extraction (archive re-opened, member re-parsed); M2 range validation 30000-130000",VERIFIED,2026-08-04T19:24:49Z,"area_title='Colorado -- Statewide', own_title='Private', annual_avg_emplvl=2436000, annual_avg_wkly_wage=1566, disclosure_code='' (blank = not suppressed). Keyed on area_fips, NOT on a 'Statewide' filename filter. Denominator only - the I1/I2 ratio belongs to Phase 4 and is not computed in this phase. This value is read straight from the source column and is not obtained from any other quantity. M1=VERIFIED; M2=I2: 81426.0 in [30000, 130000]."
Connecticut,I2_MARKET_POSITION,88959,USD_annual,2024,QCEW24,https://www.bls.gov/cew/downloadable-data-files.htm,2024_annual_by_area.zip,"2024.annual.by_area/2024.annual 09000 Connecticut -- Statewide.csv :: CSV data row 577, column 'avg_annual_pay' (area_fips=09000, own_code=5, industry_code=10, agglvl_code=51)",FOUND,"M1 independent re-extraction (archive re-opened, member re-parsed); M2 range validation 30000-130000",VERIFIED,2026-08-04T19:24:49Z,"area_title='Connecticut -- Statewide', own_title='Private', annual_avg_emplvl=1459801, annual_avg_wkly_wage=1711, disclosure_code='' (blank = not suppressed). Keyed on area_fips, NOT on a 'Statewide' filename filter. Denominator only - the I1/I2 ratio belongs to Phase 4 and is not computed in this phase. This value is read straight from the source column and is not obtained from any other quantity. M1=VERIFIED; M2=I2: 88959.0 in [30000, 130000]."
Delaware,I2_MARKET_POSITION,72500,USD_annual,2024,QCEW24,https://www.bls.gov/cew/downloadable-data-files.htm,2024_annual_by_area.zip,"2024.annual.by_area/2024.annual 10000 Delaware -- Statewide.csv :: CSV data row 390, column 'avg_annual_pay' (area_fips=10000, own_code=5, industry_code=10, agglvl_code=51)",FOUND,"M1 independent re-extraction (archive re-opened, member re-parsed); M2 range validation 30000-130000",VERIFIED,2026-08-04T19:24:49Z,"area_title='Delaware -- Statewide', own_title='Private', annual_avg_emplvl=409731, annual_avg_wkly_wage=1394, disclosure_code='' (blank = not suppressed). Keyed on area_fips, NOT on a 'Statewide' filename filter. Denominator only - the I1/I2 ratio belongs to Phase 4 and is not computed in this phase. This value is read straight from the source column and is not obtained from any other quantity. M1=VERIFIED; M2=I2: 72500.0 in [30000, 130000]."
District of Columbia,I2_MARKET_POSITION,118001,USD_annual,2024,QCEW24,https://www.bls.gov/cew/downloadable-data-files.htm,2024_annual_by_area.zip,"2024.annual.by_area/2024.annual 11000 District of Columbia, not unknown.csv :: CSV data row 312, column 'avg_annual_pay' (area_fips=11000, own_code=5, industry_code=10, agglvl_code=51)",FOUND,"M1 independent re-extraction (archive re-opened, member re-parsed); M2 range validation 30000-130000",VERIFIED,2026-08-04T19:24:49Z,"area_title='District of Columbia, not unknown', own_title='Private', annual_avg_emplvl=524284, annual_avg_wkly_wage=2269, disclosure_code='' (blank = not suppressed). Keyed on area_fips, NOT on a 'Statewide' filename filter. Denominator only - the I1/I2 ratio belongs to Phase 4 and is not computed in this phase. This value is read straight from the source column and is not obtained from any other quantity. M1=VERIFIED; M2=I2: 118001.0 in [30000, 130000]."
Florida,I2_MARKET_POSITION,69298,USD_annual,2024,QCEW24,https://www.bls.gov/cew/downloadable-data-files.htm,2024_annual_by_area.zip,"2024.annual.by_area/2024.annual 12000 Florida -- Statewide.csv :: CSV data row 885, column 'avg_annual_pay' (area_fips=12000, own_code=5, industry_code=10, agglvl_code=51)",FOUND,"M1 independent re-extraction (archive re-opened, member re-parsed); M2 range validation 30000-130000",VERIFIED,2026-08-04T19:24:49Z,"area_title='Florida -- Statewide', own_title='Private', annual_avg_emplvl=8729175, annual_avg_wkly_wage=1333, disclosure_code='' (blank = not suppressed). Keyed on area_fips, NOT on a 'Statewide' filename filter. Denominator only - the I1/I2 ratio belongs to Phase 4 and is not computed in this phase. This value is read straight from the source column and is not obtained from any other quantity. M1=VERIFIED; M2=I2: 69298.0 in [30000, 130000]."
Georgia,I2_MARKET_POSITION,71592,USD_annual,2024,QCEW24,https://www.bls.gov/cew/downloadable-data-files.htm,2024_annual_by_area.zip,"2024.annual.by_area/2024.annual 13000 Georgia -- Statewide.csv :: CSV data row 708, column 'avg_annual_pay' (area_fips=13000, own_code=5, industry_code=10, agglvl_code=51)",FOUND,"M1 independent re-extraction (archive re-opened, member re-parsed); M2 range validation 30000-130000",VERIFIED,2026-08-04T19:24:49Z,"area_title='Georgia -- Statewide', own_title='Private', annual_avg_emplvl=4183693, annual_avg_wkly_wage=1377, disclosure_code='' (blank = not suppressed). Keyed on area_fips, NOT on a 'Statewide' filename filter. Denominator only - the I1/I2 ratio belongs to Phase 4 and is not computed in this phase. This value is read straight from the source column and is not obtained from any other quantity. M1=VERIFIED; M2=I2: 71592.0 in [30000, 130000]."
Hawaii,I2_MARKET_POSITION,64847,USD_annual,2024,QCEW24,https://www.bls.gov/cew/downloadable-data-files.htm,2024_annual_by_area.zip,"2024.annual.by_area/2024.annual 15000 Hawaii -- Statewide.csv :: CSV data row 496, column 'avg_annual_pay' (area_fips=15000, own_code=5, industry_code=10, agglvl_code=51)",FOUND,"M1 independent re-extraction (archive re-opened, member re-parsed); M2 range validation 30000-130000",VERIFIED,2026-08-04T19:24:49Z,"area_title='Hawaii -- Statewide', own_title='Private', annual_avg_emplvl=516956, annual_avg_wkly_wage=1247, disclosure_code='' (blank = not suppressed). Keyed on area_fips, NOT on a 'Statewide' filename filter. Denominator only - the I1/I2 ratio belongs to Phase 4 and is not computed in this phase. This value is read straight from the source column and is not obtained from any other quantity. M1=VERIFIED; M2=I2: 64847.0 in [30000, 130000]."
Idaho,I2_MARKET_POSITION,60149,USD_annual,2024,QCEW24,https://www.bls.gov/cew/downloadable-data-files.htm,2024_annual_by_area.zip,"2024.annual.by_area/2024.annual 16000 Idaho -- Statewide.csv :: CSV data row 602, column 'avg_annual_pay' (area_fips=16000, own_code=5, industry_code=10, agglvl_code=51)",FOUND,"M1 independent re-extraction (archive re-opened, member re-parsed); M2 range validation 30000-130000",VERIFIED,2026-08-04T19:24:49Z,"area_title='Idaho -- Statewide', own_title='Private', annual_avg_emplvl=734589, annual_avg_wkly_wage=1157, disclosure_code='' (blank = not suppressed). Keyed on area_fips, NOT on a 'Statewide' filename filter. Denominator only - the I1/I2 ratio belongs to Phase 4 and is not computed in this phase. This value is read straight from the source column and is not obtained from any other quantity. M1=VERIFIED; M2=I2: 60149.0 in [30000, 130000]."
Illinois,I2_MARKET_POSITION,78251,USD_annual,2024,QCEW24,https://www.bls.gov/cew/downloadable-data-files.htm,2024_annual_by_area.zip,"2024.annual.by_area/2024.annual 17000 Illinois -- Statewide.csv :: CSV data row 675, column 'avg_annual_pay' (area_fips=17000, own_code=5, industry_code=10, agglvl_code=51)",FOUND,"M1 independent re-extraction (archive re-opened, member re-parsed); M2 range validation 30000-130000",VERIFIED,2026-08-04T19:24:49Z,"area_title='Illinois -- Statewide', own_title='Private', annual_avg_emplvl=5236228, annual_avg_wkly_wage=1505, disclosure_code='' (blank = not suppressed). Keyed on area_fips, NOT on a 'Statewide' filename filter. Denominator only - the I1/I2 ratio belongs to Phase 4 and is not computed in this phase. This value is read straight from the source column and is not obtained from any other quantity. M1=VERIFIED; M2=I2: 78251.0 in [30000, 130000]."
Indiana,I2_MARKET_POSITION,63314,USD_annual,2024,QCEW24,https://www.bls.gov/cew/downloadable-data-files.htm,2024_annual_by_area.zip,"2024.annual.by_area/2024.annual 18000 Indiana -- Statewide.csv :: CSV data row 591, column 'avg_annual_pay' (area_fips=18000, own_code=5, industry_code=10, agglvl_code=51)",FOUND,"M1 independent re-extraction (archive re-opened, member re-parsed); M2 range validation 30000-130000",VERIFIED,2026-08-04T19:24:49Z,"area_title='Indiana -- Statewide', own_title='Private', annual_avg_emplvl=2780349, annual_avg_wkly_wage=1218, disclosure_code='' (blank = not suppressed). Keyed on area_fips, NOT on a 'Statewide' filename filter. Denominator only - the I1/I2 ratio belongs to Phase 4 and is not computed in this phase. This value is read straight from the source column and is not obtained from any other quantity. M1=VERIFIED; M2=I2: 63314.0 in [30000, 130000]."
Iowa,I2_MARKET_POSITION,61490,USD_annual,2024,QCEW24,https://www.bls.gov/cew/downloadable-data-files.htm,2024_annual_by_area.zip,"2024.annual.by_area/2024.annual 19000 Iowa -- Statewide.csv :: CSV data row 608, column 'avg_annual_pay' (area_fips=19000, own_code=5, industry_code=10, agglvl_code=51)",FOUND,"M1 independent re-extraction (archive re-opened, member re-parsed); M2 range validation 30000-130000",VERIFIED,2026-08-04T19:24:49Z,"area_title='Iowa -- Statewide', own_title='Private', annual_avg_emplvl=1315014, annual_avg_wkly_wage=1182, disclosure_code='' (blank = not suppressed). Keyed on area_fips, NOT on a 'Statewide' filename filter. Denominator only - the I1/I2 ratio belongs to Phase 4 and is not computed in this phase. This value is read straight from the source column and is not obtained from any other quantity. M1=VERIFIED; M2=I2: 61490.0 in [30000, 130000]."
Kansas,I2_MARKET_POSITION,62204,USD_annual,2024,QCEW24,https://www.bls.gov/cew/downloadable-data-files.htm,2024_annual_by_area.zip,"2024.annual.by_area/2024.annual 20000 Kansas -- Statewide.csv :: CSV data row 643, column 'avg_annual_pay' (area_fips=20000, own_code=5, industry_code=10, agglvl_code=51)",FOUND,"M1 independent re-extraction (archive re-opened, member re-parsed); M2 range validation 30000-130000",VERIFIED,2026-08-04T19:24:49Z,"area_title='Kansas -- Statewide', own_title='Private', annual_avg_emplvl=1182582, annual_avg_wkly_wage=1196, disclosure_code='' (blank = not suppressed). Keyed on area_fips, NOT on a 'Statewide' filename filter. Denominator only - the I1/I2 ratio belongs to Phase 4 and is not computed in this phase. This value is read straight from the source column and is not obtained from any other quantity. M1=VERIFIED; M2=I2: 62204.0 in [30000, 130000]."
Kentucky,I2_MARKET_POSITION,60561,USD_annual,2024,QCEW24,https://www.bls.gov/cew/downloadable-data-files.htm,2024_annual_by_area.zip,"2024.annual.by_area/2024.annual 21000 Kentucky -- Statewide.csv :: CSV data row 691, column 'avg_annual_pay' (area_fips=21000, own_code=5, industry_code=10, agglvl_code=51)",FOUND,"M1 independent re-extraction (archive re-opened, member re-parsed); M2 range validation 30000-130000",VERIFIED,2026-08-04T19:24:49Z,"area_title='Kentucky -- Statewide', own_title='Private', annual_avg_emplvl=1693939, annual_avg_wkly_wage=1165, disclosure_code='' (blank = not suppressed). Keyed on area_fips, NOT on a 'Statewide' filename filter. Denominator only - the I1/I2 ratio belongs to Phase 4 and is not computed in this phase. This value is read straight from the source column and is not obtained from any other quantity. M1=VERIFIED; M2=I2: 60561.0 in [30000, 130000]."
Louisiana,I2_MARKET_POSITION,61700,USD_annual,2024,QCEW24,https://www.bls.gov/cew/downloadable-data-files.htm,2024_annual_by_area.zip,"2024.annual.by_area/2024.annual 22000 Louisiana -- Statewide.csv :: CSV data row 939, column 'avg_annual_pay' (area_fips=22000, own_code=5, industry_code=10, agglvl_code=51)",FOUND,"M1 independent re-extraction (archive re-opened, member re-parsed); M2 range validation 30000-130000",VERIFIED,2026-08-04T19:24:49Z,"area_title='Louisiana -- Statewide', own_title='Private', annual_avg_emplvl=1615842, annual_avg_wkly_wage=1187, disclosure_code='' (blank = not suppressed). Keyed on area_fips, NOT on a 'Statewide' filename filter. Denominator only - the I1/I2 ratio belongs to Phase 4 and is not computed in this phase. This value is read straight from the source column and is not obtained from any other quantity. M1=VERIFIED; M2=I2: 61700.0 in [30000, 130000]."
Maine,I2_MARKET_POSITION,63280,USD_annual,2024,QCEW24,https://www.bls.gov/cew/downloadable-data-files.htm,2024_annual_by_area.zip,"2024.annual.by_area/2024.annual 23000 Maine -- Statewide.csv :: CSV data row 559, column 'avg_annual_pay' (area_fips=23000, own_code=5, industry_code=10, agglvl_code=51)",FOUND,"M1 independent re-extraction (archive re-opened, member re-parsed); M2 range validation 30000-130000",VERIFIED,2026-08-04T19:24:49Z,"area_title='Maine -- Statewide', own_title='Private', annual_avg_emplvl=548061, annual_avg_wkly_wage=1217, disclosure_code='' (blank = not suppressed). Keyed on area_fips, NOT on a 'Statewide' filename filter. Denominator only - the I1/I2 ratio belongs to Phase 4 and is not computed in this phase. This value is read straight from the source column and is not obtained from any other quantity. M1=VERIFIED; M2=I2: 63280.0 in [30000, 130000]."
Maryland,I2_MARKET_POSITION,75855,USD_annual,2024,QCEW24,https://www.bls.gov/cew/downloadable-data-files.htm,2024_annual_by_area.zip,"2024.annual.by_area/2024.annual 24000 Maryland -- Statewide.csv :: CSV data row 716, column 'avg_annual_pay' (area_fips=24000, own_code=5, industry_code=10, agglvl_code=51)",FOUND,"M1 independent re-extraction (archive re-opened, member re-parsed); M2 range validation 30000-130000",VERIFIED,2026-08-04T19:24:49Z,"area_title='Maryland -- Statewide', own_title='Private', annual_avg_emplvl=2238248, annual_avg_wkly_wage=1459, disclosure_code='' (blank = not suppressed). Keyed on area_fips, NOT on a 'Statewide' filename filter. Denominator only - the I1/I2 ratio belongs to Phase 4 and is not computed in this phase. This value is read straight from the source column and is not obtained from any other quantity. M1=VERIFIED; M2=I2: 75855.0 in [30000, 130000]."
Massachusetts,I2_MARKET_POSITION,97787,USD_annual,2024,QCEW24,https://www.bls.gov/cew/downloadable-data-files.htm,2024_annual_by_area.zip,"2024.annual.by_area/2024.annual 25000 Massachusetts -- Statewide.csv :: CSV data row 743, column 'avg_annual_pay' (area_fips=25000, own_code=5, industry_code=10, agglvl_code=51)",FOUND,"M1 independent re-extraction (archive re-opened, member re-parsed); M2 range validation 30000-130000",VERIFIED,2026-08-04T19:24:49Z,"area_title='Massachusetts -- Statewide', own_title='Private', annual_avg_emplvl=3198628, annual_avg_wkly_wage=1881, disclosure_code='' (blank = not suppressed). Keyed on area_fips, NOT on a 'Statewide' filename filter. Denominator only - the I1/I2 ratio belongs to Phase 4 and is not computed in this phase. This value is read straight from the source column and is not obtained from any other quantity. M1=VERIFIED; M2=I2: 97787.0 in [30000, 130000]."
Michigan,I2_MARKET_POSITION,68395,USD_annual,2024,QCEW24,https://www.bls.gov/cew/downloadable-data-files.htm,2024_annual_by_area.zip,"2024.annual.by_area/2024.annual 26000 Michigan -- Statewide.csv :: CSV data row 697, column 'avg_annual_pay' (area_fips=26000, own_code=5, industry_code=10, agglvl_code=51)",FOUND,"M1 independent re-extraction (archive re-opened, member re-parsed); M2 range validation 30000-130000",VERIFIED,2026-08-04T19:24:49Z,"area_title='Michigan -- Statewide', own_title='Private', annual_avg_emplvl=3824885, annual_avg_wkly_wage=1315, disclosure_code='' (blank = not suppressed). Keyed on area_fips, NOT on a 'Statewide' filename filter. Denominator only - the I1/I2 ratio belongs to Phase 4 and is not computed in this phase. This value is read straight from the source column and is not obtained from any other quantity. M1=VERIFIED; M2=I2: 68395.0 in [30000, 130000]."
Minnesota,I2_MARKET_POSITION,74792,USD_annual,2024,QCEW24,https://www.bls.gov/cew/downloadable-data-files.htm,2024_annual_by_area.zip,"2024.annual.by_area/2024.annual 27000 Minnesota -- Statewide.csv :: CSV data row 717, column 'avg_annual_pay' (area_fips=27000, own_code=5, industry_code=10, agglvl_code=51)",FOUND,"M1 independent re-extraction (archive re-opened, member re-parsed); M2 range validation 30000-130000",VERIFIED,2026-08-04T19:24:49Z,"area_title='Minnesota -- Statewide', own_title='Private', annual_avg_emplvl=2541147, annual_avg_wkly_wage=1438, disclosure_code='' (blank = not suppressed). Keyed on area_fips, NOT on a 'Statewide' filename filter. Denominator only - the I1/I2 ratio belongs to Phase 4 and is not computed in this phase. This value is read straight from the source column and is not obtained from any other quantity. M1=VERIFIED; M2=I2: 74792.0 in [30000, 130000]."
Mississippi,I2_MARKET_POSITION,50272,USD_annual,2024,QCEW24,https://www.bls.gov/cew/downloadable-data-files.htm,2024_annual_by_area.zip,"2024.annual.by_area/2024.annual 28000 Mississippi -- Statewide.csv :: CSV data row 763, column 'avg_annual_pay' (area_fips=28000, own_code=5, industry_code=10, agglvl_code=51)",FOUND,"M1 independent re-extraction (archive re-opened, member re-parsed); M2 range validation 30000-130000",VERIFIED,2026-08-04T19:24:49Z,"area_title='Mississippi -- Statewide', own_title='Private', annual_avg_emplvl=936506, annual_avg_wkly_wage=967, disclosure_code='' (blank = not suppressed). Keyed on area_fips, NOT on a 'Statewide' filename filter. Denominator only - the I1/I2 ratio belongs to Phase 4 and is not computed in this phase. This value is read straight from the source column and is not obtained from any other quantity. M1=VERIFIED; M2=I2: 50272.0 in [30000, 130000]."
Missouri,I2_MARKET_POSITION,64752,USD_annual,2024,QCEW24,https://www.bls.gov/cew/downloadable-data-files.htm,2024_annual_by_area.zip,"2024.annual.by_area/2024.annual 29000 Missouri -- Statewide.csv :: CSV data row 833, column 'avg_annual_pay' (area_fips=29000, own_code=5, industry_code=10, agglvl_code=51)",FOUND,"M1 independent re-extraction (archive re-opened, member re-parsed); M2 range validation 30000-130000",VERIFIED,2026-08-04T19:24:49Z,"area_title='Missouri -- Statewide', own_title='Private', annual_avg_emplvl=2482938, annual_avg_wkly_wage=1245, disclosure_code='' (blank = not suppressed). Keyed on area_fips, NOT on a 'Statewide' filename filter. Denominator only - the I1/I2 ratio belongs to Phase 4 and is not computed in this phase. This value is read straight from the source column and is not obtained from any other quantity. M1=VERIFIED; M2=I2: 64752.0 in [30000, 130000]."
Montana,I2_MARKET_POSITION,59628,USD_annual,2024,QCEW24,https://www.bls.gov/cew/downloadable-data-files.htm,2024_annual_by_area.zip,"2024.annual.by_area/2024.annual 30000 Montana -- Statewide.csv :: CSV data row 665, column 'avg_annual_pay' (area_fips=30000, own_code=5, industry_code=10, agglvl_code=51)",FOUND,"M1 independent re-extraction (archive re-opened, member re-parsed); M2 range validation 30000-130000",VERIFIED,2026-08-04T19:24:49Z,"area_title='Montana -- Statewide', own_title='Private', annual_avg_emplvl=426650, annual_avg_wkly_wage=1147, disclosure_code='' (blank = not suppressed). Keyed on area_fips, NOT on a 'Statewide' filename filter. Denominator only - the I1/I2 ratio belongs to Phase 4 and is not computed in this phase. This value is read straight from the source column and is not obtained from any other quantity. M1=VERIFIED; M2=I2: 59628.0 in [30000, 130000]."
Nebraska,I2_MARKET_POSITION,60998,USD_annual,2024,QCEW24,https://www.bls.gov/cew/downloadable-data-files.htm,2024_annual_by_area.zip,"2024.annual.by_area/2024.annual 31000 Nebraska -- Statewide.csv :: CSV data row 641, column 'avg_annual_pay' (area_fips=31000, own_code=5, industry_code=10, agglvl_code=51)",FOUND,"M1 independent re-extraction (archive re-opened, member re-parsed); M2 range validation 30000-130000",VERIFIED,2026-08-04T19:24:49Z,"area_title='Nebraska -- Statewide', own_title='Private', annual_avg_emplvl=853147, annual_avg_wkly_wage=1173, disclosure_code='' (blank = not suppressed). Keyed on area_fips, NOT on a 'Statewide' filename filter. Denominator only - the I1/I2 ratio belongs to Phase 4 and is not computed in this phase. This value is read straight from the source column and is not obtained from any other quantity. M1=VERIFIED; M2=I2: 60998.0 in [30000, 130000]."
Nevada,I2_MARKET_POSITION,65772,USD_annual,2024,QCEW24,https://www.bls.gov/cew/downloadable-data-files.htm,2024_annual_by_area.zip,"2024.annual.by_area/2024.annual 32000 Nevada -- Statewide.csv :: CSV data row 652, column 'avg_annual_pay' (area_fips=32000, own_code=5, industry_code=10, agglvl_code=51)",FOUND,"M1 independent re-extraction (archive re-opened, member re-parsed); M2 range validation 30000-130000",VERIFIED,2026-08-04T19:24:49Z,"area_title='Nevada -- Statewide', own_title='Private', annual_avg_emplvl=1377101, annual_avg_wkly_wage=1265, disclosure_code='' (blank = not suppressed). Keyed on area_fips, NOT on a 'Statewide' filename filter. Denominator only - the I1/I2 ratio belongs to Phase 4 and is not computed in this phase. This value is read straight from the source column and is not obtained from any other quantity. M1=VERIFIED; M2=I2: 65772.0 in [30000, 130000]."
New Hampshire,I2_MARKET_POSITION,79034,USD_annual,2024,QCEW24,https://www.bls.gov/cew/downloadable-data-files.htm,2024_annual_by_area.zip,"2024.annual.by_area/2024.annual 33000 New Hampshire -- Statewide.csv :: CSV data row 485, column 'avg_annual_pay' (area_fips=33000, own_code=5, industry_code=10, agglvl_code=51)",FOUND,"M1 independent re-extraction (archive re-opened, member re-parsed); M2 range validation 30000-130000",VERIFIED,2026-08-04T19:24:49Z,"area_title='New Hampshire -- Statewide', own_title='Private', annual_avg_emplvl=604412, annual_avg_wkly_wage=1520, disclosure_code='' (blank = not suppressed). Keyed on area_fips, NOT on a 'Statewide' filename filter. Denominator only - the I1/I2 ratio belongs to Phase 4 and is not computed in this phase. This value is read straight from the source column and is not obtained from any other quantity. M1=VERIFIED; M2=I2: 79034.0 in [30000, 130000]."
New Jersey,I2_MARKET_POSITION,83688,USD_annual,2024,QCEW24,https://www.bls.gov/cew/downloadable-data-files.htm,2024_annual_by_area.zip,"2024.annual.by_area/2024.annual 34000 New Jersey -- Statewide.csv :: CSV data row 727, column 'avg_annual_pay' (area_fips=34000, own_code=5, industry_code=10, agglvl_code=51)",FOUND,"M1 independent re-extraction (archive re-opened, member re-parsed); M2 range validation 30000-130000",VERIFIED,2026-08-04T19:24:49Z,"area_title='New Jersey -- Statewide', own_title='Private', annual_avg_emplvl=3678973, annual_avg_wkly_wage=1609, disclosure_code='' (blank = not suppressed). Keyed on area_fips, NOT on a 'Statewide' filename filter. Denominator only - the I1/I2 ratio belongs to Phase 4 and is not computed in this phase. This value is read straight from the source column and is not obtained from any other quantity. M1=VERIFIED; M2=I2: 83688.0 in [30000, 130000]."
New Mexico,I2_MARKET_POSITION,58897,USD_annual,2024,QCEW24,https://www.bls.gov/cew/downloadable-data-files.htm,2024_annual_by_area.zip,"2024.annual.by_area/2024.annual 35000 New Mexico -- Statewide.csv :: CSV data row 799, column 'avg_annual_pay' (area_fips=35000, own_code=5, industry_code=10, agglvl_code=51)",FOUND,"M1 independent re-extraction (archive re-opened, member re-parsed); M2 range validation 30000-130000",VERIFIED,2026-08-04T19:24:49Z,"area_title='New Mexico -- Statewide', own_title='Private', annual_avg_emplvl=686080, annual_avg_wkly_wage=1133, disclosure_code='' (blank = not suppressed). Keyed on area_fips, NOT on a 'Statewide' filename filter. Denominator only - the I1/I2 ratio belongs to Phase 4 and is not computed in this phase. This value is read straight from the source column and is not obtained from any other quantity. M1=VERIFIED; M2=I2: 58897.0 in [30000, 130000]."
New York,I2_MARKET_POSITION,95736,USD_annual,2024,QCEW24,https://www.bls.gov/cew/downloadable-data-files.htm,2024_annual_by_area.zip,"2024.annual.by_area/2024.annual 36000 New York -- Statewide.csv :: CSV data row 756, column 'avg_annual_pay' (area_fips=36000, own_code=5, industry_code=10, agglvl_code=51)",FOUND,"M1 independent re-extraction (archive re-opened, member re-parsed); M2 range validation 30000-130000",VERIFIED,2026-08-04T19:24:49Z,"area_title='New York -- Statewide', own_title='Private', annual_avg_emplvl=8303012, annual_avg_wkly_wage=1841, disclosure_code='' (blank = not suppressed). Keyed on area_fips, NOT on a 'Statewide' filename filter. Denominator only - the I1/I2 ratio belongs to Phase 4 and is not computed in this phase. This value is read straight from the source column and is not obtained from any other quantity. M1=VERIFIED; M2=I2: 95736.0 in [30000, 130000]."
North Carolina,I2_MARKET_POSITION,69141,USD_annual,2024,QCEW24,https://www.bls.gov/cew/downloadable-data-files.htm,2024_annual_by_area.zip,"2024.annual.by_area/2024.annual 37000 North Carolina -- Statewide.csv :: CSV data row 732, column 'avg_annual_pay' (area_fips=37000, own_code=5, industry_code=10, agglvl_code=51)",FOUND,"M1 independent re-extraction (archive re-opened, member re-parsed); M2 range validation 30000-130000",VERIFIED,2026-08-04T19:24:49Z,"area_title='North Carolina -- Statewide', own_title='Private', annual_avg_emplvl=4184582, annual_avg_wkly_wage=1330, disclosure_code='' (blank = not suppressed). Keyed on area_fips, NOT on a 'Statewide' filename filter. Denominator only - the I1/I2 ratio belongs to Phase 4 and is not computed in this phase. This value is read straight from the source column and is not obtained from any other quantity. M1=VERIFIED; M2=I2: 69141.0 in [30000, 130000]."
North Dakota,I2_MARKET_POSITION,67001,USD_annual,2024,QCEW24,https://www.bls.gov/cew/downloadable-data-files.htm,2024_annual_by_area.zip,"2024.annual.by_area/2024.annual 38000 North Dakota -- Statewide.csv :: CSV data row 636, column 'avg_annual_pay' (area_fips=38000, own_code=5, industry_code=10, agglvl_code=51)",FOUND,"M1 independent re-extraction (archive re-opened, member re-parsed); M2 range validation 30000-130000",VERIFIED,2026-08-04T19:24:49Z,"area_title='North Dakota -- Statewide', own_title='Private', annual_avg_emplvl=354071, annual_avg_wkly_wage=1288, disclosure_code='' (blank = not suppressed). Keyed on area_fips, NOT on a 'Statewide' filename filter. Denominator only - the I1/I2 ratio belongs to Phase 4 and is not computed in this phase. This value is read straight from the source column and is not obtained from any other quantity. M1=VERIFIED; M2=I2: 67001.0 in [30000, 130000]."
Ohio,I2_MARKET_POSITION,65533,USD_annual,2024,QCEW24,https://www.bls.gov/cew/downloadable-data-files.htm,2024_annual_by_area.zip,"2024.annual.by_area/2024.annual 39000 Ohio -- Statewide.csv :: CSV data row 857, column 'avg_annual_pay' (area_fips=39000, own_code=5, industry_code=10, agglvl_code=51)",FOUND,"M1 independent re-extraction (archive re-opened, member re-parsed); M2 range validation 30000-130000",VERIFIED,2026-08-04T19:24:49Z,"area_title='Ohio -- Statewide', own_title='Private', annual_avg_emplvl=4784025, annual_avg_wkly_wage=1260, disclosure_code='' (blank = not suppressed). Keyed on area_fips, NOT on a 'Statewide' filename filter. Denominator only - the I1/I2 ratio belongs to Phase 4 and is not computed in this phase. This value is read straight from the source column and is not obtained from any other quantity. M1=VERIFIED; M2=I2: 65533.0 in [30000, 130000]."
Oklahoma,I2_MARKET_POSITION,58364,USD_annual,2024,QCEW24,https://www.bls.gov/cew/downloadable-data-files.htm,2024_annual_by_area.zip,"2024.annual.by_area/2024.annual 40000 Oklahoma -- Statewide.csv :: CSV data row 851, column 'avg_annual_pay' (area_fips=40000, own_code=5, industry_code=10, agglvl_code=51)",FOUND,"M1 independent re-extraction (archive re-opened, member re-parsed); M2 range validation 30000-130000",VERIFIED,2026-08-04T19:24:49Z,"area_title='Oklahoma -- Statewide', own_title='Private', annual_avg_emplvl=1355649, annual_avg_wkly_wage=1122, disclosure_code='' (blank = not suppressed). Keyed on area_fips, NOT on a 'Statewide' filename filter. Denominator only - the I1/I2 ratio belongs to Phase 4 and is not computed in this phase. This value is read straight from the source column and is not obtained from any other quantity. M1=VERIFIED; M2=I2: 58364.0 in [30000, 130000]."
Oregon,I2_MARKET_POSITION,69891,USD_annual,2024,QCEW24,https://www.bls.gov/cew/downloadable-data-files.htm,2024_annual_by_area.zip,"2024.annual.by_area/2024.annual 41000 Oregon -- Statewide.csv :: CSV data row 864, column 'avg_annual_pay' (area_fips=41000, own_code=5, industry_code=10, agglvl_code=51)",FOUND,"M1 independent re-extraction (archive re-opened, member re-parsed); M2 range validation 30000-130000",VERIFIED,2026-08-04T19:24:49Z,"area_title='Oregon -- Statewide', own_title='Private', annual_avg_emplvl=1701612, annual_avg_wkly_wage=1344, disclosure_code='' (blank = not suppressed). Keyed on area_fips, NOT on a 'Statewide' filename filter. Denominator only - the I1/I2 ratio belongs to Phase 4 and is not computed in this phase. This value is read straight from the source column and is not obtained from any other quantity. M1=VERIFIED; M2=I2: 69891.0 in [30000, 130000]."
Pennsylvania,I2_MARKET_POSITION,71760,USD_annual,2024,QCEW24,https://www.bls.gov/cew/downloadable-data-files.htm,2024_annual_by_area.zip,"2024.annual.by_area/2024.annual 42000 Pennsylvania -- Statewide.csv :: CSV data row 694, column 'avg_annual_pay' (area_fips=42000, own_code=5, industry_code=10, agglvl_code=51)",FOUND,"M1 independent re-extraction (archive re-opened, member re-parsed); M2 range validation 30000-130000",VERIFIED,2026-08-04T19:24:49Z,"area_title='Pennsylvania -- Statewide', own_title='Private', annual_avg_emplvl=5345984, annual_avg_wkly_wage=1380, disclosure_code='' (blank = not suppressed). Keyed on area_fips, NOT on a 'Statewide' filename filter. Denominator only - the I1/I2 ratio belongs to Phase 4 and is not computed in this phase. This value is read straight from the source column and is not obtained from any other quantity. M1=VERIFIED; M2=I2: 71760.0 in [30000, 130000]."
Rhode Island,I2_MARKET_POSITION,66500,USD_annual,2024,QCEW24,https://www.bls.gov/cew/downloadable-data-files.htm,2024_annual_by_area.zip,"2024.annual.by_area/2024.annual 44000 Rhode Island -- Statewide.csv :: CSV data row 418, column 'avg_annual_pay' (area_fips=44000, own_code=5, industry_code=10, agglvl_code=51)",FOUND,"M1 independent re-extraction (archive re-opened, member re-parsed); M2 range validation 30000-130000",VERIFIED,2026-08-04T19:24:49Z,"area_title='Rhode Island -- Statewide', own_title='Private', annual_avg_emplvl=433425, annual_avg_wkly_wage=1279, disclosure_code='' (blank = not suppressed). Keyed on area_fips, NOT on a 'Statewide' filename filter. Denominator only - the I1/I2 ratio belongs to Phase 4 and is not computed in this phase. This value is read straight from the source column and is not obtained from any other quantity. M1=VERIFIED; M2=I2: 66500.0 in [30000, 130000]."
South Carolina,I2_MARKET_POSITION,60720,USD_annual,2024,QCEW24,https://www.bls.gov/cew/downloadable-data-files.htm,2024_annual_by_area.zip,"2024.annual.by_area/2024.annual 45000 South Carolina -- Statewide.csv :: CSV data row 676, column 'avg_annual_pay' (area_fips=45000, own_code=5, industry_code=10, agglvl_code=51)",FOUND,"M1 independent re-extraction (archive re-opened, member re-parsed); M2 range validation 30000-130000",VERIFIED,2026-08-04T19:24:49Z,"area_title='South Carolina -- Statewide', own_title='Private', annual_avg_emplvl=1918314, annual_avg_wkly_wage=1168, disclosure_code='' (blank = not suppressed). Keyed on area_fips, NOT on a 'Statewide' filename filter. Denominator only - the I1/I2 ratio belongs to Phase 4 and is not computed in this phase. This value is read straight from the source column and is not obtained from any other quantity. M1=VERIFIED; M2=I2: 60720.0 in [30000, 130000]."
South Dakota,I2_MARKET_POSITION,58673,USD_annual,2024,QCEW24,https://www.bls.gov/cew/downloadable-data-files.htm,2024_annual_by_area.zip,"2024.annual.by_area/2024.annual 46000 South Dakota -- Statewide.csv :: CSV data row 574, column 'avg_annual_pay' (area_fips=46000, own_code=5, industry_code=10, agglvl_code=51)",FOUND,"M1 independent re-extraction (archive re-opened, member re-parsed); M2 range validation 30000-130000",VERIFIED,2026-08-04T19:24:49Z,"area_title='South Dakota -- Statewide', own_title='Private', annual_avg_emplvl=381950, annual_avg_wkly_wage=1128, disclosure_code='' (blank = not suppressed). Keyed on area_fips, NOT on a 'Statewide' filename filter. Denominator only - the I1/I2 ratio belongs to Phase 4 and is not computed in this phase. This value is read straight from the source column and is not obtained from any other quantity. M1=VERIFIED; M2=I2: 58673.0 in [30000, 130000]."
Tennessee,I2_MARKET_POSITION,67904,USD_annual,2024,QCEW24,https://www.bls.gov/cew/downloadable-data-files.htm,2024_annual_by_area.zip,"2024.annual.by_area/2024.annual 47000 Tennessee -- Statewide.csv :: CSV data row 727, column 'avg_annual_pay' (area_fips=47000, own_code=5, industry_code=10, agglvl_code=51)",FOUND,"M1 independent re-extraction (archive re-opened, member re-parsed); M2 range validation 30000-130000",VERIFIED,2026-08-04T19:24:49Z,"area_title='Tennessee -- Statewide', own_title='Private', annual_avg_emplvl=2838835, annual_avg_wkly_wage=1306, disclosure_code='' (blank = not suppressed). Keyed on area_fips, NOT on a 'Statewide' filename filter. Denominator only - the I1/I2 ratio belongs to Phase 4 and is not computed in this phase. This value is read straight from the source column and is not obtained from any other quantity. M1=VERIFIED; M2=I2: 67904.0 in [30000, 130000]."
Texas,I2_MARKET_POSITION,76727,USD_annual,2024,QCEW24,https://www.bls.gov/cew/downloadable-data-files.htm,2024_annual_by_area.zip,"2024.annual.by_area/2024.annual 48000 Texas -- Statewide.csv :: CSV data row 1038, column 'avg_annual_pay' (area_fips=48000, own_code=5, industry_code=10, agglvl_code=51)",FOUND,"M1 independent re-extraction (archive re-opened, member re-parsed); M2 range validation 30000-130000",VERIFIED,2026-08-04T19:24:49Z,"area_title='Texas -- Statewide', own_title='Private', annual_avg_emplvl=11910861, annual_avg_wkly_wage=1476, disclosure_code='' (blank = not suppressed). Keyed on area_fips, NOT on a 'Statewide' filename filter. Denominator only - the I1/I2 ratio belongs to Phase 4 and is not computed in this phase. This value is read straight from the source column and is not obtained from any other quantity. M1=VERIFIED; M2=I2: 76727.0 in [30000, 130000]."
Utah,I2_MARKET_POSITION,66893,USD_annual,2024,QCEW24,https://www.bls.gov/cew/downloadable-data-files.htm,2024_annual_by_area.zip,"2024.annual.by_area/2024.annual 49000 Utah -- Statewide.csv :: CSV data row 710, column 'avg_annual_pay' (area_fips=49000, own_code=5, industry_code=10, agglvl_code=51)",FOUND,"M1 independent re-extraction (archive re-opened, member re-parsed); M2 range validation 30000-130000",VERIFIED,2026-08-04T19:24:49Z,"area_title='Utah -- Statewide', own_title='Private', annual_avg_emplvl=1451665, annual_avg_wkly_wage=1286, disclosure_code='' (blank = not suppressed). Keyed on area_fips, NOT on a 'Statewide' filename filter. Denominator only - the I1/I2 ratio belongs to Phase 4 and is not computed in this phase. This value is read straight from the source column and is not obtained from any other quantity. M1=VERIFIED; M2=I2: 66893.0 in [30000, 130000]."
Vermont,I2_MARKET_POSITION,64004,USD_annual,2024,QCEW24,https://www.bls.gov/cew/downloadable-data-files.htm,2024_annual_by_area.zip,"2024.annual.by_area/2024.annual 50000 Vermont -- Statewide.csv :: CSV data row 438, column 'avg_annual_pay' (area_fips=50000, own_code=5, industry_code=10, agglvl_code=51)",FOUND,"M1 independent re-extraction (archive re-opened, member re-parsed); M2 range validation 30000-130000",VERIFIED,2026-08-04T19:24:49Z,"area_title='Vermont -- Statewide', own_title='Private', annual_avg_emplvl=255878, annual_avg_wkly_wage=1231, disclosure_code='' (blank = not suppressed). Keyed on area_fips, NOT on a 'Statewide' filename filter. Denominator only - the I1/I2 ratio belongs to Phase 4 and is not computed in this phase. This value is read straight from the source column and is not obtained from any other quantity. M1=VERIFIED; M2=I2: 64004.0 in [30000, 130000]."
Virginia,I2_MARKET_POSITION,77660,USD_annual,2024,QCEW24,https://www.bls.gov/cew/downloadable-data-files.htm,2024_annual_by_area.zip,"2024.annual.by_area/2024.annual 51000 Virginia -- Statewide.csv :: CSV data row 943, column 'avg_annual_pay' (area_fips=51000, own_code=5, industry_code=10, agglvl_code=51)",FOUND,"M1 independent re-extraction (archive re-opened, member re-parsed); M2 range validation 30000-130000",VERIFIED,2026-08-04T19:24:49Z,"area_title='Virginia -- Statewide', own_title='Private', annual_avg_emplvl=3369001, annual_avg_wkly_wage=1493, disclosure_code='' (blank = not suppressed). Keyed on area_fips, NOT on a 'Statewide' filename filter. Denominator only - the I1/I2 ratio belongs to Phase 4 and is not computed in this phase. This value is read straight from the source column and is not obtained from any other quantity. M1=VERIFIED; M2=I2: 77660.0 in [30000, 130000]."
Washington,I2_MARKET_POSITION,97041,USD_annual,2024,QCEW24,https://www.bls.gov/cew/downloadable-data-files.htm,2024_annual_by_area.zip,"2024.annual.by_area/2024.annual 53000 Washington -- Statewide.csv :: CSV data row 892, column 'avg_annual_pay' (area_fips=53000, own_code=5, industry_code=10, agglvl_code=51)",FOUND,"M1 independent re-extraction (archive re-opened, member re-parsed); M2 range validation 30000-130000",VERIFIED,2026-08-04T19:24:49Z,"area_title='Washington -- Statewide', own_title='Private', annual_avg_emplvl=3003097, annual_avg_wkly_wage=1866, disclosure_code='' (blank = not suppressed). Keyed on area_fips, NOT on a 'Statewide' filename filter. Denominator only - the I1/I2 ratio belongs to Phase 4 and is not computed in this phase. This value is read straight from the source column and is not obtained from any other quantity. M1=VERIFIED; M2=I2: 97041.0 in [30000, 130000]."
West Virginia,I2_MARKET_POSITION,57700,USD_annual,2024,QCEW24,https://www.bls.gov/cew/downloadable-data-files.htm,2024_annual_by_area.zip,"2024.annual.by_area/2024.annual 54000 West Virginia -- Statewide.csv :: CSV data row 547, column 'avg_annual_pay' (area_fips=54000, own_code=5, industry_code=10, agglvl_code=51)",FOUND,"M1 independent re-extraction (archive re-opened, member re-parsed); M2 range validation 30000-130000",VERIFIED,2026-08-04T19:24:49Z,"area_title='West Virginia -- Statewide', own_title='Private', annual_avg_emplvl=559911, annual_avg_wkly_wage=1110, disclosure_code='' (blank = not suppressed). Keyed on area_fips, NOT on a 'Statewide' filename filter. Denominator only - the I1/I2 ratio belongs to Phase 4 and is not computed in this phase. This value is read straight from the source column and is not obtained from any other quantity. M1=VERIFIED; M2=I2: 57700.0 in [30000, 130000]."
Wisconsin,I2_MARKET_POSITION,63799,USD_annual,2024,QCEW24,https://www.bls.gov/cew/downloadable-data-files.htm,2024_annual_by_area.zip,"2024.annual.by_area/2024.annual 55000 Wisconsin -- Statewide.csv :: CSV data row 750, column 'avg_annual_pay' (area_fips=55000, own_code=5, industry_code=10, agglvl_code=51)",FOUND,"M1 independent re-extraction (archive re-opened, member re-parsed); M2 range validation 30000-130000",VERIFIED,2026-08-04T19:24:49Z,"area_title='Wisconsin -- Statewide', own_title='Private', annual_avg_emplvl=2557800, annual_avg_wkly_wage=1227, disclosure_code='' (blank = not suppressed). Keyed on area_fips, NOT on a 'Statewide' filename filter. Denominator only - the I1/I2 ratio belongs to Phase 4 and is not computed in this phase. This value is read straight from the source column and is not obtained from any other quantity. M1=VERIFIED; M2=I2: 63799.0 in [30000, 130000]."
Wyoming,I2_MARKET_POSITION,61440,USD_annual,2024,QCEW24,https://www.bls.gov/cew/downloadable-data-files.htm,2024_annual_by_area.zip,"2024.annual.by_area/2024.annual 56000 Wyoming -- Statewide.csv :: CSV data row 572, column 'avg_annual_pay' (area_fips=56000, own_code=5, industry_code=10, agglvl_code=51)",FOUND,"M1 independent re-extraction (archive re-opened, member re-parsed); M2 range validation 30000-130000",VERIFIED,2026-08-04T19:24:49Z,"area_title='Wyoming -- Statewide', own_title='Private', annual_avg_emplvl=214502, annual_avg_wkly_wage=1182, disclosure_code='' (blank = not suppressed). Keyed on area_fips, NOT on a 'Statewide' filename filter. Denominator only - the I1/I2 ratio belongs to Phase 4 and is not computed in this phase. This value is read straight from the source column and is not obtained from any other quantity. M1=VERIFIED; M2=I2: 61440.0 in [30000, 130000]."
Alabama,I3_ENTRY_RENT,896.88,USD_monthly,2024,OEWS24+FMR25,https://www.bls.gov/oes/tables.htm | https://www.huduser.gov/portal/datasets/fmr.html,oesm24st.zip | FY25_FMRs_revised.xlsx,"FMR: FY25_FMRs_revised.xlsx sheet 'FY25_FMRs_revised', 67 rows for stusps='AL' (sheet rows 2-68), columns fmr_1 weighted by pop2022. OEWS: oesm24st/state_M2024_dl.xlsx - per-occupation cell addresses in work/i3_occupations.csv",FOUND,M1 independent re-extraction (both files parsed twice); M2 range validation FMR 500-3500 and A_PCT10 18000-90000,VERIFIED,2026-08-04T19:25:10Z,"raw_value = population-weighted mean 1-bedroom FMR, USD_monthly. FMR rows=67, total pop2022 weight=5,028,090, unweighted fmr_1 spread $587-$1144. Entry-wage components (3 of 3 occupations available): 43-4061=FOUND A_PCT10=36910 TOT_EMP=2570; 33-3012=FOUND A_PCT10=29000 TOT_EMP=4730; 13-2081=FOUND A_PCT10=32080 TOT_EMP=1180. Employment-weighted mean of the available A_PCT10 values is a Phase 4 scoring step and is NOT computed here. M1 FMR=VERIFIED; M2 rent: Alabama FMR1BR: 896.8788098462836 in [500, 3500]. FMR aggregation (Decision 3): population-weighted mean of fmr_1 across all FMR rows for the jurisdiction, weighted by HUD's own pop2022 field at exactly the FMR geography. No join to Census county estimates - this is what reaches the sub-county town rows and resolves the Connecticut legacy-county vs planning-region mismatch. NOTE: 2022 population weights are applied to a FY2025 rent index. Applied identically to all jurisdictions; no unweighted or Census-weighted fallback. Anchor-year exception (documented): HUD FY2025 FMRs are the rents published during calendar 2024 and are the 2024-anchored rent measure."
Alaska,I3_ENTRY_RENT,1178.31,USD_monthly,2024,OEWS24+FMR25,https://www.bls.gov/oes/tables.htm | https://www.huduser.gov/portal/datasets/fmr.html,oesm24st.zip | FY25_FMRs_revised.xlsx,"FMR: FY25_FMRs_revised.xlsx sheet 'FY25_FMRs_revised', 30 rows for stusps='AK' (sheet rows 69-98), columns fmr_1 weighted by pop2022. OEWS: oesm24st/state_M2024_dl.xlsx - per-occupation cell addresses in work/i3_occupations.csv",FOUND,M1 independent re-extraction (both files parsed twice); M2 range validation FMR 500-3500 and A_PCT10 18000-90000,VERIFIED,2026-08-04T19:25:10Z,"raw_value = population-weighted mean 1-bedroom FMR, USD_monthly. FMR rows=30, total pop2022 weight=734,835, unweighted fmr_1 spread $730-$1650. Entry-wage components (3 of 3 occupations available): 43-4061=FOUND A_PCT10=47660 TOT_EMP=450; 33-3012=FOUND A_PCT10=60340 TOT_EMP=810; 13-2081=FOUND A_PCT10=67720 TOT_EMP=60. Employment-weighted mean of the available A_PCT10 values is a Phase 4 scoring step and is NOT computed here. M1 FMR=VERIFIED; M2 rent: Alaska FMR1BR: 1178.311484891166 in [500, 3500]. FMR aggregation (Decision 3): population-weighted mean of fmr_1 across all FMR rows for the jurisdiction, weighted by HUD's own pop2022 field at exactly the FMR geography. No join to Census county estimates - this is what reaches the sub-county town rows and resolves the Connecticut legacy-county vs planning-region mismatch. NOTE: 2022 population weights are applied to a FY2025 rent index. Applied identically to all jurisdictions; no unweighted or Census-weighted fallback. Anchor-year exception (documented): HUD FY2025 FMRs are the rents published during calendar 2024 and are the 2024-anchored rent measure."
Arizona,I3_ENTRY_RENT,1495.82,USD_monthly,2024,OEWS24+FMR25,https://www.bls.gov/oes/tables.htm | https://www.huduser.gov/portal/datasets/fmr.html,oesm24st.zip | FY25_FMRs_revised.xlsx,"FMR: FY25_FMRs_revised.xlsx sheet 'FY25_FMRs_revised', 15 rows for stusps='AZ' (sheet rows 99-113), columns fmr_1 weighted by pop2022. OEWS: oesm24st/state_M2024_dl.xlsx - per-occupation cell addresses in work/i3_occupations.csv",FOUND,M1 independent re-extraction (both files parsed twice); M2 range validation FMR 500-3500 and A_PCT10 18000-90000,VERIFIED,2026-08-04T19:25:10Z,"raw_value = population-weighted mean 1-bedroom FMR, USD_monthly. FMR rows=15, total pop2022 weight=7,172,295, unweighted fmr_1 spread $849-$1714. Entry-wage components (3 of 3 occupations available): 43-4061=FOUND A_PCT10=38720 TOT_EMP=3840; 33-3012=FOUND A_PCT10=45620 TOT_EMP=13840; 13-2081=FOUND A_PCT10=51250 TOT_EMP=230. Employment-weighted mean of the available A_PCT10 values is a Phase 4 scoring step and is NOT computed here. M1 FMR=VERIFIED; M2 rent: Arizona FMR1BR: 1495.8181314349172 in [500, 3500]. FMR aggregation (Decision 3): population-weighted mean of fmr_1 across all FMR rows for the jurisdiction, weighted by HUD's own pop2022 field at exactly the FMR geography. No join to Census county estimates - this is what reaches the sub-county town rows and resolves the Connecticut legacy-county vs planning-region mismatch. NOTE: 2022 population weights are applied to a FY2025 rent index. Applied identically to all jurisdictions; no unweighted or Census-weighted fallback. Anchor-year exception (documented): HUD FY2025 FMRs are the rents published during calendar 2024 and are the 2024-anchored rent measure."
Arkansas,I3_ENTRY_RENT,797.94,USD_monthly,2024,OEWS24+FMR25,https://www.bls.gov/oes/tables.htm | https://www.huduser.gov/portal/datasets/fmr.html,oesm24st.zip | FY25_FMRs_revised.xlsx,"FMR: FY25_FMRs_revised.xlsx sheet 'FY25_FMRs_revised', 75 rows for stusps='AR' (sheet rows 114-188), columns fmr_1 weighted by pop2022. OEWS: oesm24st/state_M2024_dl.xlsx - per-occupation cell addresses in work/i3_occupations.csv",FOUND,M1 independent re-extraction (both files parsed twice); M2 range validation FMR 500-3500 and A_PCT10 18000-90000,VERIFIED,2026-08-04T19:25:10Z,"raw_value = population-weighted mean 1-bedroom FMR, USD_monthly. FMR rows=75, total pop2022 weight=3,018,665, unweighted fmr_1 spread $646-$1207. Entry-wage components (3 of 3 occupations available): 43-4061=FOUND A_PCT10=37310 TOT_EMP=510; 33-3012=FOUND A_PCT10=30790 TOT_EMP=4250; 13-2081=FOUND A_PCT10=32410 TOT_EMP=400. Employment-weighted mean of the available A_PCT10 values is a Phase 4 scoring step and is NOT computed here. M1 FMR=VERIFIED; M2 rent: Arkansas FMR1BR: 797.9407900512313 in [500, 3500]. FMR aggregation (Decision 3): population-weighted mean of fmr_1 across all FMR rows for the jurisdiction, weighted by HUD's own pop2022 field at exactly the FMR geography. No join to Census county estimates - this is what reaches the sub-county town rows and resolves the Connecticut legacy-county vs planning-region mismatch. NOTE: 2022 population weights are applied to a FY2025 rent index. Applied identically to all jurisdictions; no unweighted or Census-weighted fallback. Anchor-year exception (documented): HUD FY2025 FMRs are the rents published during calendar 2024 and are the 2024-anchored rent measure."
California,I3_ENTRY_RENT,2051.38,USD_monthly,2024,OEWS24+FMR25,https://www.bls.gov/oes/tables.htm | https://www.huduser.gov/portal/datasets/fmr.html,oesm24st.zip | FY25_FMRs_revised.xlsx,"FMR: FY25_FMRs_revised.xlsx sheet 'FY25_FMRs_revised', 58 rows for stusps='CA' (sheet rows 189-246), columns fmr_1 weighted by pop2022. OEWS: oesm24st/state_M2024_dl.xlsx - per-occupation cell addresses in work/i3_occupations.csv",FOUND,M1 independent re-extraction (both files parsed twice); M2 range validation FMR 500-3500 and A_PCT10 18000-90000,VERIFIED,2026-08-04T19:25:10Z,"raw_value = population-weighted mean 1-bedroom FMR, USD_monthly. FMR rows=58, total pop2022 weight=39,356,110, unweighted fmr_1 spread $854-$3221. Entry-wage components (3 of 3 occupations available): 43-4061=FOUND A_PCT10=45860 TOT_EMP=29950; 33-3012=FOUND A_PCT10=62880 TOT_EMP=37760; 13-2081=FOUND A_PCT10=48400 TOT_EMP=8080. Employment-weighted mean of the available A_PCT10 values is a Phase 4 scoring step and is NOT computed here. M1 FMR=VERIFIED; M2 rent: California FMR1BR: 2051.3750086073037 in [500, 3500]. FMR aggregation (Decision 3): population-weighted mean of fmr_1 across all FMR rows for the jurisdiction, weighted by HUD's own pop2022 field at exactly the FMR geography. No join to Census county estimates - this is what reaches the sub-county town rows and resolves the Connecticut legacy-county vs planning-region mismatch. NOTE: 2022 population weights are applied to a FY2025 rent index. Applied identically to all jurisdictions; no unweighted or Census-weighted fallback. Anchor-year exception (documented): HUD FY2025 FMRs are the rents published during calendar 2024 and are the 2024-anchored rent measure."
Colorado,I3_ENTRY_RENT,1554.53,USD_monthly,2024,OEWS24+FMR25,https://www.bls.gov/oes/tables.htm | https://www.huduser.gov/portal/datasets/fmr.html,oesm24st.zip | FY25_FMRs_revised.xlsx,"FMR: FY25_FMRs_revised.xlsx sheet 'FY25_FMRs_revised', 64 rows for stusps='CO' (sheet rows 247-310), columns fmr_1 weighted by pop2022. OEWS: oesm24st/state_M2024_dl.xlsx - per-occupation cell addresses in work/i3_occupations.csv",FOUND,M1 independent re-extraction (both files parsed twice); M2 range validation FMR 500-3500 and A_PCT10 18000-90000,VERIFIED,2026-08-04T19:25:10Z,"raw_value = population-weighted mean 1-bedroom FMR, USD_monthly. FMR rows=64, total pop2022 weight=5,770,756, unweighted fmr_1 spread $711-$1963. Entry-wage components (3 of 3 occupations available): 43-4061=FOUND A_PCT10=43990 TOT_EMP=3310; 33-3012=FOUND A_PCT10=54710 TOT_EMP=6900; 13-2081=FOUND A_PCT10=50530 TOT_EMP=570. Employment-weighted mean of the available A_PCT10 values is a Phase 4 scoring step and is NOT computed here. M1 FMR=VERIFIED; M2 rent: Colorado FMR1BR: 1554.5251214918808 in [500, 3500]. FMR aggregation (Decision 3): population-weighted mean of fmr_1 across all FMR rows for the jurisdiction, weighted by HUD's own pop2022 field at exactly the FMR geography. No join to Census county estimates - this is what reaches the sub-county town rows and resolves the Connecticut legacy-county vs planning-region mismatch. NOTE: 2022 population weights are applied to a FY2025 rent index. Applied identically to all jurisdictions; no unweighted or Census-weighted fallback. Anchor-year exception (documented): HUD FY2025 FMRs are the rents published during calendar 2024 and are the 2024-anchored rent measure."
Connecticut,I3_ENTRY_RENT,1488.56,USD_monthly,2024,OEWS24+FMR25,https://www.bls.gov/oes/tables.htm | https://www.huduser.gov/portal/datasets/fmr.html,oesm24st.zip | FY25_FMRs_revised.xlsx,"FMR: FY25_FMRs_revised.xlsx sheet 'FY25_FMRs_revised', 169 rows for stusps='CT' (sheet rows 311-479), columns fmr_1 weighted by pop2022. OEWS: oesm24st/state_M2024_dl.xlsx - per-occupation cell addresses in work/i3_occupations.csv",FOUND,M1 independent re-extraction (both files parsed twice); M2 range validation FMR 500-3500 and A_PCT10 18000-90000,VERIFIED,2026-08-04T19:25:10Z,"raw_value = population-weighted mean 1-bedroom FMR, USD_monthly. FMR rows=169, total pop2022 weight=3,570,549, unweighted fmr_1 spread $1191-$2172. Entry-wage components (3 of 3 occupations available): 43-4061=FOUND A_PCT10=48550 TOT_EMP=1420; 33-3012=FOUND A_PCT10=54160 TOT_EMP=3710; 13-2081=FOUND A_PCT10=58910 TOT_EMP=790. Employment-weighted mean of the available A_PCT10 values is a Phase 4 scoring step and is NOT computed here. M1 FMR=VERIFIED; M2 rent: Connecticut FMR1BR: 1488.5632332730904 in [500, 3500]. FMR aggregation (Decision 3): population-weighted mean of fmr_1 across all FMR rows for the jurisdiction, weighted by HUD's own pop2022 field at exactly the FMR geography. No join to Census county estimates - this is what reaches the sub-county town rows and resolves the Connecticut legacy-county vs planning-region mismatch. NOTE: 2022 population weights are applied to a FY2025 rent index. Applied identically to all jurisdictions; no unweighted or Census-weighted fallback. Anchor-year exception (documented): HUD FY2025 FMRs are the rents published during calendar 2024 and are the 2024-anchored rent measure."
Delaware,I3_ENTRY_RENT,1343.21,USD_monthly,2024,OEWS24+FMR25,https://www.bls.gov/oes/tables.htm | https://www.huduser.gov/portal/datasets/fmr.html,oesm24st.zip | FY25_FMRs_revised.xlsx,"FMR: FY25_FMRs_revised.xlsx sheet 'FY25_FMRs_revised', 3 rows for stusps='DE' (sheet rows 480-482), columns fmr_1 weighted by pop2022. OEWS: oesm24st/state_M2024_dl.xlsx - per-occupation cell addresses in work/i3_occupations.csv",FOUND,M1 independent re-extraction (both files parsed twice); M2 range validation FMR 500-3500 and A_PCT10 18000-90000,VERIFIED,2026-08-04T19:25:10Z,"raw_value = population-weighted mean 1-bedroom FMR, USD_monthly. FMR rows=3, total pop2022 weight=993,635, unweighted fmr_1 spread $1066-$1512. Entry-wage components (3 of 3 occupations available): 43-4061=FOUND A_PCT10=34040 TOT_EMP=130; 33-3012=FOUND A_PCT10=43850 TOT_EMP=1610; 13-2081=FOUND A_PCT10=42310 TOT_EMP=100. Employment-weighted mean of the available A_PCT10 values is a Phase 4 scoring step and is NOT computed here. M1 FMR=VERIFIED; M2 rent: Delaware FMR1BR: 1343.2124472265973 in [500, 3500]. FMR aggregation (Decision 3): population-weighted mean of fmr_1 across all FMR rows for the jurisdiction, weighted by HUD's own pop2022 field at exactly the FMR geography. No join to Census county estimates - this is what reaches the sub-county town rows and resolves the Connecticut legacy-county vs planning-region mismatch. NOTE: 2022 population weights are applied to a FY2025 rent index. Applied identically to all jurisdictions; no unweighted or Census-weighted fallback. Anchor-year exception (documented): HUD FY2025 FMRs are the rents published during calendar 2024 and are the 2024-anchored rent measure."
District of Columbia,I3_ENTRY_RENT,2056.00,USD_monthly,2024,OEWS24+FMR25,https://www.bls.gov/oes/tables.htm | https://www.huduser.gov/portal/datasets/fmr.html,oesm24st.zip | FY25_FMRs_revised.xlsx,"FMR: FY25_FMRs_revised.xlsx sheet 'FY25_FMRs_revised', 1 rows for stusps='DC' (sheet rows 483-483), columns fmr_1 weighted by pop2022. OEWS: oesm24st/state_M2024_dl.xlsx - per-occupation cell addresses in work/i3_occupations.csv",FOUND,M1 independent re-extraction (both files parsed twice); M2 range validation FMR 500-3500 and A_PCT10 18000-90000,VERIFIED,2026-08-04T19:25:10Z,"raw_value = population-weighted mean 1-bedroom FMR, USD_monthly. FMR rows=1, total pop2022 weight=670,585, unweighted fmr_1 spread $2056-$2056. Entry-wage components (1 of 3 occupations available): 43-4061=FOUND A_PCT10=60350 TOT_EMP=640; 33-3012=COULDNT_CHECK; 13-2081=COULDNT_CHECK. Employment-weighted mean of the available A_PCT10 values is a Phase 4 scoring step and is NOT computed here. M1 FMR=VERIFIED; M2 rent: District of Columbia FMR1BR: 2056.0 in [500, 3500]. FMR aggregation (Decision 3): population-weighted mean of fmr_1 across all FMR rows for the jurisdiction, weighted by HUD's own pop2022 field at exactly the FMR geography. No join to Census county estimates - this is what reaches the sub-county town rows and resolves the Connecticut legacy-county vs planning-region mismatch. NOTE: 2022 population weights are applied to a FY2025 rent index. Applied identically to all jurisdictions; no unweighted or Census-weighted fallback. Anchor-year exception (documented): HUD FY2025 FMRs are the rents published during calendar 2024 and are the 2024-anchored rent measure."
Florida,I3_ENTRY_RENT,1588.13,USD_monthly,2024,OEWS24+FMR25,https://www.bls.gov/oes/tables.htm | https://www.huduser.gov/portal/datasets/fmr.html,oesm24st.zip | FY25_FMRs_revised.xlsx,"FMR: FY25_FMRs_revised.xlsx sheet 'FY25_FMRs_revised', 67 rows for stusps='FL' (sheet rows 484-550), columns fmr_1 weighted by pop2022. OEWS: oesm24st/state_M2024_dl.xlsx - per-occupation cell addresses in work/i3_occupations.csv",FOUND,M1 independent re-extraction (both files parsed twice); M2 range validation FMR 500-3500 and A_PCT10 18000-90000,VERIFIED,2026-08-04T19:25:10Z,"raw_value = population-weighted mean 1-bedroom FMR, USD_monthly. FMR rows=67, total pop2022 weight=21,634,530, unweighted fmr_1 spread $711-$1929. Entry-wage components (3 of 3 occupations available): 43-4061=FOUND A_PCT10=34030 TOT_EMP=5570; 33-3012=FOUND A_PCT10=45760 TOT_EMP=22390; 13-2081=FOUND A_PCT10=38230 TOT_EMP=4190. Employment-weighted mean of the available A_PCT10 values is a Phase 4 scoring step and is NOT computed here. M1 FMR=VERIFIED; M2 rent: Florida FMR1BR: 1588.1347355362007 in [500, 3500]. FMR aggregation (Decision 3): population-weighted mean of fmr_1 across all FMR rows for the jurisdiction, weighted by HUD's own pop2022 field at exactly the FMR geography. No join to Census county estimates - this is what reaches the sub-county town rows and resolves the Connecticut legacy-county vs planning-region mismatch. NOTE: 2022 population weights are applied to a FY2025 rent index. Applied identically to all jurisdictions; no unweighted or Census-weighted fallback. Anchor-year exception (documented): HUD FY2025 FMRs are the rents published during calendar 2024 and are the 2024-anchored rent measure."
Georgia,I3_ENTRY_RENT,1355.21,USD_monthly,2024,OEWS24+FMR25,https://www.bls.gov/oes/tables.htm | https://www.huduser.gov/portal/datasets/fmr.html,oesm24st.zip | FY25_FMRs_revised.xlsx,"FMR: FY25_FMRs_revised.xlsx sheet 'FY25_FMRs_revised', 159 rows for stusps='GA' (sheet rows 551-709), columns fmr_1 weighted by pop2022. OEWS: oesm24st/state_M2024_dl.xlsx - per-occupation cell addresses in work/i3_occupations.csv",FOUND,M1 independent re-extraction (both files parsed twice); M2 range validation FMR 500-3500 and A_PCT10 18000-90000,VERIFIED,2026-08-04T19:25:10Z,"raw_value = population-weighted mean 1-bedroom FMR, USD_monthly. FMR rows=159, total pop2022 weight=10,722,325, unweighted fmr_1 spread $690-$1653. Entry-wage components (3 of 3 occupations available): 43-4061=FOUND A_PCT10=34000 TOT_EMP=5910; 33-3012=FOUND A_PCT10=35810 TOT_EMP=10090; 13-2081=FOUND A_PCT10=39240 TOT_EMP=1990. Employment-weighted mean of the available A_PCT10 values is a Phase 4 scoring step and is NOT computed here. M1 FMR=VERIFIED; M2 rent: Georgia FMR1BR: 1355.2101801614856 in [500, 3500]. FMR aggregation (Decision 3): population-weighted mean of fmr_1 across all FMR rows for the jurisdiction, weighted by HUD's own pop2022 field at exactly the FMR geography. No join to Census county estimates - this is what reaches the sub-county town rows and resolves the Connecticut legacy-county vs planning-region mismatch. NOTE: 2022 population weights are applied to a FY2025 rent index. Applied identically to all jurisdictions; no unweighted or Census-weighted fallback. Anchor-year exception (documented): HUD FY2025 FMRs are the rents published during calendar 2024 and are the 2024-anchored rent measure."
Hawaii,I3_ENTRY_RENT,1935.93,USD_monthly,2024,OEWS24+FMR25,https://www.bls.gov/oes/tables.htm | https://www.huduser.gov/portal/datasets/fmr.html,oesm24st.zip | FY25_FMRs_revised.xlsx,"FMR: FY25_FMRs_revised.xlsx sheet 'FY25_FMRs_revised', 5 rows for stusps='HI' (sheet rows 710-714), columns fmr_1 weighted by pop2022. OEWS: oesm24st/state_M2024_dl.xlsx - per-occupation cell addresses in work/i3_occupations.csv",FOUND,M1 independent re-extraction (both files parsed twice); M2 range validation FMR 500-3500 and A_PCT10 18000-90000,VERIFIED,2026-08-04T19:25:10Z,"raw_value = population-weighted mean 1-bedroom FMR, USD_monthly. FMR rows=5, total pop2022 weight=1,450,976, unweighted fmr_1 spread $1370-$2052. Entry-wage components (3 of 3 occupations available): 43-4061=FOUND A_PCT10=41380 TOT_EMP=630; 33-3012=FOUND A_PCT10=61190 TOT_EMP=1260; 13-2081=FOUND A_PCT10=46600 TOT_EMP=80. Employment-weighted mean of the available A_PCT10 values is a Phase 4 scoring step and is NOT computed here. M1 FMR=VERIFIED; M2 rent: Hawaii FMR1BR: 1935.9260111814392 in [500, 3500]. FMR aggregation (Decision 3): population-weighted mean of fmr_1 across all FMR rows for the jurisdiction, weighted by HUD's own pop2022 field at exactly the FMR geography. No join to Census county estimates - this is what reaches the sub-county town rows and resolves the Connecticut legacy-county vs planning-region mismatch. NOTE: 2022 population weights are applied to a FY2025 rent index. Applied identically to all jurisdictions; no unweighted or Census-weighted fallback. Anchor-year exception (documented): HUD FY2025 FMRs are the rents published during calendar 2024 and are the 2024-anchored rent measure."
Idaho,I3_ENTRY_RENT,1181.99,USD_monthly,2024,OEWS24+FMR25,https://www.bls.gov/oes/tables.htm | https://www.huduser.gov/portal/datasets/fmr.html,oesm24st.zip | FY25_FMRs_revised.xlsx,"FMR: FY25_FMRs_revised.xlsx sheet 'FY25_FMRs_revised', 44 rows for stusps='ID' (sheet rows 715-758), columns fmr_1 weighted by pop2022. OEWS: oesm24st/state_M2024_dl.xlsx - per-occupation cell addresses in work/i3_occupations.csv",FOUND,M1 independent re-extraction (both files parsed twice); M2 range validation FMR 500-3500 and A_PCT10 18000-90000,VERIFIED,2026-08-04T19:25:10Z,"raw_value = population-weighted mean 1-bedroom FMR, USD_monthly. FMR rows=44, total pop2022 weight=1,854,115, unweighted fmr_1 spread $711-$1534. Entry-wage components (3 of 3 occupations available): 43-4061=FOUND A_PCT10=43850 TOT_EMP=290; 33-3012=FOUND A_PCT10=46360 TOT_EMP=2240; 13-2081=FOUND A_PCT10=50960 TOT_EMP=200. Employment-weighted mean of the available A_PCT10 values is a Phase 4 scoring step and is NOT computed here. M1 FMR=VERIFIED; M2 rent: Idaho FMR1BR: 1181.9889920528124 in [500, 3500]. FMR aggregation (Decision 3): population-weighted mean of fmr_1 across all FMR rows for the jurisdiction, weighted by HUD's own pop2022 field at exactly the FMR geography. No join to Census county estimates - this is what reaches the sub-county town rows and resolves the Connecticut legacy-county vs planning-region mismatch. NOTE: 2022 population weights are applied to a FY2025 rent index. Applied identically to all jurisdictions; no unweighted or Census-weighted fallback. Anchor-year exception (documented): HUD FY2025 FMRs are the rents published during calendar 2024 and are the 2024-anchored rent measure."
Illinois,I3_ENTRY_RENT,1316.45,USD_monthly,2024,OEWS24+FMR25,https://www.bls.gov/oes/tables.htm | https://www.huduser.gov/portal/datasets/fmr.html,oesm24st.zip | FY25_FMRs_revised.xlsx,"FMR: FY25_FMRs_revised.xlsx sheet 'FY25_FMRs_revised', 102 rows for stusps='IL' (sheet rows 759-860), columns fmr_1 weighted by pop2022. OEWS: oesm24st/state_M2024_dl.xlsx - per-occupation cell addresses in work/i3_occupations.csv",FOUND,M1 independent re-extraction (both files parsed twice); M2 range validation FMR 500-3500 and A_PCT10 18000-90000,VERIFIED,2026-08-04T19:25:10Z,"raw_value = population-weighted mean 1-bedroom FMR, USD_monthly. FMR rows=102, total pop2022 weight=12,757,615, unweighted fmr_1 spread $663-$1560. Entry-wage components (3 of 3 occupations available): 43-4061=FOUND A_PCT10=41600 TOT_EMP=1790; 33-3012=FOUND A_PCT10=52790 TOT_EMP=12210; 13-2081=FOUND A_PCT10=49030 TOT_EMP=1290. Employment-weighted mean of the available A_PCT10 values is a Phase 4 scoring step and is NOT computed here. M1 FMR=VERIFIED; M2 rent: Illinois FMR1BR: 1316.4476843830137 in [500, 3500]. FMR aggregation (Decision 3): population-weighted mean of fmr_1 across all FMR rows for the jurisdiction, weighted by HUD's own pop2022 field at exactly the FMR geography. No join to Census county estimates - this is what reaches the sub-county town rows and resolves the Connecticut legacy-county vs planning-region mismatch. NOTE: 2022 population weights are applied to a FY2025 rent index. Applied identically to all jurisdictions; no unweighted or Census-weighted fallback. Anchor-year exception (documented): HUD FY2025 FMRs are the rents published during calendar 2024 and are the 2024-anchored rent measure."
Indiana,I3_ENTRY_RENT,939.70,USD_monthly,2024,OEWS24+FMR25,https://www.bls.gov/oes/tables.htm | https://www.huduser.gov/portal/datasets/fmr.html,oesm24st.zip | FY25_FMRs_revised.xlsx,"FMR: FY25_FMRs_revised.xlsx sheet 'FY25_FMRs_revised', 92 rows for stusps='IN' (sheet rows 861-952), columns fmr_1 weighted by pop2022. OEWS: oesm24st/state_M2024_dl.xlsx - per-occupation cell addresses in work/i3_occupations.csv",FOUND,M1 independent re-extraction (both files parsed twice); M2 range validation FMR 500-3500 and A_PCT10 18000-90000,VERIFIED,2026-08-04T19:25:10Z,"raw_value = population-weighted mean 1-bedroom FMR, USD_monthly. FMR rows=92, total pop2022 weight=6,784,385, unweighted fmr_1 spread $707-$1145. Entry-wage components (3 of 3 occupations available): 43-4061=FOUND A_PCT10=31060 TOT_EMP=3720; 33-3012=FOUND A_PCT10=41810 TOT_EMP=6870; 13-2081=FOUND A_PCT10=44180 TOT_EMP=510. Employment-weighted mean of the available A_PCT10 values is a Phase 4 scoring step and is NOT computed here. M1 FMR=VERIFIED; M2 rent: Indiana FMR1BR: 939.6970027496966 in [500, 3500]. FMR aggregation (Decision 3): population-weighted mean of fmr_1 across all FMR rows for the jurisdiction, weighted by HUD's own pop2022 field at exactly the FMR geography. No join to Census county estimates - this is what reaches the sub-county town rows and resolves the Connecticut legacy-county vs planning-region mismatch. NOTE: 2022 population weights are applied to a FY2025 rent index. Applied identically to all jurisdictions; no unweighted or Census-weighted fallback. Anchor-year exception (documented): HUD FY2025 FMRs are the rents published during calendar 2024 and are the 2024-anchored rent measure."
Iowa,I3_ENTRY_RENT,826.31,USD_monthly,2024,OEWS24+FMR25,https://www.bls.gov/oes/tables.htm | https://www.huduser.gov/portal/datasets/fmr.html,oesm24st.zip | FY25_FMRs_revised.xlsx,"FMR: FY25_FMRs_revised.xlsx sheet 'FY25_FMRs_revised', 99 rows for stusps='IA' (sheet rows 953-1051), columns fmr_1 weighted by pop2022. OEWS: oesm24st/state_M2024_dl.xlsx - per-occupation cell addresses in work/i3_occupations.csv",FOUND,M1 independent re-extraction (both files parsed twice); M2 range validation FMR 500-3500 and A_PCT10 18000-90000,VERIFIED,2026-08-04T19:25:10Z,"raw_value = population-weighted mean 1-bedroom FMR, USD_monthly. FMR rows=99, total pop2022 weight=3,188,845, unweighted fmr_1 spread $668-$1052. Entry-wage components (3 of 3 occupations available): 43-4061=FOUND A_PCT10=43330 TOT_EMP=1020; 33-3012=FOUND A_PCT10=44530 TOT_EMP=3210; 13-2081=FOUND A_PCT10=49950 TOT_EMP=200. Employment-weighted mean of the available A_PCT10 values is a Phase 4 scoring step and is NOT computed here. M1 FMR=VERIFIED; M2 rent: Iowa FMR1BR: 826.3132482136949 in [500, 3500]. FMR aggregation (Decision 3): population-weighted mean of fmr_1 across all FMR rows for the jurisdiction, weighted by HUD's own pop2022 field at exactly the FMR geography. No join to Census county estimates - this is what reaches the sub-county town rows and resolves the Connecticut legacy-county vs planning-region mismatch. NOTE: 2022 population weights are applied to a FY2025 rent index. Applied identically to all jurisdictions; no unweighted or Census-weighted fallback. Anchor-year exception (documented): HUD FY2025 FMRs are the rents published during calendar 2024 and are the 2024-anchored rent measure."
Kansas,I3_ENTRY_RENT,882.18,USD_monthly,2024,OEWS24+FMR25,https://www.bls.gov/oes/tables.htm | https://www.huduser.gov/portal/datasets/fmr.html,oesm24st.zip | FY25_FMRs_revised.xlsx,"FMR: FY25_FMRs_revised.xlsx sheet 'FY25_FMRs_revised', 105 rows for stusps='KS' (sheet rows 1052-1156), columns fmr_1 weighted by pop2022. OEWS: oesm24st/state_M2024_dl.xlsx - per-occupation cell addresses in work/i3_occupations.csv",FOUND,M1 independent re-extraction (both files parsed twice); M2 range validation FMR 500-3500 and A_PCT10 18000-90000,VERIFIED,2026-08-04T19:25:10Z,"raw_value = population-weighted mean 1-bedroom FMR, USD_monthly. FMR rows=105, total pop2022 weight=2,935,915, unweighted fmr_1 spread $665-$1183. Entry-wage components (3 of 3 occupations available): 43-4061=FOUND A_PCT10=36190 TOT_EMP=760; 33-3012=FOUND A_PCT10=35830 TOT_EMP=3640; 13-2081=FOUND A_PCT10=40790 TOT_EMP=50. Employment-weighted mean of the available A_PCT10 values is a Phase 4 scoring step and is NOT computed here. M1 FMR=VERIFIED; M2 rent: Kansas FMR1BR: 882.1767932654726 in [500, 3500]. FMR aggregation (Decision 3): population-weighted mean of fmr_1 across all FMR rows for the jurisdiction, weighted by HUD's own pop2022 field at exactly the FMR geography. No join to Census county estimates - this is what reaches the sub-county town rows and resolves the Connecticut legacy-county vs planning-region mismatch. NOTE: 2022 population weights are applied to a FY2025 rent index. Applied identically to all jurisdictions; no unweighted or Census-weighted fallback. Anchor-year exception (documented): HUD FY2025 FMRs are the rents published during calendar 2024 and are the 2024-anchored rent measure."
Kentucky,I3_ENTRY_RENT,886.29,USD_monthly,2024,OEWS24+FMR25,https://www.bls.gov/oes/tables.htm | https://www.huduser.gov/portal/datasets/fmr.html,oesm24st.zip | FY25_FMRs_revised.xlsx,"FMR: FY25_FMRs_revised.xlsx sheet 'FY25_FMRs_revised', 120 rows for stusps='KY' (sheet rows 1157-1276), columns fmr_1 weighted by pop2022. OEWS: oesm24st/state_M2024_dl.xlsx - per-occupation cell addresses in work/i3_occupations.csv",FOUND,M1 independent re-extraction (both files parsed twice); M2 range validation FMR 500-3500 and A_PCT10 18000-90000,VERIFIED,2026-08-04T19:25:10Z,"raw_value = population-weighted mean 1-bedroom FMR, USD_monthly. FMR rows=120, total pop2022 weight=4,502,930, unweighted fmr_1 spread $661-$1094. Entry-wage components (3 of 3 occupations available): 43-4061=FOUND A_PCT10=41230 TOT_EMP=1760; 33-3012=FOUND A_PCT10=29230 TOT_EMP=5870; 13-2081=FOUND A_PCT10=41230 TOT_EMP=1220. Employment-weighted mean of the available A_PCT10 values is a Phase 4 scoring step and is NOT computed here. M1 FMR=VERIFIED; M2 rent: Kentucky FMR1BR: 886.288736444937 in [500, 3500]. FMR aggregation (Decision 3): population-weighted mean of fmr_1 across all FMR rows for the jurisdiction, weighted by HUD's own pop2022 field at exactly the FMR geography. No join to Census county estimates - this is what reaches the sub-county town rows and resolves the Connecticut legacy-county vs planning-region mismatch. NOTE: 2022 population weights are applied to a FY2025 rent index. Applied identically to all jurisdictions; no unweighted or Census-weighted fallback. Anchor-year exception (documented): HUD FY2025 FMRs are the rents published during calendar 2024 and are the 2024-anchored rent measure."
Louisiana,I3_ENTRY_RENT,980.19,USD_monthly,2024,OEWS24+FMR25,https://www.bls.gov/oes/tables.htm | https://www.huduser.gov/portal/datasets/fmr.html,oesm24st.zip | FY25_FMRs_revised.xlsx,"FMR: FY25_FMRs_revised.xlsx sheet 'FY25_FMRs_revised', 64 rows for stusps='LA' (sheet rows 1277-1340), columns fmr_1 weighted by pop2022. OEWS: oesm24st/state_M2024_dl.xlsx - per-occupation cell addresses in work/i3_occupations.csv",FOUND,M1 independent re-extraction (both files parsed twice); M2 range validation FMR 500-3500 and A_PCT10 18000-90000,VERIFIED,2026-08-04T19:25:10Z,"raw_value = population-weighted mean 1-bedroom FMR, USD_monthly. FMR rows=64, total pop2022 weight=4,640,555, unweighted fmr_1 spread $688-$1236. Entry-wage components (3 of 3 occupations available): 43-4061=FOUND A_PCT10=27700 TOT_EMP=800; 33-3012=FOUND A_PCT10=30570 TOT_EMP=7290; 13-2081=FOUND A_PCT10=33600 TOT_EMP=480. Employment-weighted mean of the available A_PCT10 values is a Phase 4 scoring step and is NOT computed here. M1 FMR=VERIFIED; M2 rent: Louisiana FMR1BR: 980.1873795268023 in [500, 3500]. FMR aggregation (Decision 3): population-weighted mean of fmr_1 across all FMR rows for the jurisdiction, weighted by HUD's own pop2022 field at exactly the FMR geography. No join to Census county estimates - this is what reaches the sub-county town rows and resolves the Connecticut legacy-county vs planning-region mismatch. NOTE: 2022 population weights are applied to a FY2025 rent index. Applied identically to all jurisdictions; no unweighted or Census-weighted fallback. Anchor-year exception (documented): HUD FY2025 FMRs are the rents published during calendar 2024 and are the 2024-anchored rent measure."
Maine,I3_ENTRY_RENT,1146.23,USD_monthly,2024,OEWS24+FMR25,https://www.bls.gov/oes/tables.htm | https://www.huduser.gov/portal/datasets/fmr.html,oesm24st.zip | FY25_FMRs_revised.xlsx,"FMR: FY25_FMRs_revised.xlsx sheet 'FY25_FMRs_revised', 530 rows for stusps='ME' (sheet rows 1341-1870), columns fmr_1 weighted by pop2022. OEWS: oesm24st/state_M2024_dl.xlsx - per-occupation cell addresses in work/i3_occupations.csv",FOUND,M1 independent re-extraction (both files parsed twice); M2 range validation FMR 500-3500 and A_PCT10 18000-90000,VERIFIED,2026-08-04T19:25:10Z,"raw_value = population-weighted mean 1-bedroom FMR, USD_monthly. FMR rows=530, total pop2022 weight=1,366,947, unweighted fmr_1 spread $782-$1563. Entry-wage components (3 of 3 occupations available): 43-4061=FOUND A_PCT10=38900 TOT_EMP=590; 33-3012=FOUND A_PCT10=43170 TOT_EMP=1010; 13-2081=FOUND A_PCT10=48440 TOT_EMP=300. Employment-weighted mean of the available A_PCT10 values is a Phase 4 scoring step and is NOT computed here. M1 FMR=VERIFIED; M2 rent: Maine FMR1BR: 1146.229910157453 in [500, 3500]. FMR aggregation (Decision 3): population-weighted mean of fmr_1 across all FMR rows for the jurisdiction, weighted by HUD's own pop2022 field at exactly the FMR geography. No join to Census county estimates - this is what reaches the sub-county town rows and resolves the Connecticut legacy-county vs planning-region mismatch. NOTE: 2022 population weights are applied to a FY2025 rent index. Applied identically to all jurisdictions; no unweighted or Census-weighted fallback. Anchor-year exception (documented): HUD FY2025 FMRs are the rents published during calendar 2024 and are the 2024-anchored rent measure."
Maryland,I3_ENTRY_RENT,1735.17,USD_monthly,2024,OEWS24+FMR25,https://www.bls.gov/oes/tables.htm | https://www.huduser.gov/portal/datasets/fmr.html,oesm24st.zip | FY25_FMRs_revised.xlsx,"FMR: FY25_FMRs_revised.xlsx sheet 'FY25_FMRs_revised', 24 rows for stusps='MD' (sheet rows 1871-1894), columns fmr_1 weighted by pop2022. OEWS: oesm24st/state_M2024_dl.xlsx - per-occupation cell addresses in work/i3_occupations.csv",FOUND,M1 independent re-extraction (both files parsed twice); M2 range validation FMR 500-3500 and A_PCT10 18000-90000,VERIFIED,2026-08-04T19:25:10Z,"raw_value = population-weighted mean 1-bedroom FMR, USD_monthly. FMR rows=24, total pop2022 weight=6,161,705, unweighted fmr_1 spread $747-$2056. Entry-wage components (3 of 3 occupations available): 43-4061=FOUND A_PCT10=45140 TOT_EMP=3060; 33-3012=FOUND A_PCT10=52500 TOT_EMP=5950; 13-2081=FOUND A_PCT10=49050 TOT_EMP=570. Employment-weighted mean of the available A_PCT10 values is a Phase 4 scoring step and is NOT computed here. M1 FMR=VERIFIED; M2 rent: Maryland FMR1BR: 1735.166808537572 in [500, 3500]. FMR aggregation (Decision 3): population-weighted mean of fmr_1 across all FMR rows for the jurisdiction, weighted by HUD's own pop2022 field at exactly the FMR geography. No join to Census county estimates - this is what reaches the sub-county town rows and resolves the Connecticut legacy-county vs planning-region mismatch. NOTE: 2022 population weights are applied to a FY2025 rent index. Applied identically to all jurisdictions; no unweighted or Census-weighted fallback. Anchor-year exception (documented): HUD FY2025 FMRs are the rents published during calendar 2024 and are the 2024-anchored rent measure."
Massachusetts,I3_ENTRY_RENT,1927.76,USD_monthly,2024,OEWS24+FMR25,https://www.bls.gov/oes/tables.htm | https://www.huduser.gov/portal/datasets/fmr.html,oesm24st.zip | FY25_FMRs_revised.xlsx,"FMR: FY25_FMRs_revised.xlsx sheet 'FY25_FMRs_revised', 351 rows for stusps='MA' (sheet rows 1895-2245), columns fmr_1 weighted by pop2022. OEWS: oesm24st/state_M2024_dl.xlsx - per-occupation cell addresses in work/i3_occupations.csv",FOUND,M1 independent re-extraction (both files parsed twice); M2 range validation FMR 500-3500 and A_PCT10 18000-90000,VERIFIED,2026-08-04T19:25:10Z,"raw_value = population-weighted mean 1-bedroom FMR, USD_monthly. FMR rows=351, total pop2022 weight=6,984,200, unweighted fmr_1 spread $1155-$2436. Entry-wage components (3 of 3 occupations available): 43-4061=FOUND A_PCT10=43970 TOT_EMP=2030; 33-3012=FOUND A_PCT10=58640 TOT_EMP=5810; 13-2081=FOUND A_PCT10=49840 TOT_EMP=1250. Employment-weighted mean of the available A_PCT10 values is a Phase 4 scoring step and is NOT computed here. M1 FMR=VERIFIED; M2 rent: Massachusetts FMR1BR: 1927.7621409753444 in [500, 3500]. FMR aggregation (Decision 3): population-weighted mean of fmr_1 across all FMR rows for the jurisdiction, weighted by HUD's own pop2022 field at exactly the FMR geography. No join to Census county estimates - this is what reaches the sub-county town rows and resolves the Connecticut legacy-county vs planning-region mismatch. NOTE: 2022 population weights are applied to a FY2025 rent index. Applied identically to all jurisdictions; no unweighted or Census-weighted fallback. Anchor-year exception (documented): HUD FY2025 FMRs are the rents published during calendar 2024 and are the 2024-anchored rent measure."
Michigan,I3_ENTRY_RENT,1005.05,USD_monthly,2024,OEWS24+FMR25,https://www.bls.gov/oes/tables.htm | https://www.huduser.gov/portal/datasets/fmr.html,oesm24st.zip | FY25_FMRs_revised.xlsx,"FMR: FY25_FMRs_revised.xlsx sheet 'FY25_FMRs_revised', 83 rows for stusps='MI' (sheet rows 2246-2328), columns fmr_1 weighted by pop2022. OEWS: oesm24st/state_M2024_dl.xlsx - per-occupation cell addresses in work/i3_occupations.csv",FOUND,M1 independent re-extraction (both files parsed twice); M2 range validation FMR 500-3500 and A_PCT10 18000-90000,VERIFIED,2026-08-04T19:25:10Z,"raw_value = population-weighted mean 1-bedroom FMR, USD_monthly. FMR rows=83, total pop2022 weight=10,057,920, unweighted fmr_1 spread $711-$1346. Entry-wage components (3 of 3 occupations available): 43-4061=FOUND A_PCT10=46230 TOT_EMP=4710; 33-3012=FOUND A_PCT10=43890 TOT_EMP=8200; 13-2081=FOUND A_PCT10=30800 TOT_EMP=980. Employment-weighted mean of the available A_PCT10 values is a Phase 4 scoring step and is NOT computed here. M1 FMR=VERIFIED; M2 rent: Michigan FMR1BR: 1005.0538615339951 in [500, 3500]. FMR aggregation (Decision 3): population-weighted mean of fmr_1 across all FMR rows for the jurisdiction, weighted by HUD's own pop2022 field at exactly the FMR geography. No join to Census county estimates - this is what reaches the sub-county town rows and resolves the Connecticut legacy-county vs planning-region mismatch. NOTE: 2022 population weights are applied to a FY2025 rent index. Applied identically to all jurisdictions; no unweighted or Census-weighted fallback. Anchor-year exception (documented): HUD FY2025 FMRs are the rents published during calendar 2024 and are the 2024-anchored rent measure."
Minnesota,I3_ENTRY_RENT,1170.53,USD_monthly,2024,OEWS24+FMR25,https://www.bls.gov/oes/tables.htm | https://www.huduser.gov/portal/datasets/fmr.html,oesm24st.zip | FY25_FMRs_revised.xlsx,"FMR: FY25_FMRs_revised.xlsx sheet 'FY25_FMRs_revised', 87 rows for stusps='MN' (sheet rows 2329-2415), columns fmr_1 weighted by pop2022. OEWS: oesm24st/state_M2024_dl.xlsx - per-occupation cell addresses in work/i3_occupations.csv",FOUND,M1 independent re-extraction (both files parsed twice); M2 range validation FMR 500-3500 and A_PCT10 18000-90000,VERIFIED,2026-08-04T19:25:10Z,"raw_value = population-weighted mean 1-bedroom FMR, USD_monthly. FMR rows=87, total pop2022 weight=5,695,245, unweighted fmr_1 spread $711-$1381. Entry-wage components (3 of 3 occupations available): 43-4061=FOUND A_PCT10=48570 TOT_EMP=2690; 33-3012=FOUND A_PCT10=50840 TOT_EMP=3470; 13-2081=FOUND A_PCT10=49020 TOT_EMP=290. Employment-weighted mean of the available A_PCT10 values is a Phase 4 scoring step and is NOT computed here. M1 FMR=VERIFIED; M2 rent: Minnesota FMR1BR: 1170.5273925880274 in [500, 3500]. FMR aggregation (Decision 3): population-weighted mean of fmr_1 across all FMR rows for the jurisdiction, weighted by HUD's own pop2022 field at exactly the FMR geography. No join to Census county estimates - this is what reaches the sub-county town rows and resolves the Connecticut legacy-county vs planning-region mismatch. NOTE: 2022 population weights are applied to a FY2025 rent index. Applied identically to all jurisdictions; no unweighted or Census-weighted fallback. Anchor-year exception (documented): HUD FY2025 FMRs are the rents published during calendar 2024 and are the 2024-anchored rent measure."
Mississippi,I3_ENTRY_RENT,907.76,USD_monthly,2024,OEWS24+FMR25,https://www.bls.gov/oes/tables.htm | https://www.huduser.gov/portal/datasets/fmr.html,oesm24st.zip | FY25_FMRs_revised.xlsx,"FMR: FY25_FMRs_revised.xlsx sheet 'FY25_FMRs_revised', 82 rows for stusps='MS' (sheet rows 2416-2497), columns fmr_1 weighted by pop2022. OEWS: oesm24st/state_M2024_dl.xlsx - per-occupation cell addresses in work/i3_occupations.csv",FOUND,M1 independent re-extraction (both files parsed twice); M2 range validation FMR 500-3500 and A_PCT10 18000-90000,VERIFIED,2026-08-04T19:25:10Z,"raw_value = population-weighted mean 1-bedroom FMR, USD_monthly. FMR rows=82, total pop2022 weight=2,958,845, unweighted fmr_1 spread $711-$1207. Entry-wage components (3 of 3 occupations available): 43-4061=FOUND A_PCT10=30790 TOT_EMP=1540; 33-3012=FOUND A_PCT10=26090 TOT_EMP=4530; 13-2081=FOUND A_PCT10=31390 TOT_EMP=740. Employment-weighted mean of the available A_PCT10 values is a Phase 4 scoring step and is NOT computed here. M1 FMR=VERIFIED; M2 rent: Mississippi FMR1BR: 907.763473585132 in [500, 3500]. FMR aggregation (Decision 3): population-weighted mean of fmr_1 across all FMR rows for the jurisdiction, weighted by HUD's own pop2022 field at exactly the FMR geography. No join to Census county estimates - this is what reaches the sub-county town rows and resolves the Connecticut legacy-county vs planning-region mismatch. NOTE: 2022 population weights are applied to a FY2025 rent index. Applied identically to all jurisdictions; no unweighted or Census-weighted fallback. Anchor-year exception (documented): HUD FY2025 FMRs are the rents published during calendar 2024 and are the 2024-anchored rent measure."
Missouri,I3_ENTRY_RENT,908.66,USD_monthly,2024,OEWS24+FMR25,https://www.bls.gov/oes/tables.htm | https://www.huduser.gov/portal/datasets/fmr.html,oesm24st.zip | FY25_FMRs_revised.xlsx,"FMR: FY25_FMRs_revised.xlsx sheet 'FY25_FMRs_revised', 116 rows for stusps='MO' (sheet rows 2498-2613), columns fmr_1 weighted by pop2022. OEWS: oesm24st/state_M2024_dl.xlsx - per-occupation cell addresses in work/i3_occupations.csv",FOUND,M1 independent re-extraction (both files parsed twice); M2 range validation FMR 500-3500 and A_PCT10 18000-90000,VERIFIED,2026-08-04T19:25:10Z,"raw_value = population-weighted mean 1-bedroom FMR, USD_monthly. FMR rows=116, total pop2022 weight=6,155,300, unweighted fmr_1 spread $628-$1183. Entry-wage components (3 of 3 occupations available): 43-4061=FOUND A_PCT10=37690 TOT_EMP=4510; 33-3012=FOUND A_PCT10=36370 TOT_EMP=5920; 13-2081=FOUND A_PCT10=40190 TOT_EMP=2190. Employment-weighted mean of the available A_PCT10 values is a Phase 4 scoring step and is NOT computed here. M1 FMR=VERIFIED; M2 rent: Missouri FMR1BR: 908.6567835848781 in [500, 3500]. FMR aggregation (Decision 3): population-weighted mean of fmr_1 across all FMR rows for the jurisdiction, weighted by HUD's own pop2022 field at exactly the FMR geography. No join to Census county estimates - this is what reaches the sub-county town rows and resolves the Connecticut legacy-county vs planning-region mismatch. NOTE: 2022 population weights are applied to a FY2025 rent index. Applied identically to all jurisdictions; no unweighted or Census-weighted fallback. Anchor-year exception (documented): HUD FY2025 FMRs are the rents published during calendar 2024 and are the 2024-anchored rent measure."
Montana,I3_ENTRY_RENT,1167.04,USD_monthly,2024,OEWS24+FMR25,https://www.bls.gov/oes/tables.htm | https://www.huduser.gov/portal/datasets/fmr.html,oesm24st.zip | FY25_FMRs_revised.xlsx,"FMR: FY25_FMRs_revised.xlsx sheet 'FY25_FMRs_revised', 56 rows for stusps='MT' (sheet rows 2614-2669), columns fmr_1 weighted by pop2022. OEWS: oesm24st/state_M2024_dl.xlsx - per-occupation cell addresses in work/i3_occupations.csv",FOUND,M1 independent re-extraction (both files parsed twice); M2 range validation FMR 500-3500 and A_PCT10 18000-90000,VERIFIED,2026-08-04T19:25:10Z,"raw_value = population-weighted mean 1-bedroom FMR, USD_monthly. FMR rows=56, total pop2022 weight=1,091,889, unweighted fmr_1 spread $762-$1626. Entry-wage components (3 of 3 occupations available): 43-4061=FOUND A_PCT10=40250 TOT_EMP=570; 33-3012=FOUND A_PCT10=46580 TOT_EMP=1320; 13-2081=FOUND A_PCT10=48830 TOT_EMP=130. Employment-weighted mean of the available A_PCT10 values is a Phase 4 scoring step and is NOT computed here. M1 FMR=VERIFIED; M2 rent: Montana FMR1BR: 1167.0423660280487 in [500, 3500]. FMR aggregation (Decision 3): population-weighted mean of fmr_1 across all FMR rows for the jurisdiction, weighted by HUD's own pop2022 field at exactly the FMR geography. No join to Census county estimates - this is what reaches the sub-county town rows and resolves the Connecticut legacy-county vs planning-region mismatch. NOTE: 2022 population weights are applied to a FY2025 rent index. Applied identically to all jurisdictions; no unweighted or Census-weighted fallback. Anchor-year exception (documented): HUD FY2025 FMRs are the rents published during calendar 2024 and are the 2024-anchored rent measure."
Nebraska,I3_ENTRY_RENT,903.91,USD_monthly,2024,OEWS24+FMR25,https://www.bls.gov/oes/tables.htm | https://www.huduser.gov/portal/datasets/fmr.html,oesm24st.zip | FY25_FMRs_revised.xlsx,"FMR: FY25_FMRs_revised.xlsx sheet 'FY25_FMRs_revised', 93 rows for stusps='NE' (sheet rows 2670-2762), columns fmr_1 weighted by pop2022. OEWS: oesm24st/state_M2024_dl.xlsx - per-occupation cell addresses in work/i3_occupations.csv",FOUND,M1 independent re-extraction (both files parsed twice); M2 range validation FMR 500-3500 and A_PCT10 18000-90000,VERIFIED,2026-08-04T19:25:10Z,"raw_value = population-weighted mean 1-bedroom FMR, USD_monthly. FMR rows=93, total pop2022 weight=1,959,074, unweighted fmr_1 spread $691-$1052. Entry-wage components (3 of 3 occupations available): 43-4061=FOUND A_PCT10=40180 TOT_EMP=170; 33-3012=FOUND A_PCT10=47170 TOT_EMP=3150; 13-2081=FOUND A_PCT10=38750 TOT_EMP=170. Employment-weighted mean of the available A_PCT10 values is a Phase 4 scoring step and is NOT computed here. M1 FMR=VERIFIED; M2 rent: Nebraska FMR1BR: 903.9073363231813 in [500, 3500]. FMR aggregation (Decision 3): population-weighted mean of fmr_1 across all FMR rows for the jurisdiction, weighted by HUD's own pop2022 field at exactly the FMR geography. No join to Census county estimates - this is what reaches the sub-county town rows and resolves the Connecticut legacy-county vs planning-region mismatch. NOTE: 2022 population weights are applied to a FY2025 rent index. Applied identically to all jurisdictions; no unweighted or Census-weighted fallback. Anchor-year exception (documented): HUD FY2025 FMRs are the rents published during calendar 2024 and are the 2024-anchored rent measure."
Nevada,I3_ENTRY_RENT,1412.61,USD_monthly,2024,OEWS24+FMR25,https://www.bls.gov/oes/tables.htm | https://www.huduser.gov/portal/datasets/fmr.html,oesm24st.zip | FY25_FMRs_revised.xlsx,"FMR: FY25_FMRs_revised.xlsx sheet 'FY25_FMRs_revised', 17 rows for stusps='NV' (sheet rows 2763-2779), columns fmr_1 weighted by pop2022. OEWS: oesm24st/state_M2024_dl.xlsx - per-occupation cell addresses in work/i3_occupations.csv",FOUND,M1 independent re-extraction (both files parsed twice); M2 range validation FMR 500-3500 and A_PCT10 18000-90000,VERIFIED,2026-08-04T19:25:10Z,"raw_value = population-weighted mean 1-bedroom FMR, USD_monthly. FMR rows=17, total pop2022 weight=3,105,084, unweighted fmr_1 spread $800-$1476. Entry-wage components (3 of 3 occupations available): 43-4061=FOUND A_PCT10=42200 TOT_EMP=460; 33-3012=FOUND A_PCT10=59700 TOT_EMP=3010; 13-2081=FOUND A_PCT10=50020 TOT_EMP=250. Employment-weighted mean of the available A_PCT10 values is a Phase 4 scoring step and is NOT computed here. M1 FMR=VERIFIED; M2 rent: Nevada FMR1BR: 1412.6139209116404 in [500, 3500]. FMR aggregation (Decision 3): population-weighted mean of fmr_1 across all FMR rows for the jurisdiction, weighted by HUD's own pop2022 field at exactly the FMR geography. No join to Census county estimates - this is what reaches the sub-county town rows and resolves the Connecticut legacy-county vs planning-region mismatch. NOTE: 2022 population weights are applied to a FY2025 rent index. Applied identically to all jurisdictions; no unweighted or Census-weighted fallback. Anchor-year exception (documented): HUD FY2025 FMRs are the rents published during calendar 2024 and are the 2024-anchored rent measure."
New Hampshire,I3_ENTRY_RENT,1392.98,USD_monthly,2024,OEWS24+FMR25,https://www.bls.gov/oes/tables.htm | https://www.huduser.gov/portal/datasets/fmr.html,oesm24st.zip | FY25_FMRs_revised.xlsx,"FMR: FY25_FMRs_revised.xlsx sheet 'FY25_FMRs_revised', 259 rows for stusps='NH' (sheet rows 2780-3038), columns fmr_1 weighted by pop2022. OEWS: oesm24st/state_M2024_dl.xlsx - per-occupation cell addresses in work/i3_occupations.csv",FOUND,M1 independent re-extraction (both files parsed twice); M2 range validation FMR 500-3500 and A_PCT10 18000-90000,VERIFIED,2026-08-04T19:25:10Z,"raw_value = population-weighted mean 1-bedroom FMR, USD_monthly. FMR rows=259, total pop2022 weight=1,379,629, unweighted fmr_1 spread $817-$2394. Entry-wage components (3 of 3 occupations available): 43-4061=FOUND A_PCT10=37650 TOT_EMP=310; 33-3012=FOUND A_PCT10=47040 TOT_EMP=620; 13-2081=FOUND A_PCT10=40070 TOT_EMP=310. Employment-weighted mean of the available A_PCT10 values is a Phase 4 scoring step and is NOT computed here. M1 FMR=VERIFIED; M2 rent: New Hampshire FMR1BR: 1392.9833875628883 in [500, 3500]. FMR aggregation (Decision 3): population-weighted mean of fmr_1 across all FMR rows for the jurisdiction, weighted by HUD's own pop2022 field at exactly the FMR geography. No join to Census county estimates - this is what reaches the sub-county town rows and resolves the Connecticut legacy-county vs planning-region mismatch. NOTE: 2022 population weights are applied to a FY2025 rent index. Applied identically to all jurisdictions; no unweighted or Census-weighted fallback. Anchor-year exception (documented): HUD FY2025 FMRs are the rents published during calendar 2024 and are the 2024-anchored rent measure."
New Jersey,I3_ENTRY_RENT,1700.11,USD_monthly,2024,OEWS24+FMR25,https://www.bls.gov/oes/tables.htm | https://www.huduser.gov/portal/datasets/fmr.html,oesm24st.zip | FY25_FMRs_revised.xlsx,"FMR: FY25_FMRs_revised.xlsx sheet 'FY25_FMRs_revised', 21 rows for stusps='NJ' (sheet rows 3039-3059), columns fmr_1 weighted by pop2022. OEWS: oesm24st/state_M2024_dl.xlsx - per-occupation cell addresses in work/i3_occupations.csv",FOUND,M1 independent re-extraction (both files parsed twice); M2 range validation FMR 500-3500 and A_PCT10 18000-90000,VERIFIED,2026-08-04T19:25:10Z,"raw_value = population-weighted mean 1-bedroom FMR, USD_monthly. FMR rows=21, total pop2022 weight=9,249,070, unweighted fmr_1 spread $1213-$2029. Entry-wage components (3 of 3 occupations available): 43-4061=FOUND A_PCT10=38980 TOT_EMP=870; 33-3012=FOUND A_PCT10=51010 TOT_EMP=7840; 13-2081=FOUND A_PCT10=52500 TOT_EMP=1440. Employment-weighted mean of the available A_PCT10 values is a Phase 4 scoring step and is NOT computed here. M1 FMR=VERIFIED; M2 rent: New Jersey FMR1BR: 1700.11212586779 in [500, 3500]. FMR aggregation (Decision 3): population-weighted mean of fmr_1 across all FMR rows for the jurisdiction, weighted by HUD's own pop2022 field at exactly the FMR geography. No join to Census county estimates - this is what reaches the sub-county town rows and resolves the Connecticut legacy-county vs planning-region mismatch. NOTE: 2022 population weights are applied to a FY2025 rent index. Applied identically to all jurisdictions; no unweighted or Census-weighted fallback. Anchor-year exception (documented): HUD FY2025 FMRs are the rents published during calendar 2024 and are the 2024-anchored rent measure."
New Mexico,I3_ENTRY_RENT,985.43,USD_monthly,2024,OEWS24+FMR25,https://www.bls.gov/oes/tables.htm | https://www.huduser.gov/portal/datasets/fmr.html,oesm24st.zip | FY25_FMRs_revised.xlsx,"FMR: FY25_FMRs_revised.xlsx sheet 'FY25_FMRs_revised', 33 rows for stusps='NM' (sheet rows 3060-3092), columns fmr_1 weighted by pop2022. OEWS: oesm24st/state_M2024_dl.xlsx - per-occupation cell addresses in work/i3_occupations.csv",FOUND,M1 independent re-extraction (both files parsed twice); M2 range validation FMR 500-3500 and A_PCT10 18000-90000,VERIFIED,2026-08-04T19:25:10Z,"raw_value = population-weighted mean 1-bedroom FMR, USD_monthly. FMR rows=33, total pop2022 weight=2,112,470, unweighted fmr_1 spread $711-$1368. Entry-wage components (3 of 3 occupations available): 43-4061=FOUND A_PCT10=39680 TOT_EMP=910; 33-3012=FOUND A_PCT10=36880 TOT_EMP=2960; 13-2081=FOUND A_PCT10=43140 TOT_EMP=180. Employment-weighted mean of the available A_PCT10 values is a Phase 4 scoring step and is NOT computed here. M1 FMR=VERIFIED; M2 rent: New Mexico FMR1BR: 985.4328014125645 in [500, 3500]. FMR aggregation (Decision 3): population-weighted mean of fmr_1 across all FMR rows for the jurisdiction, weighted by HUD's own pop2022 field at exactly the FMR geography. No join to Census county estimates - this is what reaches the sub-county town rows and resolves the Connecticut legacy-county vs planning-region mismatch. NOTE: 2022 population weights are applied to a FY2025 rent index. Applied identically to all jurisdictions; no unweighted or Census-weighted fallback. Anchor-year exception (documented): HUD FY2025 FMRs are the rents published during calendar 2024 and are the 2024-anchored rent measure."
New York,I3_ENTRY_RENT,1973.43,USD_monthly,2024,OEWS24+FMR25,https://www.bls.gov/oes/tables.htm | https://www.huduser.gov/portal/datasets/fmr.html,oesm24st.zip | FY25_FMRs_revised.xlsx,"FMR: FY25_FMRs_revised.xlsx sheet 'FY25_FMRs_revised', 62 rows for stusps='NY' (sheet rows 3093-3154), columns fmr_1 weighted by pop2022. OEWS: oesm24st/state_M2024_dl.xlsx - per-occupation cell addresses in work/i3_occupations.csv",FOUND,M1 independent re-extraction (both files parsed twice); M2 range validation FMR 500-3500 and A_PCT10 18000-90000,VERIFIED,2026-08-04T19:25:10Z,"raw_value = population-weighted mean 1-bedroom FMR, USD_monthly. FMR rows=62, total pop2022 weight=19,994,380, unweighted fmr_1 spread $725-$2511. Entry-wage components (3 of 3 occupations available): 43-4061=FOUND A_PCT10=45990 TOT_EMP=9930; 33-3012=FOUND A_PCT10=56150 TOT_EMP=29710; 13-2081=FOUND A_PCT10=46490 TOT_EMP=3430. Employment-weighted mean of the available A_PCT10 values is a Phase 4 scoring step and is NOT computed here. M1 FMR=VERIFIED; M2 rent: New York FMR1BR: 1973.428700714901 in [500, 3500]. FMR aggregation (Decision 3): population-weighted mean of fmr_1 across all FMR rows for the jurisdiction, weighted by HUD's own pop2022 field at exactly the FMR geography. No join to Census county estimates - this is what reaches the sub-county town rows and resolves the Connecticut legacy-county vs planning-region mismatch. NOTE: 2022 population weights are applied to a FY2025 rent index. Applied identically to all jurisdictions; no unweighted or Census-weighted fallback. Anchor-year exception (documented): HUD FY2025 FMRs are the rents published during calendar 2024 and are the 2024-anchored rent measure."
North Carolina,I3_ENTRY_RENT,1210.26,USD_monthly,2024,OEWS24+FMR25,https://www.bls.gov/oes/tables.htm | https://www.huduser.gov/portal/datasets/fmr.html,oesm24st.zip | FY25_FMRs_revised.xlsx,"FMR: FY25_FMRs_revised.xlsx sheet 'FY25_FMRs_revised', 100 rows for stusps='NC' (sheet rows 3155-3254), columns fmr_1 weighted by pop2022. OEWS: oesm24st/state_M2024_dl.xlsx - per-occupation cell addresses in work/i3_occupations.csv",FOUND,M1 independent re-extraction (both files parsed twice); M2 range validation FMR 500-3500 and A_PCT10 18000-90000,VERIFIED,2026-08-04T19:25:10Z,"raw_value = population-weighted mean 1-bedroom FMR, USD_monthly. FMR rows=100, total pop2022 weight=10,470,215, unweighted fmr_1 spread $709-$1647. Entry-wage components (3 of 3 occupations available): 43-4061=FOUND A_PCT10=36870 TOT_EMP=7420; 33-3012=FOUND A_PCT10=39070 TOT_EMP=11780; 13-2081=FOUND A_PCT10=39520 TOT_EMP=1290. Employment-weighted mean of the available A_PCT10 values is a Phase 4 scoring step and is NOT computed here. M1 FMR=VERIFIED; M2 rent: North Carolina FMR1BR: 1210.2591054720463 in [500, 3500]. FMR aggregation (Decision 3): population-weighted mean of fmr_1 across all FMR rows for the jurisdiction, weighted by HUD's own pop2022 field at exactly the FMR geography. No join to Census county estimates - this is what reaches the sub-county town rows and resolves the Connecticut legacy-county vs planning-region mismatch. NOTE: 2022 population weights are applied to a FY2025 rent index. Applied identically to all jurisdictions; no unweighted or Census-weighted fallback. Anchor-year exception (documented): HUD FY2025 FMRs are the rents published during calendar 2024 and are the 2024-anchored rent measure."
North Dakota,I3_ENTRY_RENT,835.97,USD_monthly,2024,OEWS24+FMR25,https://www.bls.gov/oes/tables.htm | https://www.huduser.gov/portal/datasets/fmr.html,oesm24st.zip | FY25_FMRs_revised.xlsx,"FMR: FY25_FMRs_revised.xlsx sheet 'FY25_FMRs_revised', 53 rows for stusps='ND' (sheet rows 3255-3307), columns fmr_1 weighted by pop2022. OEWS: oesm24st/state_M2024_dl.xlsx - per-occupation cell addresses in work/i3_occupations.csv",FOUND,M1 independent re-extraction (both files parsed twice); M2 range validation FMR 500-3500 and A_PCT10 18000-90000,VERIFIED,2026-08-04T19:25:10Z,"raw_value = population-weighted mean 1-bedroom FMR, USD_monthly. FMR rows=53, total pop2022 weight=776,880, unweighted fmr_1 spread $707-$1159. Entry-wage components (3 of 3 occupations available): 43-4061=FOUND A_PCT10=41290 TOT_EMP=470; 33-3012=FOUND A_PCT10=46380 TOT_EMP=1020; 13-2081=FOUND A_PCT10=43860 TOT_EMP=50. Employment-weighted mean of the available A_PCT10 values is a Phase 4 scoring step and is NOT computed here. M1 FMR=VERIFIED; M2 rent: North Dakota FMR1BR: 835.9666936978684 in [500, 3500]. FMR aggregation (Decision 3): population-weighted mean of fmr_1 across all FMR rows for the jurisdiction, weighted by HUD's own pop2022 field at exactly the FMR geography. No join to Census county estimates - this is what reaches the sub-county town rows and resolves the Connecticut legacy-county vs planning-region mismatch. NOTE: 2022 population weights are applied to a FY2025 rent index. Applied identically to all jurisdictions; no unweighted or Census-weighted fallback. Anchor-year exception (documented): HUD FY2025 FMRs are the rents published during calendar 2024 and are the 2024-anchored rent measure."
Ohio,I3_ENTRY_RENT,917.84,USD_monthly,2024,OEWS24+FMR25,https://www.bls.gov/oes/tables.htm | https://www.huduser.gov/portal/datasets/fmr.html,oesm24st.zip | FY25_FMRs_revised.xlsx,"FMR: FY25_FMRs_revised.xlsx sheet 'FY25_FMRs_revised', 88 rows for stusps='OH' (sheet rows 3308-3395), columns fmr_1 weighted by pop2022. OEWS: oesm24st/state_M2024_dl.xlsx - per-occupation cell addresses in work/i3_occupations.csv",FOUND,M1 independent re-extraction (both files parsed twice); M2 range validation FMR 500-3500 and A_PCT10 18000-90000,VERIFIED,2026-08-04T19:25:10Z,"raw_value = population-weighted mean 1-bedroom FMR, USD_monthly. FMR rows=88, total pop2022 weight=11,774,670, unweighted fmr_1 spread $674-$1194. Entry-wage components (3 of 3 occupations available): 43-4061=FOUND A_PCT10=38540 TOT_EMP=4080; 33-3012=FOUND A_PCT10=45800 TOT_EMP=12350; 13-2081=FOUND A_PCT10=51060 TOT_EMP=1040. Employment-weighted mean of the available A_PCT10 values is a Phase 4 scoring step and is NOT computed here. M1 FMR=VERIFIED; M2 rent: Ohio FMR1BR: 917.8443935159117 in [500, 3500]. FMR aggregation (Decision 3): population-weighted mean of fmr_1 across all FMR rows for the jurisdiction, weighted by HUD's own pop2022 field at exactly the FMR geography. No join to Census county estimates - this is what reaches the sub-county town rows and resolves the Connecticut legacy-county vs planning-region mismatch. NOTE: 2022 population weights are applied to a FY2025 rent index. Applied identically to all jurisdictions; no unweighted or Census-weighted fallback. Anchor-year exception (documented): HUD FY2025 FMRs are the rents published during calendar 2024 and are the 2024-anchored rent measure."
Oklahoma,I3_ENTRY_RENT,865.88,USD_monthly,2024,OEWS24+FMR25,https://www.bls.gov/oes/tables.htm | https://www.huduser.gov/portal/datasets/fmr.html,oesm24st.zip | FY25_FMRs_revised.xlsx,"FMR: FY25_FMRs_revised.xlsx sheet 'FY25_FMRs_revised', 77 rows for stusps='OK' (sheet rows 3396-3472), columns fmr_1 weighted by pop2022. OEWS: oesm24st/state_M2024_dl.xlsx - per-occupation cell addresses in work/i3_occupations.csv",FOUND,M1 independent re-extraction (both files parsed twice); M2 range validation FMR 500-3500 and A_PCT10 18000-90000,VERIFIED,2026-08-04T19:25:10Z,"raw_value = population-weighted mean 1-bedroom FMR, USD_monthly. FMR rows=77, total pop2022 weight=3,970,490, unweighted fmr_1 spread $694-$961. Entry-wage components (2 of 3 occupations available): 43-4061=FOUND A_PCT10=34500 TOT_EMP=570; 33-3012=FOUND A_PCT10=33320 TOT_EMP=3690; 13-2081=COULDNT_CHECK. Employment-weighted mean of the available A_PCT10 values is a Phase 4 scoring step and is NOT computed here. M1 FMR=VERIFIED; M2 rent: Oklahoma FMR1BR: 865.8760518223191 in [500, 3500]. FMR aggregation (Decision 3): population-weighted mean of fmr_1 across all FMR rows for the jurisdiction, weighted by HUD's own pop2022 field at exactly the FMR geography. No join to Census county estimates - this is what reaches the sub-county town rows and resolves the Connecticut legacy-county vs planning-region mismatch. NOTE: 2022 population weights are applied to a FY2025 rent index. Applied identically to all jurisdictions; no unweighted or Census-weighted fallback. Anchor-year exception (documented): HUD FY2025 FMRs are the rents published during calendar 2024 and are the 2024-anchored rent measure."
Oregon,I3_ENTRY_RENT,1409.80,USD_monthly,2024,OEWS24+FMR25,https://www.bls.gov/oes/tables.htm | https://www.huduser.gov/portal/datasets/fmr.html,oesm24st.zip | FY25_FMRs_revised.xlsx,"FMR: FY25_FMRs_revised.xlsx sheet 'FY25_FMRs_revised', 36 rows for stusps='OR' (sheet rows 3473-3508), columns fmr_1 weighted by pop2022. OEWS: oesm24st/state_M2024_dl.xlsx - per-occupation cell addresses in work/i3_occupations.csv",FOUND,M1 independent re-extraction (both files parsed twice); M2 range validation FMR 500-3500 and A_PCT10 18000-90000,VERIFIED,2026-08-04T19:25:10Z,"raw_value = population-weighted mean 1-bedroom FMR, USD_monthly. FMR rows=36, total pop2022 weight=4,229,380, unweighted fmr_1 spread $711-$1750. Entry-wage components (3 of 3 occupations available): 43-4061=FOUND A_PCT10=39390 TOT_EMP=1930; 33-3012=FOUND A_PCT10=59240 TOT_EMP=3910; 13-2081=FOUND A_PCT10=48420 TOT_EMP=420. Employment-weighted mean of the available A_PCT10 values is a Phase 4 scoring step and is NOT computed here. M1 FMR=VERIFIED; M2 rent: Oregon FMR1BR: 1409.802824527472 in [500, 3500]. FMR aggregation (Decision 3): population-weighted mean of fmr_1 across all FMR rows for the jurisdiction, weighted by HUD's own pop2022 field at exactly the FMR geography. No join to Census county estimates - this is what reaches the sub-county town rows and resolves the Connecticut legacy-county vs planning-region mismatch. NOTE: 2022 population weights are applied to a FY2025 rent index. Applied identically to all jurisdictions; no unweighted or Census-weighted fallback. Anchor-year exception (documented): HUD FY2025 FMRs are the rents published during calendar 2024 and are the 2024-anchored rent measure."
Pennsylvania,I3_ENTRY_RENT,1170.10,USD_monthly,2024,OEWS24+FMR25,https://www.bls.gov/oes/tables.htm | https://www.huduser.gov/portal/datasets/fmr.html,oesm24st.zip | FY25_FMRs_revised.xlsx,"FMR: FY25_FMRs_revised.xlsx sheet 'FY25_FMRs_revised', 67 rows for stusps='PA' (sheet rows 3509-3575), columns fmr_1 weighted by pop2022. OEWS: oesm24st/state_M2024_dl.xlsx - per-occupation cell addresses in work/i3_occupations.csv",FOUND,M1 independent re-extraction (both files parsed twice); M2 range validation FMR 500-3500 and A_PCT10 18000-90000,VERIFIED,2026-08-04T19:25:10Z,"raw_value = population-weighted mean 1-bedroom FMR, USD_monthly. FMR rows=67, total pop2022 weight=12,989,210, unweighted fmr_1 spread $692-$1512. Entry-wage components (3 of 3 occupations available): 43-4061=FOUND A_PCT10=44120 TOT_EMP=10570; 33-3012=FOUND A_PCT10=44620 TOT_EMP=15260; 13-2081=FOUND A_PCT10=39000 TOT_EMP=3400. Employment-weighted mean of the available A_PCT10 values is a Phase 4 scoring step and is NOT computed here. M1 FMR=VERIFIED; M2 rent: Pennsylvania FMR1BR: 1170.0992358272752 in [500, 3500]. FMR aggregation (Decision 3): population-weighted mean of fmr_1 across all FMR rows for the jurisdiction, weighted by HUD's own pop2022 field at exactly the FMR geography. No join to Census county estimates - this is what reaches the sub-county town rows and resolves the Connecticut legacy-county vs planning-region mismatch. NOTE: 2022 population weights are applied to a FY2025 rent index. Applied identically to all jurisdictions; no unweighted or Census-weighted fallback. Anchor-year exception (documented): HUD FY2025 FMRs are the rents published during calendar 2024 and are the 2024-anchored rent measure."
Rhode Island,I3_ENTRY_RENT,1337.80,USD_monthly,2024,OEWS24+FMR25,https://www.bls.gov/oes/tables.htm | https://www.huduser.gov/portal/datasets/fmr.html,oesm24st.zip | FY25_FMRs_revised.xlsx,"FMR: FY25_FMRs_revised.xlsx sheet 'FY25_FMRs_revised', 39 rows for stusps='RI' (sheet rows 3576-3614), columns fmr_1 weighted by pop2022. OEWS: oesm24st/state_M2024_dl.xlsx - per-occupation cell addresses in work/i3_occupations.csv",FOUND,M1 independent re-extraction (both files parsed twice); M2 range validation FMR 500-3500 and A_PCT10 18000-90000,VERIFIED,2026-08-04T19:25:10Z,"raw_value = population-weighted mean 1-bedroom FMR, USD_monthly. FMR rows=39, total pop2022 weight=1,094,240, unweighted fmr_1 spread $1292-$1677. Entry-wage components (3 of 3 occupations available): 43-4061=FOUND A_PCT10=44780 TOT_EMP=820; 33-3012=FOUND A_PCT10=47520 TOT_EMP=990; 13-2081=FOUND A_PCT10=52240 TOT_EMP=240. Employment-weighted mean of the available A_PCT10 values is a Phase 4 scoring step and is NOT computed here. M1 FMR=VERIFIED; M2 rent: Rhode Island FMR1BR: 1337.8036948018716 in [500, 3500]. FMR aggregation (Decision 3): population-weighted mean of fmr_1 across all FMR rows for the jurisdiction, weighted by HUD's own pop2022 field at exactly the FMR geography. No join to Census county estimates - this is what reaches the sub-county town rows and resolves the Connecticut legacy-county vs planning-region mismatch. NOTE: 2022 population weights are applied to a FY2025 rent index. Applied identically to all jurisdictions; no unweighted or Census-weighted fallback. Anchor-year exception (documented): HUD FY2025 FMRs are the rents published during calendar 2024 and are the 2024-anchored rent measure."
South Carolina,I3_ENTRY_RENT,1173.19,USD_monthly,2024,OEWS24+FMR25,https://www.bls.gov/oes/tables.htm | https://www.huduser.gov/portal/datasets/fmr.html,oesm24st.zip | FY25_FMRs_revised.xlsx,"FMR: FY25_FMRs_revised.xlsx sheet 'FY25_FMRs_revised', 46 rows for stusps='SC' (sheet rows 3615-3660), columns fmr_1 weighted by pop2022. OEWS: oesm24st/state_M2024_dl.xlsx - per-occupation cell addresses in work/i3_occupations.csv",FOUND,M1 independent re-extraction (both files parsed twice); M2 range validation FMR 500-3500 and A_PCT10 18000-90000,VERIFIED,2026-08-04T19:25:10Z,"raw_value = population-weighted mean 1-bedroom FMR, USD_monthly. FMR rows=46, total pop2022 weight=5,142,750, unweighted fmr_1 spread $711-$1647. Entry-wage components (3 of 3 occupations available): 43-4061=FOUND A_PCT10=32490 TOT_EMP=1720; 33-3012=FOUND A_PCT10=41640 TOT_EMP=4940; 13-2081=FOUND A_PCT10=40820 TOT_EMP=290. Employment-weighted mean of the available A_PCT10 values is a Phase 4 scoring step and is NOT computed here. M1 FMR=VERIFIED; M2 rent: South Carolina FMR1BR: 1173.1902416022556 in [500, 3500]. FMR aggregation (Decision 3): population-weighted mean of fmr_1 across all FMR rows for the jurisdiction, weighted by HUD's own pop2022 field at exactly the FMR geography. No join to Census county estimates - this is what reaches the sub-county town rows and resolves the Connecticut legacy-county vs planning-region mismatch. NOTE: 2022 population weights are applied to a FY2025 rent index. Applied identically to all jurisdictions; no unweighted or Census-weighted fallback. Anchor-year exception (documented): HUD FY2025 FMRs are the rents published during calendar 2024 and are the 2024-anchored rent measure."
South Dakota,I3_ENTRY_RENT,792.40,USD_monthly,2024,OEWS24+FMR25,https://www.bls.gov/oes/tables.htm | https://www.huduser.gov/portal/datasets/fmr.html,oesm24st.zip | FY25_FMRs_revised.xlsx,"FMR: FY25_FMRs_revised.xlsx sheet 'FY25_FMRs_revised', 66 rows for stusps='SD' (sheet rows 3661-3726), columns fmr_1 weighted by pop2022. OEWS: oesm24st/state_M2024_dl.xlsx - per-occupation cell addresses in work/i3_occupations.csv",FOUND,M1 independent re-extraction (both files parsed twice); M2 range validation FMR 500-3500 and A_PCT10 18000-90000,VERIFIED,2026-08-04T19:25:10Z,"raw_value = population-weighted mean 1-bedroom FMR, USD_monthly. FMR rows=66, total pop2022 weight=890,335, unweighted fmr_1 spread $665-$882. Entry-wage components (2 of 3 occupations available): 43-4061=FOUND A_PCT10=35490 TOT_EMP=480; 33-3012=FOUND A_PCT10=35610 TOT_EMP=1380; 13-2081=COULDNT_CHECK. Employment-weighted mean of the available A_PCT10 values is a Phase 4 scoring step and is NOT computed here. M1 FMR=VERIFIED; M2 rent: South Dakota FMR1BR: 792.3978783266973 in [500, 3500]. FMR aggregation (Decision 3): population-weighted mean of fmr_1 across all FMR rows for the jurisdiction, weighted by HUD's own pop2022 field at exactly the FMR geography. No join to Census county estimates - this is what reaches the sub-county town rows and resolves the Connecticut legacy-county vs planning-region mismatch. NOTE: 2022 population weights are applied to a FY2025 rent index. Applied identically to all jurisdictions; no unweighted or Census-weighted fallback. Anchor-year exception (documented): HUD FY2025 FMRs are the rents published during calendar 2024 and are the 2024-anchored rent measure."
Tennessee,I3_ENTRY_RENT,1179.43,USD_monthly,2024,OEWS24+FMR25,https://www.bls.gov/oes/tables.htm | https://www.huduser.gov/portal/datasets/fmr.html,oesm24st.zip | FY25_FMRs_revised.xlsx,"FMR: FY25_FMRs_revised.xlsx sheet 'FY25_FMRs_revised', 95 rows for stusps='TN' (sheet rows 3727-3821), columns fmr_1 weighted by pop2022. OEWS: oesm24st/state_M2024_dl.xlsx - per-occupation cell addresses in work/i3_occupations.csv",FOUND,M1 independent re-extraction (both files parsed twice); M2 range validation FMR 500-3500 and A_PCT10 18000-90000,VERIFIED,2026-08-04T19:25:10Z,"raw_value = population-weighted mean 1-bedroom FMR, USD_monthly. FMR rows=95, total pop2022 weight=6,923,730, unweighted fmr_1 spread $685-$1650. Entry-wage components (3 of 3 occupations available): 43-4061=FOUND A_PCT10=39180 TOT_EMP=4230; 33-3012=FOUND A_PCT10=37920 TOT_EMP=7610; 13-2081=FOUND A_PCT10=39560 TOT_EMP=1910. Employment-weighted mean of the available A_PCT10 values is a Phase 4 scoring step and is NOT computed here. M1 FMR=VERIFIED; M2 rent: Tennessee FMR1BR: 1179.4296975763064 in [500, 3500]. FMR aggregation (Decision 3): population-weighted mean of fmr_1 across all FMR rows for the jurisdiction, weighted by HUD's own pop2022 field at exactly the FMR geography. No join to Census county estimates - this is what reaches the sub-county town rows and resolves the Connecticut legacy-county vs planning-region mismatch. NOTE: 2022 population weights are applied to a FY2025 rent index. Applied identically to all jurisdictions; no unweighted or Census-weighted fallback. Anchor-year exception (documented): HUD FY2025 FMRs are the rents published during calendar 2024 and are the 2024-anchored rent measure."
Texas,I3_ENTRY_RENT,1258.91,USD_monthly,2024,OEWS24+FMR25,https://www.bls.gov/oes/tables.htm | https://www.huduser.gov/portal/datasets/fmr.html,oesm24st.zip | FY25_FMRs_revised.xlsx,"FMR: FY25_FMRs_revised.xlsx sheet 'FY25_FMRs_revised', 254 rows for stusps='TX' (sheet rows 3822-4075), columns fmr_1 weighted by pop2022. OEWS: oesm24st/state_M2024_dl.xlsx - per-occupation cell addresses in work/i3_occupations.csv",FOUND,M1 independent re-extraction (both files parsed twice); M2 range validation FMR 500-3500 and A_PCT10 18000-90000,VERIFIED,2026-08-04T19:25:10Z,"raw_value = population-weighted mean 1-bedroom FMR, USD_monthly. FMR rows=254, total pop2022 weight=29,246,644, unweighted fmr_1 spread $711-$1650. Entry-wage components (3 of 3 occupations available): 43-4061=FOUND A_PCT10=35900 TOT_EMP=13440; 33-3012=FOUND A_PCT10=44660 TOT_EMP=39150; 13-2081=FOUND A_PCT10=40640 TOT_EMP=3550. Employment-weighted mean of the available A_PCT10 values is a Phase 4 scoring step and is NOT computed here. M1 FMR=VERIFIED; M2 rent: Texas FMR1BR: 1258.9081237149808 in [500, 3500]. FMR aggregation (Decision 3): population-weighted mean of fmr_1 across all FMR rows for the jurisdiction, weighted by HUD's own pop2022 field at exactly the FMR geography. No join to Census county estimates - this is what reaches the sub-county town rows and resolves the Connecticut legacy-county vs planning-region mismatch. NOTE: 2022 population weights are applied to a FY2025 rent index. Applied identically to all jurisdictions; no unweighted or Census-weighted fallback. Anchor-year exception (documented): HUD FY2025 FMRs are the rents published during calendar 2024 and are the 2024-anchored rent measure."
Utah,I3_ENTRY_RENT,1241.90,USD_monthly,2024,OEWS24+FMR25,https://www.bls.gov/oes/tables.htm | https://www.huduser.gov/portal/datasets/fmr.html,oesm24st.zip | FY25_FMRs_revised.xlsx,"FMR: FY25_FMRs_revised.xlsx sheet 'FY25_FMRs_revised', 29 rows for stusps='UT' (sheet rows 4076-4104), columns fmr_1 weighted by pop2022. OEWS: oesm24st/state_M2024_dl.xlsx - per-occupation cell addresses in work/i3_occupations.csv",FOUND,M1 independent re-extraction (both files parsed twice); M2 range validation FMR 500-3500 and A_PCT10 18000-90000,VERIFIED,2026-08-04T19:25:10Z,"raw_value = population-weighted mean 1-bedroom FMR, USD_monthly. FMR rows=29, total pop2022 weight=3,283,810, unweighted fmr_1 spread $752-$1472. Entry-wage components (3 of 3 occupations available): 43-4061=FOUND A_PCT10=39560 TOT_EMP=2090; 33-3012=FOUND A_PCT10=45300 TOT_EMP=1980; 13-2081=FOUND A_PCT10=39560 TOT_EMP=3190. Employment-weighted mean of the available A_PCT10 values is a Phase 4 scoring step and is NOT computed here. M1 FMR=VERIFIED; M2 rent: Utah FMR1BR: 1241.8968667492943 in [500, 3500]. FMR aggregation (Decision 3): population-weighted mean of fmr_1 across all FMR rows for the jurisdiction, weighted by HUD's own pop2022 field at exactly the FMR geography. No join to Census county estimates - this is what reaches the sub-county town rows and resolves the Connecticut legacy-county vs planning-region mismatch. NOTE: 2022 population weights are applied to a FY2025 rent index. Applied identically to all jurisdictions; no unweighted or Census-weighted fallback. Anchor-year exception (documented): HUD FY2025 FMRs are the rents published during calendar 2024 and are the 2024-anchored rent measure."
Vermont,I3_ENTRY_RENT,1196.62,USD_monthly,2024,OEWS24+FMR25,https://www.bls.gov/oes/tables.htm | https://www.huduser.gov/portal/datasets/fmr.html,oesm24st.zip | FY25_FMRs_revised.xlsx,"FMR: FY25_FMRs_revised.xlsx sheet 'FY25_FMRs_revised', 255 rows for stusps='VT' (sheet rows 4105-4359), columns fmr_1 weighted by pop2022. OEWS: oesm24st/state_M2024_dl.xlsx - per-occupation cell addresses in work/i3_occupations.csv",FOUND,M1 independent re-extraction (both files parsed twice); M2 range validation FMR 500-3500 and A_PCT10 18000-90000,VERIFIED,2026-08-04T19:25:10Z,"raw_value = population-weighted mean 1-bedroom FMR, USD_monthly. FMR rows=255, total pop2022 weight=643,815, unweighted fmr_1 spread $854-$1476. Entry-wage components (3 of 3 occupations available): 43-4061=FOUND A_PCT10=45500 TOT_EMP=380; 33-3012=FOUND A_PCT10=42430 TOT_EMP=460; 13-2081=FOUND A_PCT10=44760 TOT_EMP=110. Employment-weighted mean of the available A_PCT10 values is a Phase 4 scoring step and is NOT computed here. M1 FMR=VERIFIED; M2 rent: Vermont FMR1BR: 1196.6210479718552 in [500, 3500]. FMR aggregation (Decision 3): population-weighted mean of fmr_1 across all FMR rows for the jurisdiction, weighted by HUD's own pop2022 field at exactly the FMR geography. No join to Census county estimates - this is what reaches the sub-county town rows and resolves the Connecticut legacy-county vs planning-region mismatch. NOTE: 2022 population weights are applied to a FY2025 rent index. Applied identically to all jurisdictions; no unweighted or Census-weighted fallback. Anchor-year exception (documented): HUD FY2025 FMRs are the rents published during calendar 2024 and are the 2024-anchored rent measure."
Virginia,I3_ENTRY_RENT,1526.81,USD_monthly,2024,OEWS24+FMR25,https://www.bls.gov/oes/tables.htm | https://www.huduser.gov/portal/datasets/fmr.html,oesm24st.zip | FY25_FMRs_revised.xlsx,"FMR: FY25_FMRs_revised.xlsx sheet 'FY25_FMRs_revised', 133 rows for stusps='VA' (sheet rows 4360-4492), columns fmr_1 weighted by pop2022. OEWS: oesm24st/state_M2024_dl.xlsx - per-occupation cell addresses in work/i3_occupations.csv",FOUND,M1 independent re-extraction (both files parsed twice); M2 range validation FMR 500-3500 and A_PCT10 18000-90000,VERIFIED,2026-08-04T19:25:10Z,"raw_value = population-weighted mean 1-bedroom FMR, USD_monthly. FMR rows=133, total pop2022 weight=8,624,515, unweighted fmr_1 spread $649-$2056. Entry-wage components (3 of 3 occupations available): 43-4061=FOUND A_PCT10=38630 TOT_EMP=3830; 33-3012=FOUND A_PCT10=44970 TOT_EMP=11720; 13-2081=FOUND A_PCT10=40480 TOT_EMP=1720. Employment-weighted mean of the available A_PCT10 values is a Phase 4 scoring step and is NOT computed here. M1 FMR=VERIFIED; M2 rent: Virginia FMR1BR: 1526.8092379687437 in [500, 3500]. FMR aggregation (Decision 3): population-weighted mean of fmr_1 across all FMR rows for the jurisdiction, weighted by HUD's own pop2022 field at exactly the FMR geography. No join to Census county estimates - this is what reaches the sub-county town rows and resolves the Connecticut legacy-county vs planning-region mismatch. NOTE: 2022 population weights are applied to a FY2025 rent index. Applied identically to all jurisdictions; no unweighted or Census-weighted fallback. Anchor-year exception (documented): HUD FY2025 FMRs are the rents published during calendar 2024 and are the 2024-anchored rent measure."
Washington,I3_ENTRY_RENT,1729.08,USD_monthly,2024,OEWS24+FMR25,https://www.bls.gov/oes/tables.htm | https://www.huduser.gov/portal/datasets/fmr.html,oesm24st.zip | FY25_FMRs_revised.xlsx,"FMR: FY25_FMRs_revised.xlsx sheet 'FY25_FMRs_revised', 39 rows for stusps='WA' (sheet rows 4493-4531), columns fmr_1 weighted by pop2022. OEWS: oesm24st/state_M2024_dl.xlsx - per-occupation cell addresses in work/i3_occupations.csv",FOUND,M1 independent re-extraction (both files parsed twice); M2 range validation FMR 500-3500 and A_PCT10 18000-90000,VERIFIED,2026-08-04T19:25:10Z,"raw_value = population-weighted mean 1-bedroom FMR, USD_monthly. FMR rows=39, total pop2022 weight=7,688,545, unweighted fmr_1 spread $711-$2293. Entry-wage components (3 of 3 occupations available): 43-4061=FOUND A_PCT10=48680 TOT_EMP=4320; 33-3012=FOUND A_PCT10=62930 TOT_EMP=6470; 13-2081=FOUND A_PCT10=54890 TOT_EMP=870. Employment-weighted mean of the available A_PCT10 values is a Phase 4 scoring step and is NOT computed here. M1 FMR=VERIFIED; M2 rent: Washington FMR1BR: 1729.0765593490055 in [500, 3500]. FMR aggregation (Decision 3): population-weighted mean of fmr_1 across all FMR rows for the jurisdiction, weighted by HUD's own pop2022 field at exactly the FMR geography. No join to Census county estimates - this is what reaches the sub-county town rows and resolves the Connecticut legacy-county vs planning-region mismatch. NOTE: 2022 population weights are applied to a FY2025 rent index. Applied identically to all jurisdictions; no unweighted or Census-weighted fallback. Anchor-year exception (documented): HUD FY2025 FMRs are the rents published during calendar 2024 and are the 2024-anchored rent measure."
West Virginia,I3_ENTRY_RENT,796.62,USD_monthly,2024,OEWS24+FMR25,https://www.bls.gov/oes/tables.htm | https://www.huduser.gov/portal/datasets/fmr.html,oesm24st.zip | FY25_FMRs_revised.xlsx,"FMR: FY25_FMRs_revised.xlsx sheet 'FY25_FMRs_revised', 55 rows for stusps='WV' (sheet rows 4532-4586), columns fmr_1 weighted by pop2022. OEWS: oesm24st/state_M2024_dl.xlsx - per-occupation cell addresses in work/i3_occupations.csv",FOUND,M1 independent re-extraction (both files parsed twice); M2 range validation FMR 500-3500 and A_PCT10 18000-90000,VERIFIED,2026-08-04T19:25:10Z,"raw_value = population-weighted mean 1-bedroom FMR, USD_monthly. FMR rows=55, total pop2022 weight=1,792,955, unweighted fmr_1 spread $649-$1253. Entry-wage components (3 of 3 occupations available): 43-4061=FOUND A_PCT10=37010 TOT_EMP=290; 33-3012=FOUND A_PCT10=39990 TOT_EMP=2640; 13-2081=FOUND A_PCT10=28930 TOT_EMP=330. Employment-weighted mean of the available A_PCT10 values is a Phase 4 scoring step and is NOT computed here. M1 FMR=VERIFIED; M2 rent: West Virginia FMR1BR: 796.6242069655959 in [500, 3500]. FMR aggregation (Decision 3): population-weighted mean of fmr_1 across all FMR rows for the jurisdiction, weighted by HUD's own pop2022 field at exactly the FMR geography. No join to Census county estimates - this is what reaches the sub-county town rows and resolves the Connecticut legacy-county vs planning-region mismatch. NOTE: 2022 population weights are applied to a FY2025 rent index. Applied identically to all jurisdictions; no unweighted or Census-weighted fallback. Anchor-year exception (documented): HUD FY2025 FMRs are the rents published during calendar 2024 and are the 2024-anchored rent measure."
Wisconsin,I3_ENTRY_RENT,954.86,USD_monthly,2024,OEWS24+FMR25,https://www.bls.gov/oes/tables.htm | https://www.huduser.gov/portal/datasets/fmr.html,oesm24st.zip | FY25_FMRs_revised.xlsx,"FMR: FY25_FMRs_revised.xlsx sheet 'FY25_FMRs_revised', 72 rows for stusps='WI' (sheet rows 4587-4658), columns fmr_1 weighted by pop2022. OEWS: oesm24st/state_M2024_dl.xlsx - per-occupation cell addresses in work/i3_occupations.csv",FOUND,M1 independent re-extraction (both files parsed twice); M2 range validation FMR 500-3500 and A_PCT10 18000-90000,VERIFIED,2026-08-04T19:25:10Z,"raw_value = population-weighted mean 1-bedroom FMR, USD_monthly. FMR rows=72, total pop2022 weight=5,882,115, unweighted fmr_1 spread $711-$1381. Entry-wage components (3 of 3 occupations available): 43-4061=FOUND A_PCT10=37420 TOT_EMP=1870; 33-3012=FOUND A_PCT10=52670 TOT_EMP=6290; 13-2081=FOUND A_PCT10=49800 TOT_EMP=470. Employment-weighted mean of the available A_PCT10 values is a Phase 4 scoring step and is NOT computed here. M1 FMR=VERIFIED; M2 rent: Wisconsin FMR1BR: 954.8566196002628 in [500, 3500]. FMR aggregation (Decision 3): population-weighted mean of fmr_1 across all FMR rows for the jurisdiction, weighted by HUD's own pop2022 field at exactly the FMR geography. No join to Census county estimates - this is what reaches the sub-county town rows and resolves the Connecticut legacy-county vs planning-region mismatch. NOTE: 2022 population weights are applied to a FY2025 rent index. Applied identically to all jurisdictions; no unweighted or Census-weighted fallback. Anchor-year exception (documented): HUD FY2025 FMRs are the rents published during calendar 2024 and are the 2024-anchored rent measure."
Wyoming,I3_ENTRY_RENT,828.38,USD_monthly,2024,OEWS24+FMR25,https://www.bls.gov/oes/tables.htm | https://www.huduser.gov/portal/datasets/fmr.html,oesm24st.zip | FY25_FMRs_revised.xlsx,"FMR: FY25_FMRs_revised.xlsx sheet 'FY25_FMRs_revised', 23 rows for stusps='WY' (sheet rows 4659-4681), columns fmr_1 weighted by pop2022. OEWS: oesm24st/state_M2024_dl.xlsx - per-occupation cell addresses in work/i3_occupations.csv",FOUND,M1 independent re-extraction (both files parsed twice); M2 range validation FMR 500-3500 and A_PCT10 18000-90000,VERIFIED,2026-08-04T19:25:10Z,"raw_value = population-weighted mean 1-bedroom FMR, USD_monthly. FMR rows=23, total pop2022 weight=577,925, unweighted fmr_1 spread $711-$1194. Entry-wage components (3 of 3 occupations available): 43-4061=FOUND A_PCT10=47070 TOT_EMP=350; 33-3012=FOUND A_PCT10=43160 TOT_EMP=850; 13-2081=FOUND A_PCT10=51540 TOT_EMP=60. Employment-weighted mean of the available A_PCT10 values is a Phase 4 scoring step and is NOT computed here. M1 FMR=VERIFIED; M2 rent: Wyoming FMR1BR: 828.3791841501925 in [500, 3500]. FMR aggregation (Decision 3): population-weighted mean of fmr_1 across all FMR rows for the jurisdiction, weighted by HUD's own pop2022 field at exactly the FMR geography. No join to Census county estimates - this is what reaches the sub-county town rows and resolves the Connecticut legacy-county vs planning-region mismatch. NOTE: 2022 population weights are applied to a FY2025 rent index. Applied identically to all jurisdictions; no unweighted or Census-weighted fallback. Anchor-year exception (documented): HUD FY2025 FMRs are the rents published during calendar 2024 and are the 2024-anchored rent measure."
Alabama,I4_RETIREMENT,6.0,percent_of_salary,2024 (anchor); source vintage Oct-Dec 2025 - see notes,NASRA+NASRA_PLANTYPE,https://www.nasra.org/contributionsbrief | https://www.nasra.org/plandesign,NASRAContribBrief.pdf | NASRA_Overview_Primary_Retirement_Benefit_Plan_Type.pdf,"NASRAContribBrief.pdf p.6, Appendix A row 'Alabama ERS' (columns 'Employee Contribution Rate' and 'Social Security Coverage'); NASRA_Overview_Primary_Retirement_Benefit_Plan_Type.pdf p.1, 'Alabama' entry",FOUND,"M1 independent re-extraction (both PDFs re-parsed, plan name and entry re-confirmed verbatim); M2 range validation 0-20 percent",VERIFIED,2026-08-04T19:25:13Z,"PLAN (R1)='Alabama ERS'. SOCIAL SECURITY (refined R6, Decision 6)=COVERED (source column reads 'Yes'; rule outcome: plain Yes with no exception clause). DEFAULT PLAN TYPE (R5)=DB (source clause: 'DB'). EMPLOYEE CONTRIBUTION (R4)=6.0% = 6.0. R2/R3: 'State employees hired on or after 1/1/13 contribute 6.0%'. M1=VERIFIED; M2: Alabama EE rate: 6.0 in [0, 20]. raw_unit 'percent_of_salary' is outside the spec's listed unit enum, which has no percent member; recorded as the source expresses it, not converted. ANCHOR-YEAR DEVIATION (approved, uniform): NASRA Contributions Brief is the November 2025 edition with rates in effect October 2025; NASRA plan-type overview updated December 2025. Applied identically to every jurisdiction. The anchor-year rule prevents reference years drifting between states; a single off-anchor vintage applied uniformly creates no cross-state incomparability. Disclosed uniform deviation, not mixed vintages. D.C. is COULDNT_CHECK for I4 in the full build: NASRA covers state retirement systems and D.C.'s is not one (zero mentions in the Contributions Brief)."
Alaska,I4_RETIREMENT,8.0,percent_of_salary,2024 (anchor); source vintage Oct-Dec 2025 - see notes,NASRA+NASRA_PLANTYPE,https://www.nasra.org/contributionsbrief | https://www.nasra.org/plandesign,NASRAContribBrief.pdf | NASRA_Overview_Primary_Retirement_Benefit_Plan_Type.pdf,"NASRAContribBrief.pdf p.6, Appendix A row 'Alaska PERS' (columns 'Employee Contribution Rate' and 'Social Security Coverage'); NASRA_Overview_Primary_Retirement_Benefit_Plan_Type.pdf p.1, 'Alaska' entry",FOUND,"M1 independent re-extraction (both PDFs re-parsed, plan name and entry re-confirmed verbatim); M2 range validation 0-20 percent",VERIFIED,2026-08-04T19:25:13Z,"PLAN (R1)='Alaska PERS'. SOCIAL SECURITY (refined R6, Decision 6)=NOT_COVERED (source column reads 'No'; rule outcome: plain No with no exception clause). DEFAULT PLAN TYPE (R5)=DC (source clause: 'DC for all new hires since 7/1/06'). EMPLOYEE CONTRIBUTION (R4)=8.0% = 8.0. R2: 2024 hire falls in the post-7/1/06 DC tier, 'employee contribution rate of 8.0%'. M1=VERIFIED; M2: Alaska EE rate: 8.0 in [0, 20]. raw_unit 'percent_of_salary' is outside the spec's listed unit enum, which has no percent member; recorded as the source expresses it, not converted. ANCHOR-YEAR DEVIATION (approved, uniform): NASRA Contributions Brief is the November 2025 edition with rates in effect October 2025; NASRA plan-type overview updated December 2025. Applied identically to every jurisdiction. The anchor-year rule prevents reference years drifting between states; a single off-anchor vintage applied uniformly creates no cross-state incomparability. Disclosed uniform deviation, not mixed vintages. D.C. is COULDNT_CHECK for I4 in the full build: NASRA covers state retirement systems and D.C.'s is not one (zero mentions in the Contributions Brief)."
Arizona,I4_RETIREMENT,12.0,percent_of_salary,2024 (anchor); source vintage Oct-Dec 2025 - see notes,NASRA+NASRA_PLANTYPE,https://www.nasra.org/contributionsbrief | https://www.nasra.org/plandesign,NASRAContribBrief.pdf | NASRA_Overview_Primary_Retirement_Benefit_Plan_Type.pdf,"NASRAContribBrief.pdf p.6, Appendix A row 'Arizona SRS' (columns 'Employee Contribution Rate' and 'Social Security Coverage'); NASRA_Overview_Primary_Retirement_Benefit_Plan_Type.pdf p.1, 'Arizona' entry",FOUND,"M1 independent re-extraction (both PDFs re-parsed, plan name and entry re-confirmed verbatim); M2 range validation 0-20 percent",VERIFIED,2026-08-04T19:25:13Z,"PLAN (R1)='Arizona SRS'. SOCIAL SECURITY (refined R6, Decision 6)=COVERED (source column reads 'Yes'; rule outcome: plain Yes with no exception clause). DEFAULT PLAN TYPE (R5)=DB (source clause: 'DB for teachers, state employees, and most non-public safety local government employees'). EMPLOYEE CONTRIBUTION (R4)=12.0% = 12.0. Arizona Public Safety Personnel excluded under R3. Arizona SRS rate '12.0%'. M1=VERIFIED; M2: Arizona EE rate: 12.0 in [0, 20]. raw_unit 'percent_of_salary' is outside the spec's listed unit enum, which has no percent member; recorded as the source expresses it, not converted. ANCHOR-YEAR DEVIATION (approved, uniform): NASRA Contributions Brief is the November 2025 edition with rates in effect October 2025; NASRA plan-type overview updated December 2025. Applied identically to every jurisdiction. The anchor-year rule prevents reference years drifting between states; a single off-anchor vintage applied uniformly creates no cross-state incomparability. Disclosed uniform deviation, not mixed vintages. D.C. is COULDNT_CHECK for I4 in the full build: NASRA covers state retirement systems and D.C.'s is not one (zero mentions in the Contributions Brief)."
Arkansas,I4_RETIREMENT,,percent_of_salary,2024 (anchor); source vintage Oct-Dec 2025 - see notes,NASRA+NASRA_PLANTYPE,https://www.nasra.org/contributionsbrief | https://www.nasra.org/plandesign,NASRAContribBrief.pdf | NASRA_Overview_Primary_Retirement_Benefit_Plan_Type.pdf,"NASRAContribBrief.pdf p.6, Appendix A row 'Arkansas PERS' (columns 'Employee Contribution Rate' and 'Social Security Coverage'); NASRA_Overview_Primary_Retirement_Benefit_Plan_Type.pdf p.1, 'Arkansas' entry",COULDNT_CHECK,"M1 independent re-extraction (both PDFs re-parsed, plan name and entry re-confirmed verbatim); M2 range validation 0-20 percent",NOT_VERIFIED,2026-08-04T19:25:13Z,"PLAN (R1)='Arkansas PERS'. SOCIAL SECURITY (refined R6, Decision 6)=COVERED (source column reads 'Yes'; rule outcome: plain Yes with no exception clause). DEFAULT PLAN TYPE (R5)=DB (source clause: 'DB'). EMPLOYEE CONTRIBUTION (R4)=UNRESOLVABLE. R4d UNRESOLVABLE: rate is '6.0% for those hired since 7/1/05, increasing annually by 0.25% over an eight-year period beginning FY 23, resulting in 7.0% effective FY 30.' The escalation schedule's 2024 value is not printed; computing it would be derivation. M1=VERIFIED; M2: rate unresolvable under R4d - not range-checked. raw_unit 'percent_of_salary' is outside the spec's listed unit enum, which has no percent member; recorded as the source expresses it, not converted. ANCHOR-YEAR DEVIATION (approved, uniform): NASRA Contributions Brief is the November 2025 edition with rates in effect October 2025; NASRA plan-type overview updated December 2025. Applied identically to every jurisdiction. The anchor-year rule prevents reference years drifting between states; a single off-anchor vintage applied uniformly creates no cross-state incomparability. Disclosed uniform deviation, not mixed vintages. D.C. is COULDNT_CHECK for I4 in the full build: NASRA covers state retirement systems and D.C.'s is not one (zero mentions in the Contributions Brief)."
California,I4_RETIREMENT,,percent_of_salary,2024 (anchor); source vintage Oct-Dec 2025 - see notes,NASRA+NASRA_PLANTYPE,https://www.nasra.org/contributionsbrief | https://www.nasra.org/plandesign,NASRAContribBrief.pdf | NASRA_Overview_Primary_Retirement_Benefit_Plan_Type.pdf,"NASRAContribBrief.pdf p.6, Appendix A row 'California PERF' (columns 'Employee Contribution Rate' and 'Social Security Coverage'); NASRA_Overview_Primary_Retirement_Benefit_Plan_Type.pdf p.1, 'California' entry",COULDNT_CHECK,"M1 independent re-extraction (both PDFs re-parsed, plan name and entry re-confirmed verbatim); M2 range validation 0-20 percent",NOT_VERIFIED,2026-08-04T19:25:13Z,"PLAN (R1)='California PERF'. SOCIAL SECURITY (refined R6, Decision 6)=PARTIAL (source column reads 'Both'; rule outcome: 'Both' - coverage is split within the plan itself). DEFAULT PLAN TYPE (R5)=DB (source clause: 'DB except CB for community college employees (fewer than one percent of workers)'). EMPLOYEE CONTRIBUTION (R4)=UNRESOLVABLE. R4d UNRESOLVABLE: for the R2 tier the source gives only a range - 'Members hired since 1/1/13 must contribute at least one-half of the plan's normal cost, and contribute between 4.0% and 15.25%, depending on the employee classification and benefits offered.' The '8.0% for most state employees' figure is not tier-specific. No endpoint is selected and no average is taken. M1=VERIFIED; M2: rate unresolvable under R4d - not range-checked. raw_unit 'percent_of_salary' is outside the spec's listed unit enum, which has no percent member; recorded as the source expresses it, not converted. ANCHOR-YEAR DEVIATION (approved, uniform): NASRA Contributions Brief is the November 2025 edition with rates in effect October 2025; NASRA plan-type overview updated December 2025. Applied identically to every jurisdiction. The anchor-year rule prevents reference years drifting between states; a single off-anchor vintage applied uniformly creates no cross-state incomparability. Disclosed uniform deviation, not mixed vintages. D.C. is COULDNT_CHECK for I4 in the full build: NASRA covers state retirement systems and D.C.'s is not one (zero mentions in the Contributions Brief)."
Colorado,I4_RETIREMENT,11.0,percent_of_salary,2024 (anchor); source vintage Oct-Dec 2025 - see notes,NASRA+NASRA_PLANTYPE,https://www.nasra.org/contributionsbrief | https://www.nasra.org/plandesign,NASRAContribBrief.pdf | NASRA_Overview_Primary_Retirement_Benefit_Plan_Type.pdf,"NASRAContribBrief.pdf p.7, Appendix A row 'Colorado State' (columns 'Employee Contribution Rate' and 'Social Security Coverage'); NASRA_Overview_Primary_Retirement_Benefit_Plan_Type.pdf p.1, 'Colorado' entry",FOUND,"M1 independent re-extraction (both PDFs re-parsed, plan name and entry re-confirmed verbatim); M2 range validation 0-20 percent",VERIFIED,2026-08-04T19:25:13Z,"PLAN (R1)='Colorado State (PERA State division)'. SOCIAL SECURITY (refined R6, Decision 6)=NOT_COVERED (source column reads 'No'; rule outcome: plain No with no exception clause). DEFAULT PLAN TYPE (R5)=DB (source clause: 'DB for state employees except optional DC for new hires on or after 1/1/06'). EMPLOYEE CONTRIBUTION (R4)=11.0% = 11.0. R1: Colorado Affiliated Local, Local Government and Fire & Police Statewide excluded as local/safety. R5: DC is 'optional', so DB is the default. Rate 'for School and State plan members are 11.0%'; the 13.0% state-trooper figure excluded under R3; the +/-0.5% risk-sharing band excluded under R4a as contingent. M1=VERIFIED; M2: Colorado EE rate: 11.0 in [0, 20]. raw_unit 'percent_of_salary' is outside the spec's listed unit enum, which has no percent member; recorded as the source expresses it, not converted. ANCHOR-YEAR DEVIATION (approved, uniform): NASRA Contributions Brief is the November 2025 edition with rates in effect October 2025; NASRA plan-type overview updated December 2025. Applied identically to every jurisdiction. The anchor-year rule prevents reference years drifting between states; a single off-anchor vintage applied uniformly creates no cross-state incomparability. Disclosed uniform deviation, not mixed vintages. D.C. is COULDNT_CHECK for I4 in the full build: NASRA covers state retirement systems and D.C.'s is not one (zero mentions in the Contributions Brief)."
Connecticut,I4_RETIREMENT,6.0,percent_of_salary,2024 (anchor); source vintage Oct-Dec 2025 - see notes,NASRA+NASRA_PLANTYPE,https://www.nasra.org/contributionsbrief | https://www.nasra.org/plandesign,NASRAContribBrief.pdf | NASRA_Overview_Primary_Retirement_Benefit_Plan_Type.pdf,"NASRAContribBrief.pdf p.7, Appendix A row 'Connecticut SERS' (columns 'Employee Contribution Rate' and 'Social Security Coverage'); NASRA_Overview_Primary_Retirement_Benefit_Plan_Type.pdf p.1, 'Connecticut' entry",FOUND,"M1 independent re-extraction (both PDFs re-parsed, plan name and entry re-confirmed verbatim); M2 range validation 0-20 percent",VERIFIED,2026-08-04T19:25:13Z,"PLAN (R1)='Connecticut SERS'. SOCIAL SECURITY (refined R6, Decision 6)=COVERED (source column reads 'Yes'; rule outcome: plain Yes with no exception clause). DEFAULT PLAN TYPE (R5)=HYBRID (source clause: 'DB-DC hybrid for state employees hired since 7/1/17'). EMPLOYEE CONTRIBUTION (R4)=6.0% = 5.0 + 1.0. R2: post-6/30/17 tier. R4a: 'contribute 5.0% ... plus 1.0% to the DC portion of the plan' - both paid by default. The 7.0% public-safety figure excluded under R3; the contingent additional contribution of up to 2.0% under the risk-sharing provision excluded under R4a. M1=VERIFIED; M2: Connecticut EE rate: 6.0 in [0, 20]. raw_unit 'percent_of_salary' is outside the spec's listed unit enum, which has no percent member; recorded as the source expresses it, not converted. ANCHOR-YEAR DEVIATION (approved, uniform): NASRA Contributions Brief is the November 2025 edition with rates in effect October 2025; NASRA plan-type overview updated December 2025. Applied identically to every jurisdiction. The anchor-year rule prevents reference years drifting between states; a single off-anchor vintage applied uniformly creates no cross-state incomparability. Disclosed uniform deviation, not mixed vintages. D.C. is COULDNT_CHECK for I4 in the full build: NASRA covers state retirement systems and D.C.'s is not one (zero mentions in the Contributions Brief)."
Delaware,I4_RETIREMENT,5.0,percent_of_salary,2024 (anchor); source vintage Oct-Dec 2025 - see notes,NASRA+NASRA_PLANTYPE,https://www.nasra.org/contributionsbrief | https://www.nasra.org/plandesign,NASRAContribBrief.pdf | NASRA_Overview_Primary_Retirement_Benefit_Plan_Type.pdf,"NASRAContribBrief.pdf p.7, Appendix A row 'Delaware State Employees' (columns 'Employee Contribution Rate' and 'Social Security Coverage'); NASRA_Overview_Primary_Retirement_Benefit_Plan_Type.pdf p.1, 'Delaware' entry",FOUND,"M1 independent re-extraction (both PDFs re-parsed, plan name and entry re-confirmed verbatim); M2 range validation 0-20 percent",VERIFIED,2026-08-04T19:25:13Z,"PLAN (R1)='Delaware State Employees'. SOCIAL SECURITY (refined R6, Decision 6)=COVERED (source column reads 'Yes'; rule outcome: plain Yes with no exception clause). DEFAULT PLAN TYPE (R5)=DB (source clause: 'DB'). EMPLOYEE CONTRIBUTION (R4)=5.0% = 5.0. R4b: 'Employees hired since 1/1/12 contribute 5.0% of pay above $6,000'. Stated percentage recorded; the $6,000 floor is noted and NOT used to adjust the rate. M1=VERIFIED; M2: Delaware EE rate: 5.0 in [0, 20]. raw_unit 'percent_of_salary' is outside the spec's listed unit enum, which has no percent member; recorded as the source expresses it, not converted. ANCHOR-YEAR DEVIATION (approved, uniform): NASRA Contributions Brief is the November 2025 edition with rates in effect October 2025; NASRA plan-type overview updated December 2025. Applied identically to every jurisdiction. The anchor-year rule prevents reference years drifting between states; a single off-anchor vintage applied uniformly creates no cross-state incomparability. Disclosed uniform deviation, not mixed vintages. D.C. is COULDNT_CHECK for I4 in the full build: NASRA covers state retirement systems and D.C.'s is not one (zero mentions in the Contributions Brief)."
District of Columbia,I4_RETIREMENT,,percent_of_salary,2024 (anchor); source vintage Oct-Dec 2025 - see notes,NASRA+NASRA_PLANTYPE,https://www.nasra.org/contributionsbrief | https://www.nasra.org/plandesign,NASRAContribBrief.pdf | NASRA_Overview_Primary_Retirement_Benefit_Plan_Type.pdf,"NASRAContribBrief.pdf p.None, Appendix A row 'no general-employee state system in the Contributions Brief' (columns 'Employee Contribution Rate' and 'Social Security Coverage'); NASRA_Overview_Primary_Retirement_Benefit_Plan_Type.pdf p.1, 'District of Columbia' entry",COULDNT_CHECK,"M1 independent re-extraction (both PDFs re-parsed, plan name and entry re-confirmed verbatim); M2 range validation 0-20 percent",NOT_VERIFIED,2026-08-04T19:25:13Z,"PLAN (R1)='no general-employee state system in the Contributions Brief'. SOCIAL SECURITY (refined R6, Decision 6)=UNRESOLVABLE (source column reads 'absent'; rule outcome: no general-employee row in the source). DEFAULT PLAN TYPE (R5)=DC (source clause: 'DB for teachers and public safety personnel; DC for general employees'). EMPLOYEE CONTRIBUTION (R4)=UNRESOLVABLE. R1 FAILS: the Contributions Brief lists only 'DC Police & Fire' and 'DC Teachers', both excluded under R1/R3. NASRA covers state retirement systems and D.C.'s is not one, so there is no general-employee row and hence no contribution rate and no Social Security determination. NASRA_PLANTYPE DOES resolve the plan type (DC for general employees) and it is recorded here, but R7 makes the indicator COULDNT_CHECK because two of the three facts are absent from the source. M1=FAILED; M2: rate unresolvable under R4d - not range-checked. raw_unit 'percent_of_salary' is outside the spec's listed unit enum, which has no percent member; recorded as the source expresses it, not converted. ANCHOR-YEAR DEVIATION (approved, uniform): NASRA Contributions Brief is the November 2025 edition with rates in effect October 2025; NASRA plan-type overview updated December 2025. Applied identically to every jurisdiction. The anchor-year rule prevents reference years drifting between states; a single off-anchor vintage applied uniformly creates no cross-state incomparability. Disclosed uniform deviation, not mixed vintages. D.C. is COULDNT_CHECK for I4 in the full build: NASRA covers state retirement systems and D.C.'s is not one (zero mentions in the Contributions Brief)."
Florida,I4_RETIREMENT,3.0,percent_of_salary,2024 (anchor); source vintage Oct-Dec 2025 - see notes,NASRA+NASRA_PLANTYPE,https://www.nasra.org/contributionsbrief | https://www.nasra.org/plandesign,NASRAContribBrief.pdf | NASRA_Overview_Primary_Retirement_Benefit_Plan_Type.pdf,"NASRAContribBrief.pdf p.7, Appendix A row 'Florida RS' (columns 'Employee Contribution Rate' and 'Social Security Coverage'); NASRA_Overview_Primary_Retirement_Benefit_Plan_Type.pdf p.1, 'Florida' entry",FOUND,"M1 independent re-extraction (both PDFs re-parsed, plan name and entry re-confirmed verbatim); M2 range validation 0-20 percent",VERIFIED,2026-08-04T19:25:13Z,"PLAN (R1)='Florida RS'. SOCIAL SECURITY (refined R6, Decision 6)=COVERED (source column reads 'Yes'; rule outcome: plain Yes with no exception clause). DEFAULT PLAN TYPE (R5)=DC (source clause: 'Optional DB or DC; DC has been the default option for new hires since 1/1/18'). EMPLOYEE CONTRIBUTION (R4)=3.0% = 3.0. R5: a default is explicitly named ('DC has been the default option for new hires since 1/1/18'), so DC is taken rather than CHOICE. Rate '3.0%'. M1=VERIFIED; M2: Florida EE rate: 3.0 in [0, 20]. raw_unit 'percent_of_salary' is outside the spec's listed unit enum, which has no percent member; recorded as the source expresses it, not converted. ANCHOR-YEAR DEVIATION (approved, uniform): NASRA Contributions Brief is the November 2025 edition with rates in effect October 2025; NASRA plan-type overview updated December 2025. Applied identically to every jurisdiction. The anchor-year rule prevents reference years drifting between states; a single off-anchor vintage applied uniformly creates no cross-state incomparability. Disclosed uniform deviation, not mixed vintages. D.C. is COULDNT_CHECK for I4 in the full build: NASRA covers state retirement systems and D.C.'s is not one (zero mentions in the Contributions Brief)."
Georgia,I4_RETIREMENT,6.25,percent_of_salary,2024 (anchor); source vintage Oct-Dec 2025 - see notes,NASRA+NASRA_PLANTYPE,https://www.nasra.org/contributionsbrief | https://www.nasra.org/plandesign,NASRAContribBrief.pdf | NASRA_Overview_Primary_Retirement_Benefit_Plan_Type.pdf,"NASRAContribBrief.pdf p.7, Appendix A row 'Georgia ERS' (columns 'Employee Contribution Rate' and 'Social Security Coverage'); NASRA_Overview_Primary_Retirement_Benefit_Plan_Type.pdf p.1, 'Georgia' entry",FOUND,"M1 independent re-extraction (both PDFs re-parsed, plan name and entry re-confirmed verbatim); M2 range validation 0-20 percent",VERIFIED,2026-08-04T19:25:13Z,"PLAN (R1)='Georgia ERS'. SOCIAL SECURITY (refined R6, Decision 6)=COVERED (source column reads 'Yes'; rule outcome: plain Yes with no exception clause). DEFAULT PLAN TYPE (R5)=HYBRID (source clause: 'DB-DC hybrid for state workers hired since 2008'). EMPLOYEE CONTRIBUTION (R4)=6.25% = 1.25 + 5.0. R4a: '1.25% to the DB and the hybrid plan' plus 'The default employee contribution to the DC component of the hybrid plan ... is 5.0% for those hired since 7/1/14'. The DC component is opt-out-able within 90 days, so 6.25% is the DEFAULT rate for a 2024 new hire taking no action, which is the reading R4a specifies. Georgia Teachers excluded under R1. M1=VERIFIED; M2: Georgia EE rate: 6.25 in [0, 20]. raw_unit 'percent_of_salary' is outside the spec's listed unit enum, which has no percent member; recorded as the source expresses it, not converted. ANCHOR-YEAR DEVIATION (approved, uniform): NASRA Contributions Brief is the November 2025 edition with rates in effect October 2025; NASRA plan-type overview updated December 2025. Applied identically to every jurisdiction. The anchor-year rule prevents reference years drifting between states; a single off-anchor vintage applied uniformly creates no cross-state incomparability. Disclosed uniform deviation, not mixed vintages. D.C. is COULDNT_CHECK for I4 in the full build: NASRA covers state retirement systems and D.C.'s is not one (zero mentions in the Contributions Brief)."
Hawaii,I4_RETIREMENT,,percent_of_salary,2024 (anchor); source vintage Oct-Dec 2025 - see notes,NASRA+NASRA_PLANTYPE,https://www.nasra.org/contributionsbrief | https://www.nasra.org/plandesign,NASRAContribBrief.pdf | NASRA_Overview_Primary_Retirement_Benefit_Plan_Type.pdf,"NASRAContribBrief.pdf p.7, Appendix A row 'Hawaii ERS' (columns 'Employee Contribution Rate' and 'Social Security Coverage'); NASRA_Overview_Primary_Retirement_Benefit_Plan_Type.pdf p.1, 'Hawaii' entry",COULDNT_CHECK,"M1 independent re-extraction (both PDFs re-parsed, plan name and entry re-confirmed verbatim); M2 range validation 0-20 percent",NOT_VERIFIED,2026-08-04T19:25:13Z,"PLAN (R1)='Hawaii ERS'. SOCIAL SECURITY (refined R6, Decision 6)=COVERED (source column reads 'Yes'; rule outcome: plain Yes with no exception clause). DEFAULT PLAN TYPE (R5)=DB (source clause: 'DB'). EMPLOYEE CONTRIBUTION (R4)=UNRESOLVABLE. R4d UNRESOLVABLE: 'For those hired after 6/30/12, between 8.0% and 11.75% for general employees and teachers, depending on job classification'. A range with no single general-employee value. M1=VERIFIED; M2: rate unresolvable under R4d - not range-checked. raw_unit 'percent_of_salary' is outside the spec's listed unit enum, which has no percent member; recorded as the source expresses it, not converted. ANCHOR-YEAR DEVIATION (approved, uniform): NASRA Contributions Brief is the November 2025 edition with rates in effect October 2025; NASRA plan-type overview updated December 2025. Applied identically to every jurisdiction. The anchor-year rule prevents reference years drifting between states; a single off-anchor vintage applied uniformly creates no cross-state incomparability. Disclosed uniform deviation, not mixed vintages. D.C. is COULDNT_CHECK for I4 in the full build: NASRA covers state retirement systems and D.C.'s is not one (zero mentions in the Contributions Brief)."
Idaho,I4_RETIREMENT,8.11,percent_of_salary,2024 (anchor); source vintage Oct-Dec 2025 - see notes,NASRA+NASRA_PLANTYPE,https://www.nasra.org/contributionsbrief | https://www.nasra.org/plandesign,NASRAContribBrief.pdf | NASRA_Overview_Primary_Retirement_Benefit_Plan_Type.pdf,"NASRAContribBrief.pdf p.7, Appendix A row 'Idaho PERS' (columns 'Employee Contribution Rate' and 'Social Security Coverage'); NASRA_Overview_Primary_Retirement_Benefit_Plan_Type.pdf p.1, 'Idaho' entry",FOUND,"M1 independent re-extraction (both PDFs re-parsed, plan name and entry re-confirmed verbatim); M2 range validation 0-20 percent",VERIFIED,2026-08-04T19:25:13Z,"PLAN (R1)='Idaho PERS'. SOCIAL SECURITY (refined R6, Decision 6)=COVERED (source column reads 'Yes'; rule outcome: plain Yes with no exception clause). DEFAULT PLAN TYPE (R5)=DB (source clause: 'DB'). EMPLOYEE CONTRIBUTION (R4)=8.11% = 8.11. R4c: rate is pegged ('set by statute at 60% of the employer rate') but the source prints the current value - 'The current rate for general employees and teachers is 8.11%'. The 11.4% public-safety figure excluded under R3. M1=VERIFIED; M2: Idaho EE rate: 8.11 in [0, 20]. raw_unit 'percent_of_salary' is outside the spec's listed unit enum, which has no percent member; recorded as the source expresses it, not converted. ANCHOR-YEAR DEVIATION (approved, uniform): NASRA Contributions Brief is the November 2025 edition with rates in effect October 2025; NASRA plan-type overview updated December 2025. Applied identically to every jurisdiction. The anchor-year rule prevents reference years drifting between states; a single off-anchor vintage applied uniformly creates no cross-state incomparability. Disclosed uniform deviation, not mixed vintages. D.C. is COULDNT_CHECK for I4 in the full build: NASRA covers state retirement systems and D.C.'s is not one (zero mentions in the Contributions Brief)."
Illinois,I4_RETIREMENT,4.5,percent_of_salary,2024 (anchor); source vintage Oct-Dec 2025 - see notes,NASRA+NASRA_PLANTYPE,https://www.nasra.org/contributionsbrief | https://www.nasra.org/plandesign,NASRAContribBrief.pdf | NASRA_Overview_Primary_Retirement_Benefit_Plan_Type.pdf,"NASRAContribBrief.pdf p.7, Appendix A row 'Illinois SERS' (columns 'Employee Contribution Rate' and 'Social Security Coverage'); NASRA_Overview_Primary_Retirement_Benefit_Plan_Type.pdf p.1, 'Illinois' entry",FOUND,"M1 independent re-extraction (both PDFs re-parsed, plan name and entry re-confirmed verbatim); M2 range validation 0-20 percent",VERIFIED,2026-08-04T19:25:13Z,"PLAN (R1)='Illinois SERS'. SOCIAL SECURITY (refined R6, Decision 6)=COVERED (source column reads 'Yes'; rule outcome: plain Yes with no exception clause). DEFAULT PLAN TYPE (R5)=DB (source clause: 'DB'). EMPLOYEE CONTRIBUTION (R4)=4.5% = 4.0 + 0.5. R1: Illinois Municipal, Teachers and Universities excluded. R4a: '4% for general employees ... covered by Social Security, plus 0.5% for survivor's pension benefits'. The SS-covered branch is used because the brief's coverage column for Illinois SERS is 'Yes' (R6). Public-safety and not-covered figures excluded under R3. M1=VERIFIED; M2: Illinois EE rate: 4.5 in [0, 20]. raw_unit 'percent_of_salary' is outside the spec's listed unit enum, which has no percent member; recorded as the source expresses it, not converted. ANCHOR-YEAR DEVIATION (approved, uniform): NASRA Contributions Brief is the November 2025 edition with rates in effect October 2025; NASRA plan-type overview updated December 2025. Applied identically to every jurisdiction. The anchor-year rule prevents reference years drifting between states; a single off-anchor vintage applied uniformly creates no cross-state incomparability. Disclosed uniform deviation, not mixed vintages. D.C. is COULDNT_CHECK for I4 in the full build: NASRA covers state retirement systems and D.C.'s is not one (zero mentions in the Contributions Brief)."
Indiana,I4_RETIREMENT,3.0,percent_of_salary,2024 (anchor); source vintage Oct-Dec 2025 - see notes,NASRA+NASRA_PLANTYPE,https://www.nasra.org/contributionsbrief | https://www.nasra.org/plandesign,NASRAContribBrief.pdf | NASRA_Overview_Primary_Retirement_Benefit_Plan_Type.pdf,"NASRAContribBrief.pdf p.7, Appendix A row 'Indiana PERF' (columns 'Employee Contribution Rate' and 'Social Security Coverage'); NASRA_Overview_Primary_Retirement_Benefit_Plan_Type.pdf p.1, 'Indiana' entry",FOUND,"M1 independent re-extraction (both PDFs re-parsed, plan name and entry re-confirmed verbatim); M2 range validation 0-20 percent",VERIFIED,2026-08-04T19:25:13Z,"PLAN (R1)='Indiana PERF'. SOCIAL SECURITY (refined R6, Decision 6)=COVERED (source column reads 'Yes'; rule outcome: plain Yes with no exception clause). DEFAULT PLAN TYPE (R5)=HYBRID (source clause: 'DB-DC hybrid; state employees hired since 3/1/13 may elect to participate in a DC plan'). EMPLOYEE CONTRIBUTION (R4)=3.0% = 3.0. R5: hybrid is primary and the DC plan is an election, so HYBRID is the default. Rate '3.0%, which is paid to employees' individual account in the DC component of the DB-DC hybrid plan'. The brief lists 'Indiana PERF and Indiana Teachers' on one line; the general-employee system PERF is taken under R1 and the shared rate applies to it. M1=VERIFIED; M2: Indiana EE rate: 3.0 in [0, 20]. raw_unit 'percent_of_salary' is outside the spec's listed unit enum, which has no percent member; recorded as the source expresses it, not converted. ANCHOR-YEAR DEVIATION (approved, uniform): NASRA Contributions Brief is the November 2025 edition with rates in effect October 2025; NASRA plan-type overview updated December 2025. Applied identically to every jurisdiction. The anchor-year rule prevents reference years drifting between states; a single off-anchor vintage applied uniformly creates no cross-state incomparability. Disclosed uniform deviation, not mixed vintages. D.C. is COULDNT_CHECK for I4 in the full build: NASRA covers state retirement systems and D.C.'s is not one (zero mentions in the Contributions Brief)."
Iowa,I4_RETIREMENT,6.29,percent_of_salary,2024 (anchor); source vintage Oct-Dec 2025 - see notes,NASRA+NASRA_PLANTYPE,https://www.nasra.org/contributionsbrief | https://www.nasra.org/plandesign,NASRAContribBrief.pdf | NASRA_Overview_Primary_Retirement_Benefit_Plan_Type.pdf,"NASRAContribBrief.pdf p.7, Appendix A row 'Iowa PERS' (columns 'Employee Contribution Rate' and 'Social Security Coverage'); NASRA_Overview_Primary_Retirement_Benefit_Plan_Type.pdf p.1, 'Iowa' entry",FOUND,"M1 independent re-extraction (both PDFs re-parsed, plan name and entry re-confirmed verbatim); M2 range validation 0-20 percent",VERIFIED,2026-08-04T19:25:13Z,"PLAN (R1)='Iowa PERS'. SOCIAL SECURITY (refined R6, Decision 6)=COVERED (source column reads 'Yes'; rule outcome: plain Yes with no exception clause). DEFAULT PLAN TYPE (R5)=DB (source clause: 'DB'). EMPLOYEE CONTRIBUTION (R4)=6.29% = 6.29. R1: Iowa Municipal Fire & Police RS excluded as local/safety. R4: '6.29% for regular employees'; protection-occupation (6.21%) and sheriff (12.09%) figures excluded under R3. The board's authority to adjust by up to one percent per year is not a stated current rate and is excluded. M1=VERIFIED; M2: Iowa EE rate: 6.29 in [0, 20]. raw_unit 'percent_of_salary' is outside the spec's listed unit enum, which has no percent member; recorded as the source expresses it, not converted. ANCHOR-YEAR DEVIATION (approved, uniform): NASRA Contributions Brief is the November 2025 edition with rates in effect October 2025; NASRA plan-type overview updated December 2025. Applied identically to every jurisdiction. The anchor-year rule prevents reference years drifting between states; a single off-anchor vintage applied uniformly creates no cross-state incomparability. Disclosed uniform deviation, not mixed vintages. D.C. is COULDNT_CHECK for I4 in the full build: NASRA covers state retirement systems and D.C.'s is not one (zero mentions in the Contributions Brief)."
Kansas,I4_RETIREMENT,6.0,percent_of_salary,2024 (anchor); source vintage Oct-Dec 2025 - see notes,NASRA+NASRA_PLANTYPE,https://www.nasra.org/contributionsbrief | https://www.nasra.org/plandesign,NASRAContribBrief.pdf | NASRA_Overview_Primary_Retirement_Benefit_Plan_Type.pdf,"NASRAContribBrief.pdf p.8, Appendix A row 'Kansas PERS' (columns 'Employee Contribution Rate' and 'Social Security Coverage'); NASRA_Overview_Primary_Retirement_Benefit_Plan_Type.pdf p.1, 'Kansas' entry",FOUND,"M1 independent re-extraction (both PDFs re-parsed, plan name and entry re-confirmed verbatim); M2 range validation 0-20 percent",VERIFIED,2026-08-04T19:25:13Z,"PLAN (R1)='Kansas PERS'. SOCIAL SECURITY (refined R6, Decision 6)=COVERED (source column reads 'Yes, except some public safety employees do not participate'; rule outcome: exception confined to R3-excluded class(es) ['public safety'], so it does not reduce coverage for the general-employee plan). DEFAULT PLAN TYPE (R5)=CB (source clause: 'DB except CB for new hires since 1/1/15'). EMPLOYEE CONTRIBUTION (R4)=6.0% = 6.0. R2: 2024 hire is in the post-1/1/15 cash balance tier. CB scored 30 per Decision 5, applied blind. R6 applied literally: the exception falls on public safety, a class R3 excludes, but the rule is not bent. M1=VERIFIED; M2: Kansas EE rate: 6.0 in [0, 20]. raw_unit 'percent_of_salary' is outside the spec's listed unit enum, which has no percent member; recorded as the source expresses it, not converted. ANCHOR-YEAR DEVIATION (approved, uniform): NASRA Contributions Brief is the November 2025 edition with rates in effect October 2025; NASRA plan-type overview updated December 2025. Applied identically to every jurisdiction. The anchor-year rule prevents reference years drifting between states; a single off-anchor vintage applied uniformly creates no cross-state incomparability. Disclosed uniform deviation, not mixed vintages. D.C. is COULDNT_CHECK for I4 in the full build: NASRA covers state retirement systems and D.C.'s is not one (zero mentions in the Contributions Brief)."
Kentucky,I4_RETIREMENT,11.0,percent_of_salary,2024 (anchor); source vintage Oct-Dec 2025 - see notes,NASRA+NASRA_PLANTYPE,https://www.nasra.org/contributionsbrief | https://www.nasra.org/plandesign,NASRAContribBrief.pdf | NASRA_Overview_Primary_Retirement_Benefit_Plan_Type.pdf,"NASRAContribBrief.pdf p.8, Appendix A row 'Kentucky ERS' (columns 'Employee Contribution Rate' and 'Social Security Coverage'); NASRA_Overview_Primary_Retirement_Benefit_Plan_Type.pdf p.1, 'Kentucky' entry",FOUND,"M1 independent re-extraction (both PDFs re-parsed, plan name and entry re-confirmed verbatim); M2 range validation 0-20 percent",VERIFIED,2026-08-04T19:25:13Z,"PLAN (R1)='Kentucky ERS'. SOCIAL SECURITY (refined R6, Decision 6)=PARTIAL (source column reads 'No, except university members, who account for around five percent of all members'; rule outcome: exception clause names no R3-excluded class, so it may reach general employees: 'except university members, who account for around five percent of all members'). DEFAULT PLAN TYPE (R5)=CB (source clause: 'CB for state and local government employees hired since 1/1/14'). EMPLOYEE CONTRIBUTION (R4)=11.0% = 11.0. R1: Kentucky County excluded as local; the brief lists Kentucky ERS and Kentucky Teachers on one line and the general-employee system ERS is taken. R5 CONFLICT RESOLVED BY RULE: NASRA_PLANTYPE says CB for state employees hired since 1/1/14 while the Contributions Brief describes a hybrid DB-plus-cash-balance for those hired since 1/1/22; R5 designates NASRA_PLANTYPE as the authority, so CB. R4: non-university members hired since 1/1/22 contribute 11.0% (9.0% DB + 2.0% supplemental cash balance). The unquantified retiree-health-care contribution is excluded under R4a. R6 symmetric reading of 'No, except'. M1=VERIFIED; M2: Kentucky EE rate: 11.0 in [0, 20]. raw_unit 'percent_of_salary' is outside the spec's listed unit enum, which has no percent member; recorded as the source expresses it, not converted. ANCHOR-YEAR DEVIATION (approved, uniform): NASRA Contributions Brief is the November 2025 edition with rates in effect October 2025; NASRA plan-type overview updated December 2025. Applied identically to every jurisdiction. The anchor-year rule prevents reference years drifting between states; a single off-anchor vintage applied uniformly creates no cross-state incomparability. Disclosed uniform deviation, not mixed vintages. D.C. is COULDNT_CHECK for I4 in the full build: NASRA covers state retirement systems and D.C.'s is not one (zero mentions in the Contributions Brief)."
Louisiana,I4_RETIREMENT,8.0,percent_of_salary,2024 (anchor); source vintage Oct-Dec 2025 - see notes,NASRA+NASRA_PLANTYPE,https://www.nasra.org/contributionsbrief | https://www.nasra.org/plandesign,NASRAContribBrief.pdf | NASRA_Overview_Primary_Retirement_Benefit_Plan_Type.pdf,"NASRAContribBrief.pdf p.8, Appendix A row 'Louisiana SERS' (columns 'Employee Contribution Rate' and 'Social Security Coverage'); NASRA_Overview_Primary_Retirement_Benefit_Plan_Type.pdf p.1, 'Louisiana' entry",FOUND,"M1 independent re-extraction (both PDFs re-parsed, plan name and entry re-confirmed verbatim); M2 range validation 0-20 percent",VERIFIED,2026-08-04T19:25:13Z,"PLAN (R1)='Louisiana SERS'. SOCIAL SECURITY (refined R6, Decision 6)=NOT_COVERED (source column reads 'No'; rule outcome: plain No with no exception clause). DEFAULT PLAN TYPE (R5)=DB (source clause: 'DB'). EMPLOYEE CONTRIBUTION (R4)=8.0% = 8.0. R1: Louisiana Parochial excluded as local, Teachers excluded. R4: '8.0% for regular employees hired as of 7/1/06'; hazardous duty (9.5%) and unspecified specialty plans excluded under R3. M1=VERIFIED; M2: Louisiana EE rate: 8.0 in [0, 20]. raw_unit 'percent_of_salary' is outside the spec's listed unit enum, which has no percent member; recorded as the source expresses it, not converted. ANCHOR-YEAR DEVIATION (approved, uniform): NASRA Contributions Brief is the November 2025 edition with rates in effect October 2025; NASRA plan-type overview updated December 2025. Applied identically to every jurisdiction. The anchor-year rule prevents reference years drifting between states; a single off-anchor vintage applied uniformly creates no cross-state incomparability. Disclosed uniform deviation, not mixed vintages. D.C. is COULDNT_CHECK for I4 in the full build: NASRA covers state retirement systems and D.C.'s is not one (zero mentions in the Contributions Brief)."
Maine,I4_RETIREMENT,7.81,percent_of_salary,2024 (anchor); source vintage Oct-Dec 2025 - see notes,NASRA+NASRA_PLANTYPE,https://www.nasra.org/contributionsbrief | https://www.nasra.org/plandesign,NASRAContribBrief.pdf | NASRA_Overview_Primary_Retirement_Benefit_Plan_Type.pdf,"NASRAContribBrief.pdf p.8, Appendix A row 'Maine State and Teacher' (columns 'Employee Contribution Rate' and 'Social Security Coverage'); NASRA_Overview_Primary_Retirement_Benefit_Plan_Type.pdf p.1, 'Maine' entry",FOUND,"M1 independent re-extraction (both PDFs re-parsed, plan name and entry re-confirmed verbatim); M2 range validation 0-20 percent",VERIFIED,2026-08-04T19:25:13Z,"PLAN (R1)='Maine State and Teacher'. SOCIAL SECURITY (refined R6, Decision 6)=NOT_COVERED (source column reads 'No'; rule outcome: plain No with no exception clause). DEFAULT PLAN TYPE (R5)=DB (source clause: 'DB'). EMPLOYEE CONTRIBUTION (R4)=7.81% = 7.81. R1: Maine Local excluded. R4: '7.81% for state employees'; the teacher (7.65%) and law-enforcement (8.65%) figures excluded under R3. M1=VERIFIED; M2: Maine EE rate: 7.81 in [0, 20]. raw_unit 'percent_of_salary' is outside the spec's listed unit enum, which has no percent member; recorded as the source expresses it, not converted. ANCHOR-YEAR DEVIATION (approved, uniform): NASRA Contributions Brief is the November 2025 edition with rates in effect October 2025; NASRA plan-type overview updated December 2025. Applied identically to every jurisdiction. The anchor-year rule prevents reference years drifting between states; a single off-anchor vintage applied uniformly creates no cross-state incomparability. Disclosed uniform deviation, not mixed vintages. D.C. is COULDNT_CHECK for I4 in the full build: NASRA covers state retirement systems and D.C.'s is not one (zero mentions in the Contributions Brief)."
Maryland,I4_RETIREMENT,7.0,percent_of_salary,2024 (anchor); source vintage Oct-Dec 2025 - see notes,NASRA+NASRA_PLANTYPE,https://www.nasra.org/contributionsbrief | https://www.nasra.org/plandesign,NASRAContribBrief.pdf | NASRA_Overview_Primary_Retirement_Benefit_Plan_Type.pdf,"NASRAContribBrief.pdf p.8, Appendix A row 'Maryland PERS' (columns 'Employee Contribution Rate' and 'Social Security Coverage'); NASRA_Overview_Primary_Retirement_Benefit_Plan_Type.pdf p.1, 'Maryland' entry",FOUND,"M1 independent re-extraction (both PDFs re-parsed, plan name and entry re-confirmed verbatim); M2 range validation 0-20 percent",VERIFIED,2026-08-04T19:25:13Z,"PLAN (R1)='Maryland PERS'. SOCIAL SECURITY (refined R6, Decision 6)=COVERED (source column reads 'Yes'; rule outcome: plain Yes with no exception clause). DEFAULT PLAN TYPE (R5)=DB (source clause: 'DB'). EMPLOYEE CONTRIBUTION (R4)=7.0% = 7.0. R1: Maryland Teachers excluded. M1=VERIFIED; M2: Maryland EE rate: 7.0 in [0, 20]. raw_unit 'percent_of_salary' is outside the spec's listed unit enum, which has no percent member; recorded as the source expresses it, not converted. ANCHOR-YEAR DEVIATION (approved, uniform): NASRA Contributions Brief is the November 2025 edition with rates in effect October 2025; NASRA plan-type overview updated December 2025. Applied identically to every jurisdiction. The anchor-year rule prevents reference years drifting between states; a single off-anchor vintage applied uniformly creates no cross-state incomparability. Disclosed uniform deviation, not mixed vintages. D.C. is COULDNT_CHECK for I4 in the full build: NASRA covers state retirement systems and D.C.'s is not one (zero mentions in the Contributions Brief)."
Massachusetts,I4_RETIREMENT,,percent_of_salary,2024 (anchor); source vintage Oct-Dec 2025 - see notes,NASRA+NASRA_PLANTYPE,https://www.nasra.org/contributionsbrief | https://www.nasra.org/plandesign,NASRAContribBrief.pdf | NASRA_Overview_Primary_Retirement_Benefit_Plan_Type.pdf,"NASRAContribBrief.pdf p.8, Appendix A row 'Massachusetts SERS' (columns 'Employee Contribution Rate' and 'Social Security Coverage'); NASRA_Overview_Primary_Retirement_Benefit_Plan_Type.pdf p.1, 'Massachusetts' entry",COULDNT_CHECK,"M1 independent re-extraction (both PDFs re-parsed, plan name and entry re-confirmed verbatim); M2 range validation 0-20 percent",NOT_VERIFIED,2026-08-04T19:25:13Z,"PLAN (R1)='Massachusetts SERS'. SOCIAL SECURITY (refined R6, Decision 6)=NOT_COVERED (source column reads 'No'; rule outcome: plain No with no exception clause). DEFAULT PLAN TYPE (R5)=DB (source clause: 'DB'). EMPLOYEE CONTRIBUTION (R4)=UNRESOLVABLE. R4d UNRESOLVABLE: '5% - 9% depending on date of membership' - a range with no single value for a 2024 hire. The 12% state-police figure is excluded under R3. M1=VERIFIED; M2: rate unresolvable under R4d - not range-checked. raw_unit 'percent_of_salary' is outside the spec's listed unit enum, which has no percent member; recorded as the source expresses it, not converted. ANCHOR-YEAR DEVIATION (approved, uniform): NASRA Contributions Brief is the November 2025 edition with rates in effect October 2025; NASRA plan-type overview updated December 2025. Applied identically to every jurisdiction. The anchor-year rule prevents reference years drifting between states; a single off-anchor vintage applied uniformly creates no cross-state incomparability. Disclosed uniform deviation, not mixed vintages. D.C. is COULDNT_CHECK for I4 in the full build: NASRA covers state retirement systems and D.C.'s is not one (zero mentions in the Contributions Brief)."
Michigan,I4_RETIREMENT,0.0,percent_of_salary,2024 (anchor); source vintage Oct-Dec 2025 - see notes,NASRA+NASRA_PLANTYPE,https://www.nasra.org/contributionsbrief | https://www.nasra.org/plandesign,NASRAContribBrief.pdf | NASRA_Overview_Primary_Retirement_Benefit_Plan_Type.pdf,"NASRAContribBrief.pdf p.8, Appendix A row 'Michigan SERS' (columns 'Employee Contribution Rate' and 'Social Security Coverage'); NASRA_Overview_Primary_Retirement_Benefit_Plan_Type.pdf p.1, 'Michigan' entry",FOUND,"M1 independent re-extraction (both PDFs re-parsed, plan name and entry re-confirmed verbatim); M2 range validation 0-20 percent",VERIFIED,2026-08-04T19:25:13Z,"PLAN (R1)='Michigan SERS'. SOCIAL SECURITY (refined R6, Decision 6)=COVERED (source column reads 'Yes'; rule outcome: plain Yes with no exception clause). DEFAULT PLAN TYPE (R5)=DC (source clause: 'DC for state workers hired since 1997'). EMPLOYEE CONTRIBUTION (R4)=0.0% = 0.0. R1: Michigan Municipal and Michigan Public Schools excluded. R4a: 'Employees hired since 3/1/97 are enrolled in a DC plan with an optional contribution rate of zero to 3.0%'. The contribution is OPTIONAL, so the default for a 2024 new hire taking no action is 0.0%. R4a (default reading) is the more specific rule and governs over R4d's range clause here, because the range's floor IS the default rather than one endpoint of an unresolved choice. Recorded as 0.0%, not as a missing value. M1=VERIFIED; M2: Michigan EE rate: 0.0 in [0, 20]. raw_unit 'percent_of_salary' is outside the spec's listed unit enum, which has no percent member; recorded as the source expresses it, not converted. ANCHOR-YEAR DEVIATION (approved, uniform): NASRA Contributions Brief is the November 2025 edition with rates in effect October 2025; NASRA plan-type overview updated December 2025. Applied identically to every jurisdiction. The anchor-year rule prevents reference years drifting between states; a single off-anchor vintage applied uniformly creates no cross-state incomparability. Disclosed uniform deviation, not mixed vintages. D.C. is COULDNT_CHECK for I4 in the full build: NASRA covers state retirement systems and D.C.'s is not one (zero mentions in the Contributions Brief)."
Minnesota,I4_RETIREMENT,6.0,percent_of_salary,2024 (anchor); source vintage Oct-Dec 2025 - see notes,NASRA+NASRA_PLANTYPE,https://www.nasra.org/contributionsbrief | https://www.nasra.org/plandesign,NASRAContribBrief.pdf | NASRA_Overview_Primary_Retirement_Benefit_Plan_Type.pdf,"NASRAContribBrief.pdf p.8, Appendix A row 'Minnesota State Employees' (columns 'Employee Contribution Rate' and 'Social Security Coverage'); NASRA_Overview_Primary_Retirement_Benefit_Plan_Type.pdf p.1, 'Minnesota' entry",FOUND,"M1 independent re-extraction (both PDFs re-parsed, plan name and entry re-confirmed verbatim); M2 range validation 0-20 percent",VERIFIED,2026-08-04T19:25:13Z,"PLAN (R1)='Minnesota State Employees'. SOCIAL SECURITY (refined R6, Decision 6)=COVERED (source column reads 'Yes, except state patrol'; rule outcome: exception confined to R3-excluded class(es) ['state patrol'], so it does not reduce coverage for the general-employee plan). DEFAULT PLAN TYPE (R5)=DB (source clause: 'DB'). EMPLOYEE CONTRIBUTION (R4)=6.0% = 6.0. R1: Minnesota PERA and Minnesota Teachers excluded in favour of the general STATE employee system. R6 applied literally; the exception falls on state patrol, a class R3 excludes. M1=VERIFIED; M2: Minnesota EE rate: 6.0 in [0, 20]. raw_unit 'percent_of_salary' is outside the spec's listed unit enum, which has no percent member; recorded as the source expresses it, not converted. ANCHOR-YEAR DEVIATION (approved, uniform): NASRA Contributions Brief is the November 2025 edition with rates in effect October 2025; NASRA plan-type overview updated December 2025. Applied identically to every jurisdiction. The anchor-year rule prevents reference years drifting between states; a single off-anchor vintage applied uniformly creates no cross-state incomparability. Disclosed uniform deviation, not mixed vintages. D.C. is COULDNT_CHECK for I4 in the full build: NASRA covers state retirement systems and D.C.'s is not one (zero mentions in the Contributions Brief)."
Mississippi,I4_RETIREMENT,9.0,percent_of_salary,2024 (anchor); source vintage Oct-Dec 2025 - see notes,NASRA+NASRA_PLANTYPE,https://www.nasra.org/contributionsbrief | https://www.nasra.org/plandesign,NASRAContribBrief.pdf | NASRA_Overview_Primary_Retirement_Benefit_Plan_Type.pdf,"NASRAContribBrief.pdf p.9, Appendix A row 'Mississippi PERS' (columns 'Employee Contribution Rate' and 'Social Security Coverage'); NASRA_Overview_Primary_Retirement_Benefit_Plan_Type.pdf p.2, 'Mississippi' entry",FOUND,"M1 independent re-extraction (both PDFs re-parsed, plan name and entry re-confirmed verbatim); M2 range validation 0-20 percent",VERIFIED,2026-08-04T19:25:13Z,"PLAN (R1)='Mississippi PERS'. SOCIAL SECURITY (refined R6, Decision 6)=COVERED (source column reads 'Yes'; rule outcome: plain Yes with no exception clause). DEFAULT PLAN TYPE (R5)=DB (source clause: 'DB'). EMPLOYEE CONTRIBUTION (R4)=9.0% = 9.0. R2: the hybrid for new hires after 2/28/26 is a future tier and does not apply to a 2024 hire. Highway Patrol (7.25%) excluded under R3. M1=VERIFIED; M2: Mississippi EE rate: 9.0 in [0, 20]. raw_unit 'percent_of_salary' is outside the spec's listed unit enum, which has no percent member; recorded as the source expresses it, not converted. ANCHOR-YEAR DEVIATION (approved, uniform): NASRA Contributions Brief is the November 2025 edition with rates in effect October 2025; NASRA plan-type overview updated December 2025. Applied identically to every jurisdiction. The anchor-year rule prevents reference years drifting between states; a single off-anchor vintage applied uniformly creates no cross-state incomparability. Disclosed uniform deviation, not mixed vintages. D.C. is COULDNT_CHECK for I4 in the full build: NASRA covers state retirement systems and D.C.'s is not one (zero mentions in the Contributions Brief)."
Missouri,I4_RETIREMENT,4.0,percent_of_salary,2024 (anchor); source vintage Oct-Dec 2025 - see notes,NASRA+NASRA_PLANTYPE,https://www.nasra.org/contributionsbrief | https://www.nasra.org/plandesign,NASRAContribBrief.pdf | NASRA_Overview_Primary_Retirement_Benefit_Plan_Type.pdf,"NASRAContribBrief.pdf p.9, Appendix A row 'Missouri State Employees' (columns 'Employee Contribution Rate' and 'Social Security Coverage'); NASRA_Overview_Primary_Retirement_Benefit_Plan_Type.pdf p.2, 'Missouri' entry",FOUND,"M1 independent re-extraction (both PDFs re-parsed, plan name and entry re-confirmed verbatim); M2 range validation 0-20 percent",VERIFIED,2026-08-04T19:25:13Z,"PLAN (R1)='Missouri State Employees'. SOCIAL SECURITY (refined R6, Decision 6)=COVERED (source column reads 'Yes'; rule outcome: plain Yes with no exception clause). DEFAULT PLAN TYPE (R5)=DB (source clause: 'DB'). EMPLOYEE CONTRIBUTION (R4)=4.0% = 4.0. R1: Missouri Local, PEERS, Teachers and DOT/Highway Patrol all excluded. R2: '4.0% for those hired after 12/31/10'. M1=VERIFIED; M2: Missouri EE rate: 4.0 in [0, 20]. raw_unit 'percent_of_salary' is outside the spec's listed unit enum, which has no percent member; recorded as the source expresses it, not converted. ANCHOR-YEAR DEVIATION (approved, uniform): NASRA Contributions Brief is the November 2025 edition with rates in effect October 2025; NASRA plan-type overview updated December 2025. Applied identically to every jurisdiction. The anchor-year rule prevents reference years drifting between states; a single off-anchor vintage applied uniformly creates no cross-state incomparability. Disclosed uniform deviation, not mixed vintages. D.C. is COULDNT_CHECK for I4 in the full build: NASRA covers state retirement systems and D.C.'s is not one (zero mentions in the Contributions Brief)."
Montana,I4_RETIREMENT,7.9,percent_of_salary,2024 (anchor); source vintage Oct-Dec 2025 - see notes,NASRA+NASRA_PLANTYPE,https://www.nasra.org/contributionsbrief | https://www.nasra.org/plandesign,NASRAContribBrief.pdf | NASRA_Overview_Primary_Retirement_Benefit_Plan_Type.pdf,"NASRAContribBrief.pdf p.9, Appendix A row 'Montana PERS' (columns 'Employee Contribution Rate' and 'Social Security Coverage'); NASRA_Overview_Primary_Retirement_Benefit_Plan_Type.pdf p.2, 'Montana' entry",FOUND,"M1 independent re-extraction (both PDFs re-parsed, plan name and entry re-confirmed verbatim); M2 range validation 0-20 percent",VERIFIED,2026-08-04T19:25:13Z,"PLAN (R1)='Montana PERS'. SOCIAL SECURITY (refined R6, Decision 6)=COVERED (source column reads 'Yes'; rule outcome: plain Yes with no exception clause). DEFAULT PLAN TYPE (R5)=DB (source clause: 'DB except optional DC for state and local government workers hired since 2002'). EMPLOYEE CONTRIBUTION (R4)=7.9% = 7.90. R5: the source calls the DC 'optional' and reports about three percent of participants in it, so DB is the default under R5's optional clause. R4: '7.90%'; the prospective drop to 6.9% is contingent on the amortization period and is excluded under R4a. M1=VERIFIED; M2: Montana EE rate: 7.9 in [0, 20]. raw_unit 'percent_of_salary' is outside the spec's listed unit enum, which has no percent member; recorded as the source expresses it, not converted. ANCHOR-YEAR DEVIATION (approved, uniform): NASRA Contributions Brief is the November 2025 edition with rates in effect October 2025; NASRA plan-type overview updated December 2025. Applied identically to every jurisdiction. The anchor-year rule prevents reference years drifting between states; a single off-anchor vintage applied uniformly creates no cross-state incomparability. Disclosed uniform deviation, not mixed vintages. D.C. is COULDNT_CHECK for I4 in the full build: NASRA covers state retirement systems and D.C.'s is not one (zero mentions in the Contributions Brief)."
Nebraska,I4_RETIREMENT,4.8,percent_of_salary,2024 (anchor); source vintage Oct-Dec 2025 - see notes,NASRA+NASRA_PLANTYPE,https://www.nasra.org/contributionsbrief | https://www.nasra.org/plandesign,NASRAContribBrief.pdf | NASRA_Overview_Primary_Retirement_Benefit_Plan_Type.pdf,"NASRAContribBrief.pdf p.9, Appendix A row 'Nebraska State' (columns 'Employee Contribution Rate' and 'Social Security Coverage'); NASRA_Overview_Primary_Retirement_Benefit_Plan_Type.pdf p.2, 'Nebraska' entry",FOUND,"M1 independent re-extraction (both PDFs re-parsed, plan name and entry re-confirmed verbatim); M2 range validation 0-20 percent",VERIFIED,2026-08-04T19:25:13Z,"PLAN (R1)='Nebraska State'. SOCIAL SECURITY (refined R6, Decision 6)=COVERED (source column reads 'Yes'; rule outcome: plain Yes with no exception clause). DEFAULT PLAN TYPE (R5)=CB (source clause: 'CB for state and county workers'). EMPLOYEE CONTRIBUTION (R4)=4.8% = 4.8. R1: Nebraska County and Nebraska Schools excluded. CB scored 30 per Decision 5, applied blind. M1=VERIFIED; M2: Nebraska EE rate: 4.8 in [0, 20]. raw_unit 'percent_of_salary' is outside the spec's listed unit enum, which has no percent member; recorded as the source expresses it, not converted. ANCHOR-YEAR DEVIATION (approved, uniform): NASRA Contributions Brief is the November 2025 edition with rates in effect October 2025; NASRA plan-type overview updated December 2025. Applied identically to every jurisdiction. The anchor-year rule prevents reference years drifting between states; a single off-anchor vintage applied uniformly creates no cross-state incomparability. Disclosed uniform deviation, not mixed vintages. D.C. is COULDNT_CHECK for I4 in the full build: NASRA covers state retirement systems and D.C.'s is not one (zero mentions in the Contributions Brief)."
Nevada,I4_RETIREMENT,17.5,percent_of_salary,2024 (anchor); source vintage Oct-Dec 2025 - see notes,NASRA+NASRA_PLANTYPE,https://www.nasra.org/contributionsbrief | https://www.nasra.org/plandesign,NASRAContribBrief.pdf | NASRA_Overview_Primary_Retirement_Benefit_Plan_Type.pdf,"NASRAContribBrief.pdf p.9, Appendix A row 'Nevada Regular Employees' (columns 'Employee Contribution Rate' and 'Social Security Coverage'); NASRA_Overview_Primary_Retirement_Benefit_Plan_Type.pdf p.2, 'Nevada' entry",FOUND,"M1 independent re-extraction (both PDFs re-parsed, plan name and entry re-confirmed verbatim); M2 range validation 0-20 percent",VERIFIED,2026-08-04T19:25:13Z,"PLAN (R1)='Nevada Regular Employees'. SOCIAL SECURITY (refined R6, Decision 6)=NOT_COVERED (source column reads 'No'; rule outcome: plain No with no exception clause). DEFAULT PLAN TYPE (R5)=DB (source clause: 'DB'). EMPLOYEE CONTRIBUTION (R4)=17.5% = 17.50. R1: Nevada Police Officer and Firefighter excluded. 17.50% is high but inside the 0-20 band and is the published rate for a plan whose members are outside Social Security. M1=VERIFIED; M2: Nevada EE rate: 17.5 in [0, 20]. raw_unit 'percent_of_salary' is outside the spec's listed unit enum, which has no percent member; recorded as the source expresses it, not converted. ANCHOR-YEAR DEVIATION (approved, uniform): NASRA Contributions Brief is the November 2025 edition with rates in effect October 2025; NASRA plan-type overview updated December 2025. Applied identically to every jurisdiction. The anchor-year rule prevents reference years drifting between states; a single off-anchor vintage applied uniformly creates no cross-state incomparability. Disclosed uniform deviation, not mixed vintages. D.C. is COULDNT_CHECK for I4 in the full build: NASRA covers state retirement systems and D.C.'s is not one (zero mentions in the Contributions Brief)."
New Hampshire,I4_RETIREMENT,7.0,percent_of_salary,2024 (anchor); source vintage Oct-Dec 2025 - see notes,NASRA+NASRA_PLANTYPE,https://www.nasra.org/contributionsbrief | https://www.nasra.org/plandesign,NASRAContribBrief.pdf | NASRA_Overview_Primary_Retirement_Benefit_Plan_Type.pdf,"NASRAContribBrief.pdf p.9, Appendix A row 'New Hampshire Retirement System' (columns 'Employee Contribution Rate' and 'Social Security Coverage'); NASRA_Overview_Primary_Retirement_Benefit_Plan_Type.pdf p.2, 'New Hampshire' entry",FOUND,"M1 independent re-extraction (both PDFs re-parsed, plan name and entry re-confirmed verbatim); M2 range validation 0-20 percent",VERIFIED,2026-08-04T19:25:13Z,"PLAN (R1)='New Hampshire Retirement System'. SOCIAL SECURITY (refined R6, Decision 6)=COVERED (source column reads 'Yes, for general employees and teachers; No for public safety'; rule outcome: exception confined to R3-excluded class(es) ['public safety'], so it does not reduce coverage for the general-employee plan). DEFAULT PLAN TYPE (R5)=DB (source clause: 'DB'). EMPLOYEE CONTRIBUTION (R4)=7.0% = 7.0. Single statewide system. R4: '7.0% for general employees and teachers'. R6 applied literally; the exception falls on public safety, a class R3 excludes. M1=VERIFIED; M2: New Hampshire EE rate: 7.0 in [0, 20]. raw_unit 'percent_of_salary' is outside the spec's listed unit enum, which has no percent member; recorded as the source expresses it, not converted. ANCHOR-YEAR DEVIATION (approved, uniform): NASRA Contributions Brief is the November 2025 edition with rates in effect October 2025; NASRA plan-type overview updated December 2025. Applied identically to every jurisdiction. The anchor-year rule prevents reference years drifting between states; a single off-anchor vintage applied uniformly creates no cross-state incomparability. Disclosed uniform deviation, not mixed vintages. D.C. is COULDNT_CHECK for I4 in the full build: NASRA covers state retirement systems and D.C.'s is not one (zero mentions in the Contributions Brief)."
New Jersey,I4_RETIREMENT,7.5,percent_of_salary,2024 (anchor); source vintage Oct-Dec 2025 - see notes,NASRA+NASRA_PLANTYPE,https://www.nasra.org/contributionsbrief | https://www.nasra.org/plandesign,NASRAContribBrief.pdf | NASRA_Overview_Primary_Retirement_Benefit_Plan_Type.pdf,"NASRAContribBrief.pdf p.9, Appendix A row 'New Jersey PERS' (columns 'Employee Contribution Rate' and 'Social Security Coverage'); NASRA_Overview_Primary_Retirement_Benefit_Plan_Type.pdf p.2, 'New Jersey' entry",FOUND,"M1 independent re-extraction (both PDFs re-parsed, plan name and entry re-confirmed verbatim); M2 range validation 0-20 percent",VERIFIED,2026-08-04T19:25:13Z,"PLAN (R1)='New Jersey PERS'. SOCIAL SECURITY (refined R6, Decision 6)=COVERED (source column reads 'Yes'; rule outcome: plain Yes with no exception clause). DEFAULT PLAN TYPE (R5)=DB (source clause: 'DB'). EMPLOYEE CONTRIBUTION (R4)=7.5% = 7.50. R1: New Jersey Police & Fire and Teachers excluded. M1=VERIFIED; M2: New Jersey EE rate: 7.5 in [0, 20]. raw_unit 'percent_of_salary' is outside the spec's listed unit enum, which has no percent member; recorded as the source expresses it, not converted. ANCHOR-YEAR DEVIATION (approved, uniform): NASRA Contributions Brief is the November 2025 edition with rates in effect October 2025; NASRA plan-type overview updated December 2025. Applied identically to every jurisdiction. The anchor-year rule prevents reference years drifting between states; a single off-anchor vintage applied uniformly creates no cross-state incomparability. Disclosed uniform deviation, not mixed vintages. D.C. is COULDNT_CHECK for I4 in the full build: NASRA covers state retirement systems and D.C.'s is not one (zero mentions in the Contributions Brief)."
New Mexico,I4_RETIREMENT,10.92,percent_of_salary,2024 (anchor); source vintage Oct-Dec 2025 - see notes,NASRA+NASRA_PLANTYPE,https://www.nasra.org/contributionsbrief | https://www.nasra.org/plandesign,NASRAContribBrief.pdf | NASRA_Overview_Primary_Retirement_Benefit_Plan_Type.pdf,"NASRAContribBrief.pdf p.9, Appendix A row 'New Mexico PERA' (columns 'Employee Contribution Rate' and 'Social Security Coverage'); NASRA_Overview_Primary_Retirement_Benefit_Plan_Type.pdf p.2, 'New Mexico' entry",FOUND,"M1 independent re-extraction (both PDFs re-parsed, plan name and entry re-confirmed verbatim); M2 range validation 0-20 percent",VERIFIED,2026-08-04T19:25:13Z,"PLAN (R1)='New Mexico PERA'. SOCIAL SECURITY (refined R6, Decision 6)=COVERED (source column reads 'Yes'; rule outcome: plain Yes with no exception clause). DEFAULT PLAN TYPE (R5)=DB (source clause: 'DB'). EMPLOYEE CONTRIBUTION (R4)=10.92% = 10.92. R1: New Mexico Teachers excluded. R4b: '10.92% for state general members ... with a salary above $25,000'; those below $25,000 pay 3.0% less. The stated percentage for the general state class is recorded and the $25,000 salary threshold is noted, exactly as the Delaware $6,000 floor was handled. Municipal general members (15.07%) excluded under R1. M1=VERIFIED; M2: New Mexico EE rate: 10.92 in [0, 20]. raw_unit 'percent_of_salary' is outside the spec's listed unit enum, which has no percent member; recorded as the source expresses it, not converted. ANCHOR-YEAR DEVIATION (approved, uniform): NASRA Contributions Brief is the November 2025 edition with rates in effect October 2025; NASRA plan-type overview updated December 2025. Applied identically to every jurisdiction. The anchor-year rule prevents reference years drifting between states; a single off-anchor vintage applied uniformly creates no cross-state incomparability. Disclosed uniform deviation, not mixed vintages. D.C. is COULDNT_CHECK for I4 in the full build: NASRA covers state retirement systems and D.C.'s is not one (zero mentions in the Contributions Brief)."
New York,I4_RETIREMENT,,percent_of_salary,2024 (anchor); source vintage Oct-Dec 2025 - see notes,NASRA+NASRA_PLANTYPE,https://www.nasra.org/contributionsbrief | https://www.nasra.org/plandesign,NASRAContribBrief.pdf | NASRA_Overview_Primary_Retirement_Benefit_Plan_Type.pdf,"NASRAContribBrief.pdf p.10, Appendix A row 'New York State & Local ERS' (columns 'Employee Contribution Rate' and 'Social Security Coverage'); NASRA_Overview_Primary_Retirement_Benefit_Plan_Type.pdf p.2, 'New York' entry",COULDNT_CHECK,"M1 independent re-extraction (both PDFs re-parsed, plan name and entry re-confirmed verbatim); M2 range validation 0-20 percent",NOT_VERIFIED,2026-08-04T19:25:13Z,"PLAN (R1)='New York State & Local ERS'. SOCIAL SECURITY (refined R6, Decision 6)=COVERED (source column reads 'Yes'; rule outcome: plain Yes with no exception clause). DEFAULT PLAN TYPE (R5)=DB (source clause: 'DB'). EMPLOYEE CONTRIBUTION (R4)=UNRESOLVABLE. R4d UNRESOLVABLE: 'Those hired on or after 4/1/12 contribute 3.0% to 6.0% depending on salary' - the 2024 tier is given only as a salary-graded range with no single value and no stated threshold table, so unlike New Mexico there is no single figure to record under R4b. M1=VERIFIED; M2: rate unresolvable under R4d - not range-checked. raw_unit 'percent_of_salary' is outside the spec's listed unit enum, which has no percent member; recorded as the source expresses it, not converted. ANCHOR-YEAR DEVIATION (approved, uniform): NASRA Contributions Brief is the November 2025 edition with rates in effect October 2025; NASRA plan-type overview updated December 2025. Applied identically to every jurisdiction. The anchor-year rule prevents reference years drifting between states; a single off-anchor vintage applied uniformly creates no cross-state incomparability. Disclosed uniform deviation, not mixed vintages. D.C. is COULDNT_CHECK for I4 in the full build: NASRA covers state retirement systems and D.C.'s is not one (zero mentions in the Contributions Brief)."
North Carolina,I4_RETIREMENT,6.0,percent_of_salary,2024 (anchor); source vintage Oct-Dec 2025 - see notes,NASRA+NASRA_PLANTYPE,https://www.nasra.org/contributionsbrief | https://www.nasra.org/plandesign,NASRAContribBrief.pdf | NASRA_Overview_Primary_Retirement_Benefit_Plan_Type.pdf,"NASRAContribBrief.pdf p.9, Appendix A row 'North Carolina Teachers and State Employees' (columns 'Employee Contribution Rate' and 'Social Security Coverage'); NASRA_Overview_Primary_Retirement_Benefit_Plan_Type.pdf p.2, 'North Carolina' entry",FOUND,"M1 independent re-extraction (both PDFs re-parsed, plan name and entry re-confirmed verbatim); M2 range validation 0-20 percent",VERIFIED,2026-08-04T19:25:13Z,"PLAN (R1)='North Carolina Teachers and State Employees'. SOCIAL SECURITY (refined R6, Decision 6)=COVERED (source column reads 'Yes'; rule outcome: plain Yes with no exception clause). DEFAULT PLAN TYPE (R5)=DB (source clause: 'DB'). EMPLOYEE CONTRIBUTION (R4)=6.0% = 6.0. R1: North Carolina Local Government excluded. M1=VERIFIED; M2: North Carolina EE rate: 6.0 in [0, 20]. raw_unit 'percent_of_salary' is outside the spec's listed unit enum, which has no percent member; recorded as the source expresses it, not converted. ANCHOR-YEAR DEVIATION (approved, uniform): NASRA Contributions Brief is the November 2025 edition with rates in effect October 2025; NASRA plan-type overview updated December 2025. Applied identically to every jurisdiction. The anchor-year rule prevents reference years drifting between states; a single off-anchor vintage applied uniformly creates no cross-state incomparability. Disclosed uniform deviation, not mixed vintages. D.C. is COULDNT_CHECK for I4 in the full build: NASRA covers state retirement systems and D.C.'s is not one (zero mentions in the Contributions Brief)."
North Dakota,I4_RETIREMENT,7.0,percent_of_salary,2024 (anchor); source vintage Oct-Dec 2025 - see notes,NASRA+NASRA_PLANTYPE,https://www.nasra.org/contributionsbrief | https://www.nasra.org/plandesign,NASRAContribBrief.pdf | NASRA_Overview_Primary_Retirement_Benefit_Plan_Type.pdf,"NASRAContribBrief.pdf p.9, Appendix A row 'North Dakota PERS' (columns 'Employee Contribution Rate' and 'Social Security Coverage'); NASRA_Overview_Primary_Retirement_Benefit_Plan_Type.pdf p.2, 'North Dakota' entry",FOUND,"M1 independent re-extraction (both PDFs re-parsed, plan name and entry re-confirmed verbatim); M2 range validation 0-20 percent",VERIFIED,2026-08-04T19:25:13Z,"PLAN (R1)='North Dakota PERS'. SOCIAL SECURITY (refined R6, Decision 6)=COVERED (source column reads 'Yes'; rule outcome: plain Yes with no exception clause). DEFAULT PLAN TYPE (R5)=DB (source clause: 'DB for state employees hired before 1/1/25; state employees hired since 1/1/25 have a DC plan'). EMPLOYEE CONTRIBUTION (R4)=7.0% = 7.0. R2 is load-bearing here: the DC plan applies to hires from 1/1/25, AFTER the 2024 tier date, so a 2024 new hire is in the DB tier at 7.0%. Law enforcement (5.5%) excluded under R3. M1=VERIFIED; M2: North Dakota EE rate: 7.0 in [0, 20]. raw_unit 'percent_of_salary' is outside the spec's listed unit enum, which has no percent member; recorded as the source expresses it, not converted. ANCHOR-YEAR DEVIATION (approved, uniform): NASRA Contributions Brief is the November 2025 edition with rates in effect October 2025; NASRA plan-type overview updated December 2025. Applied identically to every jurisdiction. The anchor-year rule prevents reference years drifting between states; a single off-anchor vintage applied uniformly creates no cross-state incomparability. Disclosed uniform deviation, not mixed vintages. D.C. is COULDNT_CHECK for I4 in the full build: NASRA covers state retirement systems and D.C.'s is not one (zero mentions in the Contributions Brief)."
Ohio,I4_RETIREMENT,10.0,percent_of_salary,2024 (anchor); source vintage Oct-Dec 2025 - see notes,NASRA+NASRA_PLANTYPE,https://www.nasra.org/contributionsbrief | https://www.nasra.org/plandesign,NASRAContribBrief.pdf | NASRA_Overview_Primary_Retirement_Benefit_Plan_Type.pdf,"NASRAContribBrief.pdf p.10, Appendix A row 'Ohio PERS' (columns 'Employee Contribution Rate' and 'Social Security Coverage'); NASRA_Overview_Primary_Retirement_Benefit_Plan_Type.pdf p.2, 'Ohio' entry",FOUND,"M1 independent re-extraction (both PDFs re-parsed, plan name and entry re-confirmed verbatim); M2 range validation 0-20 percent",VERIFIED,2026-08-04T19:25:13Z,"PLAN (R1)='Ohio PERS'. SOCIAL SECURITY (refined R6, Decision 6)=NOT_COVERED (source column reads 'No'; rule outcome: plain No with no exception clause). DEFAULT PLAN TYPE (R5)=CHOICE (source clause: 'may choose between DB, DC, or a DB-DC hybrid; approximately 95 percent have elected the DB plan'). EMPLOYEE CONTRIBUTION (R4)=10.0% = 10.0. R5: the source says members 'may choose between' three plan types and names no default, so CHOICE. The 95% election share is a behavioural statistic, not a stated default, and is not used to override the rule. R4: '10% for general members ... Rates apply to all plan options', so the rate is unaffected by the choice. M1=VERIFIED; M2: Ohio EE rate: 10.0 in [0, 20]. raw_unit 'percent_of_salary' is outside the spec's listed unit enum, which has no percent member; recorded as the source expresses it, not converted. ANCHOR-YEAR DEVIATION (approved, uniform): NASRA Contributions Brief is the November 2025 edition with rates in effect October 2025; NASRA plan-type overview updated December 2025. Applied identically to every jurisdiction. The anchor-year rule prevents reference years drifting between states; a single off-anchor vintage applied uniformly creates no cross-state incomparability. Disclosed uniform deviation, not mixed vintages. D.C. is COULDNT_CHECK for I4 in the full build: NASRA covers state retirement systems and D.C.'s is not one (zero mentions in the Contributions Brief)."
Oklahoma,I4_RETIREMENT,4.5,percent_of_salary,2024 (anchor); source vintage Oct-Dec 2025 - see notes,NASRA+NASRA_PLANTYPE,https://www.nasra.org/contributionsbrief | https://www.nasra.org/plandesign,NASRAContribBrief.pdf | NASRA_Overview_Primary_Retirement_Benefit_Plan_Type.pdf,"NASRAContribBrief.pdf p.10, Appendix A row 'Oklahoma PERS' (columns 'Employee Contribution Rate' and 'Social Security Coverage'); NASRA_Overview_Primary_Retirement_Benefit_Plan_Type.pdf p.2, 'Oklahoma' entry",FOUND,"M1 independent re-extraction (both PDFs re-parsed, plan name and entry re-confirmed verbatim); M2 range validation 0-20 percent",VERIFIED,2026-08-04T19:25:13Z,"PLAN (R1)='Oklahoma PERS'. SOCIAL SECURITY (refined R6, Decision 6)=COVERED (source column reads 'Yes'; rule outcome: plain Yes with no exception clause). DEFAULT PLAN TYPE (R5)=DC (source clause: 'DB, except new state hires as of 11/1/15 have only a DC'). EMPLOYEE CONTRIBUTION (R4)=4.5% = 4.5. R2: 2024 state hire is DC-only. R4: 'required to contribute a minimum of 4.5% and may contribute more' - the required minimum is the default for a member taking no action. County and local rates (3.5%-8.5%) excluded under R1, hazardous duty (8.0%) under R3. M1=VERIFIED; M2: Oklahoma EE rate: 4.5 in [0, 20]. raw_unit 'percent_of_salary' is outside the spec's listed unit enum, which has no percent member; recorded as the source expresses it, not converted. ANCHOR-YEAR DEVIATION (approved, uniform): NASRA Contributions Brief is the November 2025 edition with rates in effect October 2025; NASRA plan-type overview updated December 2025. Applied identically to every jurisdiction. The anchor-year rule prevents reference years drifting between states; a single off-anchor vintage applied uniformly creates no cross-state incomparability. Disclosed uniform deviation, not mixed vintages. D.C. is COULDNT_CHECK for I4 in the full build: NASRA covers state retirement systems and D.C.'s is not one (zero mentions in the Contributions Brief)."
Oregon,I4_RETIREMENT,5.25,percent_of_salary,2024 (anchor); source vintage Oct-Dec 2025 - see notes,NASRA+NASRA_PLANTYPE,https://www.nasra.org/contributionsbrief | https://www.nasra.org/plandesign,NASRAContribBrief.pdf | NASRA_Overview_Primary_Retirement_Benefit_Plan_Type.pdf,"NASRAContribBrief.pdf p.10, Appendix A row 'Oregon PERS' (columns 'Employee Contribution Rate' and 'Social Security Coverage'); NASRA_Overview_Primary_Retirement_Benefit_Plan_Type.pdf p.2, 'Oregon' entry",FOUND,"M1 independent re-extraction (both PDFs re-parsed, plan name and entry re-confirmed verbatim); M2 range validation 0-20 percent",VERIFIED,2026-08-04T19:25:13Z,"PLAN (R1)='Oregon PERS'. SOCIAL SECURITY (refined R6, Decision 6)=PARTIAL (source column reads 'Yes (with a few exceptions as elected by the employer)'; rule outcome: exception clause names no R3-excluded class, so it may reach general employees: 'with a few exceptions as elected by the employer)'). DEFAULT PLAN TYPE (R5)=HYBRID (source clause: 'DB-DC hybrid'). EMPLOYEE CONTRIBUTION (R4)=5.25% = 5.25. R4a: the 5.25% DC contribution is unconditional. The 0.75% DB contribution is EXCLUDED as contingent - the source states it applies only 'when the DB plan is less than 90% funded', and the funded status is not given; the salary threshold ('at least $3,333 monthly in 2022, indexed for inflation') is also not printed for 2024. Same treatment as Connecticut's risk-sharing band and Colorado's +/-0.5%. FLAGGED: this understates Oregon relative to a reading that includes the 0.75%. M1=VERIFIED; M2: Oregon EE rate: 5.25 in [0, 20]. raw_unit 'percent_of_salary' is outside the spec's listed unit enum, which has no percent member; recorded as the source expresses it, not converted. ANCHOR-YEAR DEVIATION (approved, uniform): NASRA Contributions Brief is the November 2025 edition with rates in effect October 2025; NASRA plan-type overview updated December 2025. Applied identically to every jurisdiction. The anchor-year rule prevents reference years drifting between states; a single off-anchor vintage applied uniformly creates no cross-state incomparability. Disclosed uniform deviation, not mixed vintages. D.C. is COULDNT_CHECK for I4 in the full build: NASRA covers state retirement systems and D.C.'s is not one (zero mentions in the Contributions Brief)."
Pennsylvania,I4_RETIREMENT,8.25,percent_of_salary,2024 (anchor); source vintage Oct-Dec 2025 - see notes,NASRA+NASRA_PLANTYPE,https://www.nasra.org/contributionsbrief | https://www.nasra.org/plandesign,NASRAContribBrief.pdf | NASRA_Overview_Primary_Retirement_Benefit_Plan_Type.pdf,"NASRAContribBrief.pdf p.10, Appendix A row 'Pennsylvania State ERS' (columns 'Employee Contribution Rate' and 'Social Security Coverage'); NASRA_Overview_Primary_Retirement_Benefit_Plan_Type.pdf p.2, 'Pennsylvania' entry",FOUND,"M1 independent re-extraction (both PDFs re-parsed, plan name and entry re-confirmed verbatim); M2 range validation 0-20 percent",VERIFIED,2026-08-04T19:25:13Z,"PLAN (R1)='Pennsylvania State ERS'. SOCIAL SECURITY (refined R6, Decision 6)=COVERED (source column reads 'Yes (except state police officers)'; rule outcome: exception confined to R3-excluded class(es) ['police'], so it does not reduce coverage for the general-employee plan). DEFAULT PLAN TYPE (R5)=CHOICE (source clause: 'state workers hired beginning 1/1/19 choose between a DB-DC hybrid plan and a DC plan'). EMPLOYEE CONTRIBUTION (R4)=8.25% = 5.0 + 3.25. R5: NASRA_PLANTYPE says 'choose between' with no default named, so CHOICE. R4a: the Contributions Brief does name 'a default hybrid plan with employee contributions of 5.0% to the DB plan and 3.25% to the DC plan', which gives the default rate for a 2024 hire taking no action. The shared-risk/shared-gain band of up to +/-3.0% is excluded as contingent. NOTE the two documents differ in whether a default exists; R5 governs plan type and R4a governs the rate, so each fact follows its designated authority. M1=VERIFIED; M2: Pennsylvania EE rate: 8.25 in [0, 20]. raw_unit 'percent_of_salary' is outside the spec's listed unit enum, which has no percent member; recorded as the source expresses it, not converted. ANCHOR-YEAR DEVIATION (approved, uniform): NASRA Contributions Brief is the November 2025 edition with rates in effect October 2025; NASRA plan-type overview updated December 2025. Applied identically to every jurisdiction. The anchor-year rule prevents reference years drifting between states; a single off-anchor vintage applied uniformly creates no cross-state incomparability. Disclosed uniform deviation, not mixed vintages. D.C. is COULDNT_CHECK for I4 in the full build: NASRA covers state retirement systems and D.C.'s is not one (zero mentions in the Contributions Brief)."
Rhode Island,I4_RETIREMENT,8.75,percent_of_salary,2024 (anchor); source vintage Oct-Dec 2025 - see notes,NASRA+NASRA_PLANTYPE,https://www.nasra.org/contributionsbrief | https://www.nasra.org/plandesign,NASRAContribBrief.pdf | NASRA_Overview_Primary_Retirement_Benefit_Plan_Type.pdf,"NASRAContribBrief.pdf p.10, Appendix A row 'Rhode Island ERS' (columns 'Employee Contribution Rate' and 'Social Security Coverage'); NASRA_Overview_Primary_Retirement_Benefit_Plan_Type.pdf p.2, 'Rhode Island' entry",FOUND,"M1 independent re-extraction (both PDFs re-parsed, plan name and entry re-confirmed verbatim); M2 range validation 0-20 percent",VERIFIED,2026-08-04T19:25:13Z,"PLAN (R1)='Rhode Island ERS'. SOCIAL SECURITY (refined R6, Decision 6)=COVERED (source column reads 'Yes, but no for many teachers'; rule outcome: exception confined to R3-excluded class(es) ['teacher'], so it does not reduce coverage for the general-employee plan). DEFAULT PLAN TYPE (R5)=HYBRID (source clause: 'DB-DC hybrid'). EMPLOYEE CONTRIBUTION (R4)=8.75% = 3.75 + 5.0. R1: Rhode Island Municipal excluded. R4a: 'State employees and teachers contribute 3.75% to the DB plan plus 5% to the DC plan', both mandatory. The 11% figure applies to members with 20+ years of service as of 6/30/12 and is not a 2024-hire tier. R6 applied literally; the exception falls on teachers, a class R3 excludes. M1=VERIFIED; M2: Rhode Island EE rate: 8.75 in [0, 20]. raw_unit 'percent_of_salary' is outside the spec's listed unit enum, which has no percent member; recorded as the source expresses it, not converted. ANCHOR-YEAR DEVIATION (approved, uniform): NASRA Contributions Brief is the November 2025 edition with rates in effect October 2025; NASRA plan-type overview updated December 2025. Applied identically to every jurisdiction. The anchor-year rule prevents reference years drifting between states; a single off-anchor vintage applied uniformly creates no cross-state incomparability. Disclosed uniform deviation, not mixed vintages. D.C. is COULDNT_CHECK for I4 in the full build: NASRA covers state retirement systems and D.C.'s is not one (zero mentions in the Contributions Brief)."
South Carolina,I4_RETIREMENT,9.0,percent_of_salary,2024 (anchor); source vintage Oct-Dec 2025 - see notes,NASRA+NASRA_PLANTYPE,https://www.nasra.org/contributionsbrief | https://www.nasra.org/plandesign,NASRAContribBrief.pdf | NASRA_Overview_Primary_Retirement_Benefit_Plan_Type.pdf,"NASRAContribBrief.pdf p.11, Appendix A row 'South Carolina RS' (columns 'Employee Contribution Rate' and 'Social Security Coverage'); NASRA_Overview_Primary_Retirement_Benefit_Plan_Type.pdf p.2, 'South Carolina' entry",FOUND,"M1 independent re-extraction (both PDFs re-parsed, plan name and entry re-confirmed verbatim); M2 range validation 0-20 percent",VERIFIED,2026-08-04T19:25:13Z,"PLAN (R1)='South Carolina RS'. SOCIAL SECURITY (refined R6, Decision 6)=COVERED (source column reads 'Yes'; rule outcome: plain Yes with no exception clause). DEFAULT PLAN TYPE (R5)=DB (source clause: 'DB; state and school workers may choose between a DB and DC plan; roughly 80 percent have elected the DB plan'). EMPLOYEE CONTRIBUTION (R4)=9.0% = 9.0. R1: South Carolina Police excluded. R5: DB is the stated primary type with the DC offered as a choice, so DB under R5's primary-type clause. M1=VERIFIED; M2: South Carolina EE rate: 9.0 in [0, 20]. raw_unit 'percent_of_salary' is outside the spec's listed unit enum, which has no percent member; recorded as the source expresses it, not converted. ANCHOR-YEAR DEVIATION (approved, uniform): NASRA Contributions Brief is the November 2025 edition with rates in effect October 2025; NASRA plan-type overview updated December 2025. Applied identically to every jurisdiction. The anchor-year rule prevents reference years drifting between states; a single off-anchor vintage applied uniformly creates no cross-state incomparability. Disclosed uniform deviation, not mixed vintages. D.C. is COULDNT_CHECK for I4 in the full build: NASRA covers state retirement systems and D.C.'s is not one (zero mentions in the Contributions Brief)."
South Dakota,I4_RETIREMENT,6.0,percent_of_salary,2024 (anchor); source vintage Oct-Dec 2025 - see notes,NASRA+NASRA_PLANTYPE,https://www.nasra.org/contributionsbrief | https://www.nasra.org/plandesign,NASRAContribBrief.pdf | NASRA_Overview_Primary_Retirement_Benefit_Plan_Type.pdf,"NASRAContribBrief.pdf p.11, Appendix A row 'South Dakota PERS' (columns 'Employee Contribution Rate' and 'Social Security Coverage'); NASRA_Overview_Primary_Retirement_Benefit_Plan_Type.pdf p.2, 'South Dakota' entry",FOUND,"M1 independent re-extraction (both PDFs re-parsed, plan name and entry re-confirmed verbatim); M2 range validation 0-20 percent",VERIFIED,2026-08-04T19:25:13Z,"PLAN (R1)='South Dakota PERS'. SOCIAL SECURITY (refined R6, Decision 6)=COVERED (source column reads 'Yes'; rule outcome: plain Yes with no exception clause). DEFAULT PLAN TYPE (R5)=DB (source clause: 'DB'). EMPLOYEE CONTRIBUTION (R4)=6.0% = 6.0. Public safety (8.0%) and judicial (9%) excluded under R3. M1=VERIFIED; M2: South Dakota EE rate: 6.0 in [0, 20]. raw_unit 'percent_of_salary' is outside the spec's listed unit enum, which has no percent member; recorded as the source expresses it, not converted. ANCHOR-YEAR DEVIATION (approved, uniform): NASRA Contributions Brief is the November 2025 edition with rates in effect October 2025; NASRA plan-type overview updated December 2025. Applied identically to every jurisdiction. The anchor-year rule prevents reference years drifting between states; a single off-anchor vintage applied uniformly creates no cross-state incomparability. Disclosed uniform deviation, not mixed vintages. D.C. is COULDNT_CHECK for I4 in the full build: NASRA covers state retirement systems and D.C.'s is not one (zero mentions in the Contributions Brief)."
Tennessee,I4_RETIREMENT,7.0,percent_of_salary,2024 (anchor); source vintage Oct-Dec 2025 - see notes,NASRA+NASRA_PLANTYPE,https://www.nasra.org/contributionsbrief | https://www.nasra.org/plandesign,NASRAContribBrief.pdf | NASRA_Overview_Primary_Retirement_Benefit_Plan_Type.pdf,"NASRAContribBrief.pdf p.11, Appendix A row 'Tennessee State and Teachers' (columns 'Employee Contribution Rate' and 'Social Security Coverage'); NASRA_Overview_Primary_Retirement_Benefit_Plan_Type.pdf p.2, 'Tennessee' entry",FOUND,"M1 independent re-extraction (both PDFs re-parsed, plan name and entry re-confirmed verbatim); M2 range validation 0-20 percent",VERIFIED,2026-08-04T19:25:13Z,"PLAN (R1)='Tennessee State and Teachers'. SOCIAL SECURITY (refined R6, Decision 6)=COVERED (source column reads 'Yes'; rule outcome: plain Yes with no exception clause). DEFAULT PLAN TYPE (R5)=HYBRID (source clause: 'DB-DC hybrid for teachers and state employees hired since 7/1/14'). EMPLOYEE CONTRIBUTION (R4)=7.0% = 5.0 + 2.0. R1: Tennessee Political Subdivisions excluded as local. R2: 2024 hire is in the post-7/1/14 hybrid, so the 'non-contributory for most state employees' clause describes the older closed tier and does not apply. R4a: 'mandatory contribution rates of 5% to the DB plan and 2% to the DC plan'; the DC portion is opt-out-able, so 7.0% is the default rate, handled exactly as Georgia's opt-out-able DC component was. M1=VERIFIED; M2: Tennessee EE rate: 7.0 in [0, 20]. raw_unit 'percent_of_salary' is outside the spec's listed unit enum, which has no percent member; recorded as the source expresses it, not converted. ANCHOR-YEAR DEVIATION (approved, uniform): NASRA Contributions Brief is the November 2025 edition with rates in effect October 2025; NASRA plan-type overview updated December 2025. Applied identically to every jurisdiction. The anchor-year rule prevents reference years drifting between states; a single off-anchor vintage applied uniformly creates no cross-state incomparability. Disclosed uniform deviation, not mixed vintages. D.C. is COULDNT_CHECK for I4 in the full build: NASRA covers state retirement systems and D.C.'s is not one (zero mentions in the Contributions Brief)."
Texas,I4_RETIREMENT,6.0,percent_of_salary,2024 (anchor); source vintage Oct-Dec 2025 - see notes,NASRA+NASRA_PLANTYPE,https://www.nasra.org/contributionsbrief | https://www.nasra.org/plandesign,NASRAContribBrief.pdf | NASRA_Overview_Primary_Retirement_Benefit_Plan_Type.pdf,"NASRAContribBrief.pdf p.11, Appendix A row 'Texas ERS' (columns 'Employee Contribution Rate' and 'Social Security Coverage'); NASRA_Overview_Primary_Retirement_Benefit_Plan_Type.pdf p.2, 'Texas' entry",FOUND,"M1 independent re-extraction (both PDFs re-parsed, plan name and entry re-confirmed verbatim); M2 range validation 0-20 percent",VERIFIED,2026-08-04T19:25:13Z,"PLAN (R1)='Texas ERS'. SOCIAL SECURITY (refined R6, Decision 6)=COVERED (source column reads 'Yes'; rule outcome: plain Yes with no exception clause). DEFAULT PLAN TYPE (R5)=CB (source clause: 'CB for state employees hired after 8/31/22'). EMPLOYEE CONTRIBUTION (R4)=6.0% = 6.0. R1: Texas County & District, Municipal, Teachers and LECOS excluded. R2: 2024 hire is in the post-9/1/22 cash balance tier, 'required employee contributions of 6.0%'. CB scored 30 per Decision 5, applied blind. M1=VERIFIED; M2: Texas EE rate: 6.0 in [0, 20]. raw_unit 'percent_of_salary' is outside the spec's listed unit enum, which has no percent member; recorded as the source expresses it, not converted. ANCHOR-YEAR DEVIATION (approved, uniform): NASRA Contributions Brief is the November 2025 edition with rates in effect October 2025; NASRA plan-type overview updated December 2025. Applied identically to every jurisdiction. The anchor-year rule prevents reference years drifting between states; a single off-anchor vintage applied uniformly creates no cross-state incomparability. Disclosed uniform deviation, not mixed vintages. D.C. is COULDNT_CHECK for I4 in the full build: NASRA covers state retirement systems and D.C.'s is not one (zero mentions in the Contributions Brief)."
Utah,I4_RETIREMENT,,percent_of_salary,2024 (anchor); source vintage Oct-Dec 2025 - see notes,NASRA+NASRA_PLANTYPE,https://www.nasra.org/contributionsbrief | https://www.nasra.org/plandesign,NASRAContribBrief.pdf | NASRA_Overview_Primary_Retirement_Benefit_Plan_Type.pdf,"NASRAContribBrief.pdf p.11, Appendix A row 'Utah Noncontributory' (columns 'Employee Contribution Rate' and 'Social Security Coverage'); NASRA_Overview_Primary_Retirement_Benefit_Plan_Type.pdf p.2, 'Utah' entry",COULDNT_CHECK,"M1 independent re-extraction (both PDFs re-parsed, plan name and entry re-confirmed verbatim); M2 range validation 0-20 percent",NOT_VERIFIED,2026-08-04T19:25:13Z,"PLAN (R1)='Utah Noncontributory'. SOCIAL SECURITY (refined R6, Decision 6)=COVERED (source column reads 'Yes'; rule outcome: plain Yes with no exception clause). DEFAULT PLAN TYPE (R5)=CHOICE (source clause: 'those hired since 7/1/11 may choose between a DB-DC hybrid and a DC plan'). EMPLOYEE CONTRIBUTION (R4)=UNRESOLVABLE. R4d UNRESOLVABLE: the rate depends on plan selection with no default named, the hybrid contribution is itself conditional ('required when the costs of the DB portion exceed 10%'), the DC contributions are optional, and the only printed figure (0.81% for general employees) is labelled 'In 2025'. No single 2024-hire default rate exists in the source. M1=VERIFIED; M2: rate unresolvable under R4d - not range-checked. raw_unit 'percent_of_salary' is outside the spec's listed unit enum, which has no percent member; recorded as the source expresses it, not converted. ANCHOR-YEAR DEVIATION (approved, uniform): NASRA Contributions Brief is the November 2025 edition with rates in effect October 2025; NASRA plan-type overview updated December 2025. Applied identically to every jurisdiction. The anchor-year rule prevents reference years drifting between states; a single off-anchor vintage applied uniformly creates no cross-state incomparability. Disclosed uniform deviation, not mixed vintages. D.C. is COULDNT_CHECK for I4 in the full build: NASRA covers state retirement systems and D.C.'s is not one (zero mentions in the Contributions Brief)."
Vermont,I4_RETIREMENT,,percent_of_salary,2024 (anchor); source vintage Oct-Dec 2025 - see notes,NASRA+NASRA_PLANTYPE,https://www.nasra.org/contributionsbrief | https://www.nasra.org/plandesign,NASRAContribBrief.pdf | NASRA_Overview_Primary_Retirement_Benefit_Plan_Type.pdf,"NASRAContribBrief.pdf p.11, Appendix A row 'Vermont State Employees and Teachers' (columns 'Employee Contribution Rate' and 'Social Security Coverage'); NASRA_Overview_Primary_Retirement_Benefit_Plan_Type.pdf p.2, 'Vermont' entry",COULDNT_CHECK,"M1 independent re-extraction (both PDFs re-parsed, plan name and entry re-confirmed verbatim); M2 range validation 0-20 percent",NOT_VERIFIED,2026-08-04T19:25:13Z,"PLAN (R1)='Vermont State Employees and Teachers'. SOCIAL SECURITY (refined R6, Decision 6)=COVERED (source column reads 'Yes'; rule outcome: plain Yes with no exception clause). DEFAULT PLAN TYPE (R5)=DB (source clause: 'DB'). EMPLOYEE CONTRIBUTION (R4)=UNRESOLVABLE. R4d UNRESOLVABLE: 'contribution rates for most state employees are increasing gradually, from 7.15% in FY 23 to 9.15% in FY 27' - an escalation schedule whose FY24/FY25 value is not printed. Same failure mode as Arkansas; computing the intermediate step would be derivation. M1=VERIFIED; M2: rate unresolvable under R4d - not range-checked. raw_unit 'percent_of_salary' is outside the spec's listed unit enum, which has no percent member; recorded as the source expresses it, not converted. ANCHOR-YEAR DEVIATION (approved, uniform): NASRA Contributions Brief is the November 2025 edition with rates in effect October 2025; NASRA plan-type overview updated December 2025. Applied identically to every jurisdiction. The anchor-year rule prevents reference years drifting between states; a single off-anchor vintage applied uniformly creates no cross-state incomparability. Disclosed uniform deviation, not mixed vintages. D.C. is COULDNT_CHECK for I4 in the full build: NASRA covers state retirement systems and D.C.'s is not one (zero mentions in the Contributions Brief)."
Virginia,I4_RETIREMENT,5.0,percent_of_salary,2024 (anchor); source vintage Oct-Dec 2025 - see notes,NASRA+NASRA_PLANTYPE,https://www.nasra.org/contributionsbrief | https://www.nasra.org/plandesign,NASRAContribBrief.pdf | NASRA_Overview_Primary_Retirement_Benefit_Plan_Type.pdf,"NASRAContribBrief.pdf p.11, Appendix A row 'Virginia Retirement System' (columns 'Employee Contribution Rate' and 'Social Security Coverage'); NASRA_Overview_Primary_Retirement_Benefit_Plan_Type.pdf p.2, 'Virginia' entry",FOUND,"M1 independent re-extraction (both PDFs re-parsed, plan name and entry re-confirmed verbatim); M2 range validation 0-20 percent",VERIFIED,2026-08-04T19:25:13Z,"PLAN (R1)='Virginia Retirement System'. SOCIAL SECURITY (refined R6, Decision 6)=COVERED (source column reads 'Yes'; rule outcome: plain Yes with no exception clause). DEFAULT PLAN TYPE (R5)=HYBRID (source clause: 'those hired since 1/1/14 participate in a DB-DC hybrid'). EMPLOYEE CONTRIBUTION (R4)=5.0% = 4.0 + 1.0. R1: Richmond Retirement System excluded as local. R4a: 'employees in non-hazardous duty positions hired since 1/1/14 participate in a hybrid plan with mandatory contributions of 4% to the DB plan and 1% to the DC plan'. M1=VERIFIED; M2: Virginia EE rate: 5.0 in [0, 20]. raw_unit 'percent_of_salary' is outside the spec's listed unit enum, which has no percent member; recorded as the source expresses it, not converted. ANCHOR-YEAR DEVIATION (approved, uniform): NASRA Contributions Brief is the November 2025 edition with rates in effect October 2025; NASRA plan-type overview updated December 2025. Applied identically to every jurisdiction. The anchor-year rule prevents reference years drifting between states; a single off-anchor vintage applied uniformly creates no cross-state incomparability. Disclosed uniform deviation, not mixed vintages. D.C. is COULDNT_CHECK for I4 in the full build: NASRA covers state retirement systems and D.C.'s is not one (zero mentions in the Contributions Brief)."
Washington,I4_RETIREMENT,,percent_of_salary,2024 (anchor); source vintage Oct-Dec 2025 - see notes,NASRA+NASRA_PLANTYPE,https://www.nasra.org/contributionsbrief | https://www.nasra.org/plandesign,NASRAContribBrief.pdf | NASRA_Overview_Primary_Retirement_Benefit_Plan_Type.pdf,"NASRAContribBrief.pdf p.11, Appendix A row 'Washington PERS 2/3' (columns 'Employee Contribution Rate' and 'Social Security Coverage'); NASRA_Overview_Primary_Retirement_Benefit_Plan_Type.pdf p.2, 'Washington' entry",COULDNT_CHECK,"M1 independent re-extraction (both PDFs re-parsed, plan name and entry re-confirmed verbatim); M2 range validation 0-20 percent",NOT_VERIFIED,2026-08-04T19:25:13Z,"PLAN (R1)='Washington PERS 2/3'. SOCIAL SECURITY (refined R6, Decision 6)=COVERED (source column reads 'Yes'; rule outcome: plain Yes with no exception clause). DEFAULT PLAN TYPE (R5)=CHOICE (source clause: 'Most participants may choose a DB or a DB-DC hybrid; roughly two-thirds have elected the DB plan'). EMPLOYEE CONTRIBUTION (R4)=UNRESOLVABLE. R1: LEOFF, School Employees, Teachers and Public Safety Employees excluded; PERS 1 is a closed tier and PERS 2/3 is the 2024-hire system. R4d UNRESOLVABLE: the rate depends on which plan the member selects - Plan 2 is 5.38% but Plan 3 members 'contribute only to their defined contribution plan at between 5% and 15%' - and unlike Pennsylvania neither document names a default. Resolved the same way as Utah. M1=VERIFIED; M2: rate unresolvable under R4d - not range-checked. raw_unit 'percent_of_salary' is outside the spec's listed unit enum, which has no percent member; recorded as the source expresses it, not converted. ANCHOR-YEAR DEVIATION (approved, uniform): NASRA Contributions Brief is the November 2025 edition with rates in effect October 2025; NASRA plan-type overview updated December 2025. Applied identically to every jurisdiction. The anchor-year rule prevents reference years drifting between states; a single off-anchor vintage applied uniformly creates no cross-state incomparability. Disclosed uniform deviation, not mixed vintages. D.C. is COULDNT_CHECK for I4 in the full build: NASRA covers state retirement systems and D.C.'s is not one (zero mentions in the Contributions Brief)."
West Virginia,I4_RETIREMENT,6.0,percent_of_salary,2024 (anchor); source vintage Oct-Dec 2025 - see notes,NASRA+NASRA_PLANTYPE,https://www.nasra.org/contributionsbrief | https://www.nasra.org/plandesign,NASRAContribBrief.pdf | NASRA_Overview_Primary_Retirement_Benefit_Plan_Type.pdf,"NASRAContribBrief.pdf p.12, Appendix A row 'West Virginia PERS' (columns 'Employee Contribution Rate' and 'Social Security Coverage'); NASRA_Overview_Primary_Retirement_Benefit_Plan_Type.pdf p.2, 'West Virginia' entry",FOUND,"M1 independent re-extraction (both PDFs re-parsed, plan name and entry re-confirmed verbatim); M2 range validation 0-20 percent",VERIFIED,2026-08-04T19:25:13Z,"PLAN (R1)='West Virginia PERS'. SOCIAL SECURITY (refined R6, Decision 6)=COVERED (source column reads 'Yes'; rule outcome: plain Yes with no exception clause). DEFAULT PLAN TYPE (R5)=DB (source clause: 'DB'). EMPLOYEE CONTRIBUTION (R4)=6.0% = 6.0. R1: West Virginia Teachers excluded. R2: '6.0% for those hired on or after 7/1/15'. M1=VERIFIED; M2: West Virginia EE rate: 6.0 in [0, 20]. raw_unit 'percent_of_salary' is outside the spec's listed unit enum, which has no percent member; recorded as the source expresses it, not converted. ANCHOR-YEAR DEVIATION (approved, uniform): NASRA Contributions Brief is the November 2025 edition with rates in effect October 2025; NASRA plan-type overview updated December 2025. Applied identically to every jurisdiction. The anchor-year rule prevents reference years drifting between states; a single off-anchor vintage applied uniformly creates no cross-state incomparability. Disclosed uniform deviation, not mixed vintages. D.C. is COULDNT_CHECK for I4 in the full build: NASRA covers state retirement systems and D.C.'s is not one (zero mentions in the Contributions Brief)."
Wisconsin,I4_RETIREMENT,6.95,percent_of_salary,2024 (anchor); source vintage Oct-Dec 2025 - see notes,NASRA+NASRA_PLANTYPE,https://www.nasra.org/contributionsbrief | https://www.nasra.org/plandesign,NASRAContribBrief.pdf | NASRA_Overview_Primary_Retirement_Benefit_Plan_Type.pdf,"NASRAContribBrief.pdf p.12, Appendix A row 'Wisconsin Retirement System' (columns 'Employee Contribution Rate' and 'Social Security Coverage'); NASRA_Overview_Primary_Retirement_Benefit_Plan_Type.pdf p.2, 'Wisconsin' entry",FOUND,"M1 independent re-extraction (both PDFs re-parsed, plan name and entry re-confirmed verbatim); M2 range validation 0-20 percent",VERIFIED,2026-08-04T19:25:13Z,"PLAN (R1)='Wisconsin Retirement System'. SOCIAL SECURITY (refined R6, Decision 6)=COVERED (source column reads 'Yes'; rule outcome: plain Yes with no exception clause). DEFAULT PLAN TYPE (R5)=DB (source clause: 'DB'). EMPLOYEE CONTRIBUTION (R4)=6.95% = 6.95. Single statewide system covering general employees, teachers and public safety at one rate. R4: '6.95% in 2025, rising to 7.20% in 2026' - 6.95% is the rate in effect at the source's October 2025 vintage, which is the vintage Decision 2 adopts uniformly, so it is a stated current rate rather than an escalation step. M1=VERIFIED; M2: Wisconsin EE rate: 6.95 in [0, 20]. raw_unit 'percent_of_salary' is outside the spec's listed unit enum, which has no percent member; recorded as the source expresses it, not converted. ANCHOR-YEAR DEVIATION (approved, uniform): NASRA Contributions Brief is the November 2025 edition with rates in effect October 2025; NASRA plan-type overview updated December 2025. Applied identically to every jurisdiction. The anchor-year rule prevents reference years drifting between states; a single off-anchor vintage applied uniformly creates no cross-state incomparability. Disclosed uniform deviation, not mixed vintages. D.C. is COULDNT_CHECK for I4 in the full build: NASRA covers state retirement systems and D.C.'s is not one (zero mentions in the Contributions Brief)."
Wyoming,I4_RETIREMENT,9.25,percent_of_salary,2024 (anchor); source vintage Oct-Dec 2025 - see notes,NASRA+NASRA_PLANTYPE,https://www.nasra.org/contributionsbrief | https://www.nasra.org/plandesign,NASRAContribBrief.pdf | NASRA_Overview_Primary_Retirement_Benefit_Plan_Type.pdf,"NASRAContribBrief.pdf p.12, Appendix A row 'Wyoming Public Employees' (columns 'Employee Contribution Rate' and 'Social Security Coverage'); NASRA_Overview_Primary_Retirement_Benefit_Plan_Type.pdf p.2, 'Wyoming' entry",FOUND,"M1 independent re-extraction (both PDFs re-parsed, plan name and entry re-confirmed verbatim); M2 range validation 0-20 percent",VERIFIED,2026-08-04T19:25:13Z,"PLAN (R1)='Wyoming Public Employees'. SOCIAL SECURITY (refined R6, Decision 6)=COVERED (source column reads 'Yes'; rule outcome: plain Yes with no exception clause). DEFAULT PLAN TYPE (R5)=DB (source clause: 'DB'). EMPLOYEE CONTRIBUTION (R4)=9.25% = 9.25. Law enforcement (9.50%) excluded under R3. M1=VERIFIED; M2: Wyoming EE rate: 9.25 in [0, 20]. raw_unit 'percent_of_salary' is outside the spec's listed unit enum, which has no percent member; recorded as the source expresses it, not converted. ANCHOR-YEAR DEVIATION (approved, uniform): NASRA Contributions Brief is the November 2025 edition with rates in effect October 2025; NASRA plan-type overview updated December 2025. Applied identically to every jurisdiction. The anchor-year rule prevents reference years drifting between states; a single off-anchor vintage applied uniformly creates no cross-state incomparability. Disclosed uniform deviation, not mixed vintages. D.C. is COULDNT_CHECK for I4 in the full build: NASRA covers state retirement systems and D.C.'s is not one (zero mentions in the Contributions Brief)."
Alabama,I5_REAL_TRAJECTORY,2019=1064;2024=1325,USD_weekly,2019 and 2024,QCEW24+QCEW19,https://www.bls.gov/cew/downloadable-data-files.htm | https://www.bls.gov/cpi/,2024_annual_by_area.zip | 2019_annual_by_area.zip | cu.data.1.AllItems,"2024: 2024.annual.by_area/2024.annual 01000 Alabama -- Statewide.csv :: CSV data row 254, column 'annual_avg_wkly_wage'; 2019: 2019.annual.by_area/2019.annual 01000 Alabama -- Statewide.csv :: CSV data row 245, column 'annual_avg_wkly_wage' (both area_fips=01000, own_code=2, industry_code=10, agglvl_code=51); CPI: cu.data.1.AllItems line 3821 (2019) and line 3886 (2024), series_id=CUUR0000SA0, period=M13, column 'value'",FOUND,M1 independent re-extraction (both archives re-opened and re-parsed); M2 range validation 600-3000 on both years,VERIFIED,2026-08-04T19:25:25Z,"own_title='State Government' (own_code 2 = State Government). 2019 annual_avg_emplvl=98096, 2024=105485. disclosure_code 2019='' 2024='' (blank = not suppressed). CPI-U CUUR0000SA0 M13: 2019=255.657, 2024=313.689, read from the file. The 2019 reference year is the single documented anchor-year exception, by design - I5 is a 2019->2024 real change. Real change is a Phase 4 scoring step and is NOT computed here. Keyed on area_fips, not on a 'Statewide' filename filter. M2 2019: Alabama 2019 wkly: 1064.0 in [600, 3000]; M2 2024: Alabama 2024 wkly: 1325.0 in [600, 3000]."
Alaska,I5_REAL_TRAJECTORY,2019=1179;2024=1415,USD_weekly,2019 and 2024,QCEW24+QCEW19,https://www.bls.gov/cew/downloadable-data-files.htm | https://www.bls.gov/cpi/,2024_annual_by_area.zip | 2019_annual_by_area.zip | cu.data.1.AllItems,"2024: 2024.annual.by_area/2024.annual 02000 Alaska -- Statewide.csv :: CSV data row 215, column 'annual_avg_wkly_wage'; 2019: 2019.annual.by_area/2019.annual 02000 Alaska -- Statewide.csv :: CSV data row 204, column 'annual_avg_wkly_wage' (both area_fips=02000, own_code=2, industry_code=10, agglvl_code=51); CPI: cu.data.1.AllItems line 3821 (2019) and line 3886 (2024), series_id=CUUR0000SA0, period=M13, column 'value'",FOUND,M1 independent re-extraction (both archives re-opened and re-parsed); M2 range validation 600-3000 on both years,VERIFIED,2026-08-04T19:25:25Z,"own_title='State Government' (own_code 2 = State Government). 2019 annual_avg_emplvl=21404, 2024=22320. disclosure_code 2019='' 2024='' (blank = not suppressed). CPI-U CUUR0000SA0 M13: 2019=255.657, 2024=313.689, read from the file. The 2019 reference year is the single documented anchor-year exception, by design - I5 is a 2019->2024 real change. Real change is a Phase 4 scoring step and is NOT computed here. Keyed on area_fips, not on a 'Statewide' filename filter. M2 2019: Alaska 2019 wkly: 1179.0 in [600, 3000]; M2 2024: Alaska 2024 wkly: 1415.0 in [600, 3000]."
Arizona,I5_REAL_TRAJECTORY,2019=1152;2024=1435,USD_weekly,2019 and 2024,QCEW24+QCEW19,https://www.bls.gov/cew/downloadable-data-files.htm | https://www.bls.gov/cpi/,2024_annual_by_area.zip | 2019_annual_by_area.zip | cu.data.1.AllItems,"2024: 2024.annual.by_area/2024.annual 04000 Arizona -- Statewide.csv :: CSV data row 278, column 'annual_avg_wkly_wage'; 2019: 2019.annual.by_area/2019.annual 04000 Arizona -- Statewide.csv :: CSV data row 271, column 'annual_avg_wkly_wage' (both area_fips=04000, own_code=2, industry_code=10, agglvl_code=51); CPI: cu.data.1.AllItems line 3821 (2019) and line 3886 (2024), series_id=CUUR0000SA0, period=M13, column 'value'",FOUND,M1 independent re-extraction (both archives re-opened and re-parsed); M2 range validation 600-3000 on both years,VERIFIED,2026-08-04T19:25:25Z,"own_title='State Government' (own_code 2 = State Government). 2019 annual_avg_emplvl=68816, 2024=74173. disclosure_code 2019='' 2024='' (blank = not suppressed). CPI-U CUUR0000SA0 M13: 2019=255.657, 2024=313.689, read from the file. The 2019 reference year is the single documented anchor-year exception, by design - I5 is a 2019->2024 real change. Real change is a Phase 4 scoring step and is NOT computed here. Keyed on area_fips, not on a 'Statewide' filename filter. M2 2019: Arizona 2019 wkly: 1152.0 in [600, 3000]; M2 2024: Arizona 2024 wkly: 1435.0 in [600, 3000]."
Arkansas,I5_REAL_TRAJECTORY,2019=953;2024=1170,USD_weekly,2019 and 2024,QCEW24+QCEW19,https://www.bls.gov/cew/downloadable-data-files.htm | https://www.bls.gov/cpi/,2024_annual_by_area.zip | 2019_annual_by_area.zip | cu.data.1.AllItems,"2024: 2024.annual.by_area/2024.annual 05000 Arkansas -- Statewide.csv :: CSV data row 206, column 'annual_avg_wkly_wage'; 2019: 2019.annual.by_area/2019.annual 05000 Arkansas -- Statewide.csv :: CSV data row 188, column 'annual_avg_wkly_wage' (both area_fips=05000, own_code=2, industry_code=10, agglvl_code=51); CPI: cu.data.1.AllItems line 3821 (2019) and line 3886 (2024), series_id=CUUR0000SA0, period=M13, column 'value'",FOUND,M1 independent re-extraction (both archives re-opened and re-parsed); M2 range validation 600-3000 on both years,VERIFIED,2026-08-04T19:25:25Z,"own_title='State Government' (own_code 2 = State Government). 2019 annual_avg_emplvl=66978, 2024=65036. disclosure_code 2019='' 2024='' (blank = not suppressed). CPI-U CUUR0000SA0 M13: 2019=255.657, 2024=313.689, read from the file. The 2019 reference year is the single documented anchor-year exception, by design - I5 is a 2019->2024 real change. Real change is a Phase 4 scoring step and is NOT computed here. Keyed on area_fips, not on a 'Statewide' filename filter. M2 2019: Arkansas 2019 wkly: 953.0 in [600, 3000]; M2 2024: Arkansas 2024 wkly: 1170.0 in [600, 3000]."
California,I5_REAL_TRAJECTORY,2019=1628;2024=2073,USD_weekly,2019 and 2024,QCEW24+QCEW19,https://www.bls.gov/cew/downloadable-data-files.htm | https://www.bls.gov/cpi/,2024_annual_by_area.zip | 2019_annual_by_area.zip | cu.data.1.AllItems,"2024: 2024.annual.by_area/2024.annual 06000 California -- Statewide.csv :: CSV data row 318, column 'annual_avg_wkly_wage'; 2019: 2019.annual.by_area/2019.annual 06000 California -- Statewide.csv :: CSV data row 321, column 'annual_avg_wkly_wage' (both area_fips=06000, own_code=2, industry_code=10, agglvl_code=51); CPI: cu.data.1.AllItems line 3821 (2019) and line 3886 (2024), series_id=CUUR0000SA0, period=M13, column 'value'",FOUND,M1 independent re-extraction (both archives re-opened and re-parsed); M2 range validation 600-3000 on both years,VERIFIED,2026-08-04T19:25:25Z,"own_title='State Government' (own_code 2 = State Government). 2019 annual_avg_emplvl=476217, 2024=525101. disclosure_code 2019='' 2024='' (blank = not suppressed). CPI-U CUUR0000SA0 M13: 2019=255.657, 2024=313.689, read from the file. The 2019 reference year is the single documented anchor-year exception, by design - I5 is a 2019->2024 real change. Real change is a Phase 4 scoring step and is NOT computed here. Keyed on area_fips, not on a 'Statewide' filename filter. M2 2019: California 2019 wkly: 1628.0 in [600, 3000]; M2 2024: California 2024 wkly: 2073.0 in [600, 3000]."
Colorado,I5_REAL_TRAJECTORY,2019=1297;2024=1591,USD_weekly,2019 and 2024,QCEW24+QCEW19,https://www.bls.gov/cew/downloadable-data-files.htm | https://www.bls.gov/cpi/,2024_annual_by_area.zip | 2019_annual_by_area.zip | cu.data.1.AllItems,"2024: 2024.annual.by_area/2024.annual 08000 Colorado -- Statewide.csv :: CSV data row 273, column 'annual_avg_wkly_wage'; 2019: 2019.annual.by_area/2019.annual 08000 Colorado -- Statewide.csv :: CSV data row 259, column 'annual_avg_wkly_wage' (both area_fips=08000, own_code=2, industry_code=10, agglvl_code=51); CPI: cu.data.1.AllItems line 3821 (2019) and line 3886 (2024), series_id=CUUR0000SA0, period=M13, column 'value'",FOUND,M1 independent re-extraction (both archives re-opened and re-parsed); M2 range validation 600-3000 on both years,VERIFIED,2026-08-04T19:25:25Z,"own_title='State Government' (own_code 2 = State Government). 2019 annual_avg_emplvl=107041, 2024=118964. disclosure_code 2019='' 2024='' (blank = not suppressed). CPI-U CUUR0000SA0 M13: 2019=255.657, 2024=313.689, read from the file. The 2019 reference year is the single documented anchor-year exception, by design - I5 is a 2019->2024 real change. Real change is a Phase 4 scoring step and is NOT computed here. Keyed on area_fips, not on a 'Statewide' filename filter. M2 2019: Colorado 2019 wkly: 1297.0 in [600, 3000]; M2 2024: Colorado 2024 wkly: 1591.0 in [600, 3000]."
Connecticut,I5_REAL_TRAJECTORY,2019=1365;2024=1668,USD_weekly,2019 and 2024,QCEW24+QCEW19,https://www.bls.gov/cew/downloadable-data-files.htm | https://www.bls.gov/cpi/,2024_annual_by_area.zip | 2019_annual_by_area.zip | cu.data.1.AllItems,"2024: 2024.annual.by_area/2024.annual 09000 Connecticut -- Statewide.csv :: CSV data row 177, column 'annual_avg_wkly_wage'; 2019: 2019.annual.by_area/2019.annual 09000 Connecticut -- Statewide.csv :: CSV data row 155, column 'annual_avg_wkly_wage' (both area_fips=09000, own_code=2, industry_code=10, agglvl_code=51); CPI: cu.data.1.AllItems line 3821 (2019) and line 3886 (2024), series_id=CUUR0000SA0, period=M13, column 'value'",FOUND,M1 independent re-extraction (both archives re-opened and re-parsed); M2 range validation 600-3000 on both years,VERIFIED,2026-08-04T19:25:25Z,"own_title='State Government' (own_code 2 = State Government). 2019 annual_avg_emplvl=61696, 2024=63907. disclosure_code 2019='' 2024='' (blank = not suppressed). CPI-U CUUR0000SA0 M13: 2019=255.657, 2024=313.689, read from the file. The 2019 reference year is the single documented anchor-year exception, by design - I5 is a 2019->2024 real change. Real change is a Phase 4 scoring step and is NOT computed here. Keyed on area_fips, not on a 'Statewide' filename filter. M2 2019: Connecticut 2019 wkly: 1365.0 in [600, 3000]; M2 2024: Connecticut 2024 wkly: 1668.0 in [600, 3000]."
Delaware,I5_REAL_TRAJECTORY,2019=1157;2024=1445,USD_weekly,2019 and 2024,QCEW24+QCEW19,https://www.bls.gov/cew/downloadable-data-files.htm | https://www.bls.gov/cpi/,2024_annual_by_area.zip | 2019_annual_by_area.zip | cu.data.1.AllItems,"2024: 2024.annual.by_area/2024.annual 10000 Delaware -- Statewide.csv :: CSV data row 196, column 'annual_avg_wkly_wage'; 2019: 2019.annual.by_area/2019.annual 10000 Delaware -- Statewide.csv :: CSV data row 160, column 'annual_avg_wkly_wage' (both area_fips=10000, own_code=2, industry_code=10, agglvl_code=51); CPI: cu.data.1.AllItems line 3821 (2019) and line 3886 (2024), series_id=CUUR0000SA0, period=M13, column 'value'",FOUND,M1 independent re-extraction (both archives re-opened and re-parsed); M2 range validation 600-3000 on both years,VERIFIED,2026-08-04T19:25:25Z,"own_title='State Government' (own_code 2 = State Government). 2019 annual_avg_emplvl=30195, 2024=30265. disclosure_code 2019='' 2024='' (blank = not suppressed). CPI-U CUUR0000SA0 M13: 2019=255.657, 2024=313.689, read from the file. The 2019 reference year is the single documented anchor-year exception, by design - I5 is a 2019->2024 real change. Real change is a Phase 4 scoring step and is NOT computed here. Keyed on area_fips, not on a 'Statewide' filename filter. M2 2019: Delaware 2019 wkly: 1157.0 in [600, 3000]; M2 2024: Delaware 2024 wkly: 1445.0 in [600, 3000]."
District of Columbia,I5_REAL_TRAJECTORY,2019=1610;2024=1991,USD_weekly,2019 and 2024,QCEW24+QCEW19,https://www.bls.gov/cew/downloadable-data-files.htm | https://www.bls.gov/cpi/,2024_annual_by_area.zip | 2019_annual_by_area.zip | cu.data.1.AllItems,"2024: 2024.annual.by_area/2024.annual 11000 District of Columbia, not unknown.csv :: CSV data row 237, column 'annual_avg_wkly_wage'; 2019: 2019.annual.by_area/2019.annual 11000 District of Columbia.csv :: CSV data row 205, column 'annual_avg_wkly_wage' (both area_fips=11000, own_code=2, industry_code=10, agglvl_code=51); CPI: cu.data.1.AllItems line 3821 (2019) and line 3886 (2024), series_id=CUUR0000SA0, period=M13, column 'value'",FOUND,M1 independent re-extraction (both archives re-opened and re-parsed); M2 range validation 600-3000 on both years,VERIFIED,2026-08-04T19:25:25Z,"own_title='State Government' (own_code 2 = State Government). 2019 annual_avg_emplvl=36853, 2024=38244. disclosure_code 2019='' 2024='' (blank = not suppressed). CPI-U CUUR0000SA0 M13: 2019=255.657, 2024=313.689, read from the file. The 2019 reference year is the single documented anchor-year exception, by design - I5 is a 2019->2024 real change. Real change is a Phase 4 scoring step and is NOT computed here. Keyed on area_fips, not on a 'Statewide' filename filter. M2 2019: District of Columbia 2019 wkly: 1610.0 in [600, 3000]; M2 2024: District of Columbia 2024 wkly: 1991.0 in [600, 3000]."
Florida,I5_REAL_TRAJECTORY,2019=955;2024=1193,USD_weekly,2019 and 2024,QCEW24+QCEW19,https://www.bls.gov/cew/downloadable-data-files.htm | https://www.bls.gov/cpi/,2024_annual_by_area.zip | 2019_annual_by_area.zip | cu.data.1.AllItems,"2024: 2024.annual.by_area/2024.annual 12000 Florida -- Statewide.csv :: CSV data row 302, column 'annual_avg_wkly_wage'; 2019: 2019.annual.by_area/2019.annual 12000 Florida -- Statewide.csv :: CSV data row 283, column 'annual_avg_wkly_wage' (both area_fips=12000, own_code=2, industry_code=10, agglvl_code=51); CPI: cu.data.1.AllItems line 3821 (2019) and line 3886 (2024), series_id=CUUR0000SA0, period=M13, column 'value'",FOUND,M1 independent re-extraction (both archives re-opened and re-parsed); M2 range validation 600-3000 on both years,VERIFIED,2026-08-04T19:25:25Z,"own_title='State Government' (own_code 2 = State Government). 2019 annual_avg_emplvl=221943, 2024=221109. disclosure_code 2019='' 2024='' (blank = not suppressed). CPI-U CUUR0000SA0 M13: 2019=255.657, 2024=313.689, read from the file. The 2019 reference year is the single documented anchor-year exception, by design - I5 is a 2019->2024 real change. Real change is a Phase 4 scoring step and is NOT computed here. Keyed on area_fips, not on a 'Statewide' filename filter. M2 2019: Florida 2019 wkly: 955.0 in [600, 3000]; M2 2024: Florida 2024 wkly: 1193.0 in [600, 3000]."
Georgia,I5_REAL_TRAJECTORY,2019=979;2024=1236,USD_weekly,2019 and 2024,QCEW24+QCEW19,https://www.bls.gov/cew/downloadable-data-files.htm | https://www.bls.gov/cpi/,2024_annual_by_area.zip | 2019_annual_by_area.zip | cu.data.1.AllItems,"2024: 2024.annual.by_area/2024.annual 13000 Georgia -- Statewide.csv :: CSV data row 332, column 'annual_avg_wkly_wage'; 2019: 2019.annual.by_area/2019.annual 13000 Georgia -- Statewide.csv :: CSV data row 295, column 'annual_avg_wkly_wage' (both area_fips=13000, own_code=2, industry_code=10, agglvl_code=51); CPI: cu.data.1.AllItems line 3821 (2019) and line 3886 (2024), series_id=CUUR0000SA0, period=M13, column 'value'",FOUND,M1 independent re-extraction (both archives re-opened and re-parsed); M2 range validation 600-3000 on both years,VERIFIED,2026-08-04T19:25:25Z,"own_title='State Government' (own_code 2 = State Government). 2019 annual_avg_emplvl=141550, 2024=138087. disclosure_code 2019='' 2024='' (blank = not suppressed). CPI-U CUUR0000SA0 M13: 2019=255.657, 2024=313.689, read from the file. The 2019 reference year is the single documented anchor-year exception, by design - I5 is a 2019->2024 real change. Real change is a Phase 4 scoring step and is NOT computed here. Keyed on area_fips, not on a 'Statewide' filename filter. M2 2019: Georgia 2019 wkly: 979.0 in [600, 3000]; M2 2024: Georgia 2024 wkly: 1236.0 in [600, 3000]."
Hawaii,I5_REAL_TRAJECTORY,2019=1028;2024=1269,USD_weekly,2019 and 2024,QCEW24+QCEW19,https://www.bls.gov/cew/downloadable-data-files.htm | https://www.bls.gov/cpi/,2024_annual_by_area.zip | 2019_annual_by_area.zip | cu.data.1.AllItems,"2024: 2024.annual.by_area/2024.annual 15000 Hawaii -- Statewide.csv :: CSV data row 245, column 'annual_avg_wkly_wage'; 2019: 2019.annual.by_area/2019.annual 15000 Hawaii -- Statewide.csv :: CSV data row 233, column 'annual_avg_wkly_wage' (both area_fips=15000, own_code=2, industry_code=10, agglvl_code=51); CPI: cu.data.1.AllItems line 3821 (2019) and line 3886 (2024), series_id=CUUR0000SA0, period=M13, column 'value'",FOUND,M1 independent re-extraction (both archives re-opened and re-parsed); M2 range validation 600-3000 on both years,VERIFIED,2026-08-04T19:25:25Z,"own_title='State Government' (own_code 2 = State Government). 2019 annual_avg_emplvl=69207, 2024=68200. disclosure_code 2019='' 2024='' (blank = not suppressed). CPI-U CUUR0000SA0 M13: 2019=255.657, 2024=313.689, read from the file. The 2019 reference year is the single documented anchor-year exception, by design - I5 is a 2019->2024 real change. Real change is a Phase 4 scoring step and is NOT computed here. Keyed on area_fips, not on a 'Statewide' filename filter. M2 2019: Hawaii 2019 wkly: 1028.0 in [600, 3000]; M2 2024: Hawaii 2024 wkly: 1269.0 in [600, 3000]."
Idaho,I5_REAL_TRAJECTORY,2019=950;2024=1168,USD_weekly,2019 and 2024,QCEW24+QCEW19,https://www.bls.gov/cew/downloadable-data-files.htm | https://www.bls.gov/cpi/,2024_annual_by_area.zip | 2019_annual_by_area.zip | cu.data.1.AllItems,"2024: 2024.annual.by_area/2024.annual 16000 Idaho -- Statewide.csv :: CSV data row 191, column 'annual_avg_wkly_wage'; 2019: 2019.annual.by_area/2019.annual 16000 Idaho -- Statewide.csv :: CSV data row 160, column 'annual_avg_wkly_wage' (both area_fips=16000, own_code=2, industry_code=10, agglvl_code=51); CPI: cu.data.1.AllItems line 3821 (2019) and line 3886 (2024), series_id=CUUR0000SA0, period=M13, column 'value'",FOUND,M1 independent re-extraction (both archives re-opened and re-parsed); M2 range validation 600-3000 on both years,VERIFIED,2026-08-04T19:25:25Z,"own_title='State Government' (own_code 2 = State Government). 2019 annual_avg_emplvl=25986, 2024=27920. disclosure_code 2019='' 2024='' (blank = not suppressed). CPI-U CUUR0000SA0 M13: 2019=255.657, 2024=313.689, read from the file. The 2019 reference year is the single documented anchor-year exception, by design - I5 is a 2019->2024 real change. Real change is a Phase 4 scoring step and is NOT computed here. Keyed on area_fips, not on a 'Statewide' filename filter. M2 2019: Idaho 2019 wkly: 950.0 in [600, 3000]; M2 2024: Idaho 2024 wkly: 1168.0 in [600, 3000]."
Illinois,I5_REAL_TRAJECTORY,2019=1398;2024=1652,USD_weekly,2019 and 2024,QCEW24+QCEW19,https://www.bls.gov/cew/downloadable-data-files.htm | https://www.bls.gov/cpi/,2024_annual_by_area.zip | 2019_annual_by_area.zip | cu.data.1.AllItems,"2024: 2024.annual.by_area/2024.annual 17000 Illinois -- Statewide.csv :: CSV data row 249, column 'annual_avg_wkly_wage'; 2019: 2019.annual.by_area/2019.annual 17000 Illinois -- Statewide.csv :: CSV data row 238, column 'annual_avg_wkly_wage' (both area_fips=17000, own_code=2, industry_code=10, agglvl_code=51); CPI: cu.data.1.AllItems line 3821 (2019) and line 3886 (2024), series_id=CUUR0000SA0, period=M13, column 'value'",FOUND,M1 independent re-extraction (both archives re-opened and re-parsed); M2 range validation 600-3000 on both years,VERIFIED,2026-08-04T19:25:25Z,"own_title='State Government' (own_code 2 = State Government). 2019 annual_avg_emplvl=116844, 2024=125117. disclosure_code 2019='' 2024='' (blank = not suppressed). CPI-U CUUR0000SA0 M13: 2019=255.657, 2024=313.689, read from the file. The 2019 reference year is the single documented anchor-year exception, by design - I5 is a 2019->2024 real change. Real change is a Phase 4 scoring step and is NOT computed here. Keyed on area_fips, not on a 'Statewide' filename filter. M2 2019: Illinois 2019 wkly: 1398.0 in [600, 3000]; M2 2024: Illinois 2024 wkly: 1652.0 in [600, 3000]."
Indiana,I5_REAL_TRAJECTORY,2019=1025;2024=1255,USD_weekly,2019 and 2024,QCEW24+QCEW19,https://www.bls.gov/cew/downloadable-data-files.htm | https://www.bls.gov/cpi/,2024_annual_by_area.zip | 2019_annual_by_area.zip | cu.data.1.AllItems,"2024: 2024.annual.by_area/2024.annual 18000 Indiana -- Statewide.csv :: CSV data row 177, column 'annual_avg_wkly_wage'; 2019: 2019.annual.by_area/2019.annual 18000 Indiana -- Statewide.csv :: CSV data row 169, column 'annual_avg_wkly_wage' (both area_fips=18000, own_code=2, industry_code=10, agglvl_code=51); CPI: cu.data.1.AllItems line 3821 (2019) and line 3886 (2024), series_id=CUUR0000SA0, period=M13, column 'value'",FOUND,M1 independent re-extraction (both archives re-opened and re-parsed); M2 range validation 600-3000 on both years,VERIFIED,2026-08-04T19:25:25Z,"own_title='State Government' (own_code 2 = State Government). 2019 annual_avg_emplvl=88531, 2024=88019. disclosure_code 2019='' 2024='' (blank = not suppressed). CPI-U CUUR0000SA0 M13: 2019=255.657, 2024=313.689, read from the file. The 2019 reference year is the single documented anchor-year exception, by design - I5 is a 2019->2024 real change. Real change is a Phase 4 scoring step and is NOT computed here. Keyed on area_fips, not on a 'Statewide' filename filter. M2 2019: Indiana 2019 wkly: 1025.0 in [600, 3000]; M2 2024: Indiana 2024 wkly: 1255.0 in [600, 3000]."
Iowa,I5_REAL_TRAJECTORY,2019=1335;2024=1525,USD_weekly,2019 and 2024,QCEW24+QCEW19,https://www.bls.gov/cew/downloadable-data-files.htm | https://www.bls.gov/cpi/,2024_annual_by_area.zip | 2019_annual_by_area.zip | cu.data.1.AllItems,"2024: 2024.annual.by_area/2024.annual 19000 Iowa -- Statewide.csv :: CSV data row 137, column 'annual_avg_wkly_wage'; 2019: 2019.annual.by_area/2019.annual 19000 Iowa -- Statewide.csv :: CSV data row 124, column 'annual_avg_wkly_wage' (both area_fips=19000, own_code=2, industry_code=10, agglvl_code=51); CPI: cu.data.1.AllItems line 3821 (2019) and line 3886 (2024), series_id=CUUR0000SA0, period=M13, column 'value'",FOUND,M1 independent re-extraction (both archives re-opened and re-parsed); M2 range validation 600-3000 on both years,VERIFIED,2026-08-04T19:25:25Z,"own_title='State Government' (own_code 2 = State Government). 2019 annual_avg_emplvl=50330, 2024=53469. disclosure_code 2019='' 2024='' (blank = not suppressed). CPI-U CUUR0000SA0 M13: 2019=255.657, 2024=313.689, read from the file. The 2019 reference year is the single documented anchor-year exception, by design - I5 is a 2019->2024 real change. Real change is a Phase 4 scoring step and is NOT computed here. Keyed on area_fips, not on a 'Statewide' filename filter. M2 2019: Iowa 2019 wkly: 1335.0 in [600, 3000]; M2 2024: Iowa 2024 wkly: 1525.0 in [600, 3000]."
Kansas,I5_REAL_TRAJECTORY,2019=1123;2024=1222,USD_weekly,2019 and 2024,QCEW24+QCEW19,https://www.bls.gov/cew/downloadable-data-files.htm | https://www.bls.gov/cpi/,2024_annual_by_area.zip | 2019_annual_by_area.zip | cu.data.1.AllItems,"2024: 2024.annual.by_area/2024.annual 20000 Kansas -- Statewide.csv :: CSV data row 226, column 'annual_avg_wkly_wage'; 2019: 2019.annual.by_area/2019.annual 20000 Kansas -- Statewide.csv :: CSV data row 224, column 'annual_avg_wkly_wage' (both area_fips=20000, own_code=2, industry_code=10, agglvl_code=51); CPI: cu.data.1.AllItems line 3821 (2019) and line 3886 (2024), series_id=CUUR0000SA0, period=M13, column 'value'",FOUND,M1 independent re-extraction (both archives re-opened and re-parsed); M2 range validation 600-3000 on both years,VERIFIED,2026-08-04T19:25:25Z,"own_title='State Government' (own_code 2 = State Government). 2019 annual_avg_emplvl=41116, 2024=41327. disclosure_code 2019='' 2024='' (blank = not suppressed). CPI-U CUUR0000SA0 M13: 2019=255.657, 2024=313.689, read from the file. The 2019 reference year is the single documented anchor-year exception, by design - I5 is a 2019->2024 real change. Real change is a Phase 4 scoring step and is NOT computed here. Keyed on area_fips, not on a 'Statewide' filename filter. M2 2019: Kansas 2019 wkly: 1123.0 in [600, 3000]; M2 2024: Kansas 2024 wkly: 1222.0 in [600, 3000]."
Kentucky,I5_REAL_TRAJECTORY,2019=998;2024=1283,USD_weekly,2019 and 2024,QCEW24+QCEW19,https://www.bls.gov/cew/downloadable-data-files.htm | https://www.bls.gov/cpi/,2024_annual_by_area.zip | 2019_annual_by_area.zip | cu.data.1.AllItems,"2024: 2024.annual.by_area/2024.annual 21000 Kentucky -- Statewide.csv :: CSV data row 243, column 'annual_avg_wkly_wage'; 2019: 2019.annual.by_area/2019.annual 21000 Kentucky -- Statewide.csv :: CSV data row 232, column 'annual_avg_wkly_wage' (both area_fips=21000, own_code=2, industry_code=10, agglvl_code=51); CPI: cu.data.1.AllItems line 3821 (2019) and line 3886 (2024), series_id=CUUR0000SA0, period=M13, column 'value'",FOUND,M1 independent re-extraction (both archives re-opened and re-parsed); M2 range validation 600-3000 on both years,VERIFIED,2026-08-04T19:25:25Z,"own_title='State Government' (own_code 2 = State Government). 2019 annual_avg_emplvl=82631, 2024=85583. disclosure_code 2019='' 2024='' (blank = not suppressed). CPI-U CUUR0000SA0 M13: 2019=255.657, 2024=313.689, read from the file. The 2019 reference year is the single documented anchor-year exception, by design - I5 is a 2019->2024 real change. Real change is a Phase 4 scoring step and is NOT computed here. Keyed on area_fips, not on a 'Statewide' filename filter. M2 2019: Kentucky 2019 wkly: 998.0 in [600, 3000]; M2 2024: Kentucky 2024 wkly: 1283.0 in [600, 3000]."
Louisiana,I5_REAL_TRAJECTORY,2019=1024;2024=1271,USD_weekly,2019 and 2024,QCEW24+QCEW19,https://www.bls.gov/cew/downloadable-data-files.htm | https://www.bls.gov/cpi/,2024_annual_by_area.zip | 2019_annual_by_area.zip | cu.data.1.AllItems,"2024: 2024.annual.by_area/2024.annual 22000 Louisiana -- Statewide.csv :: CSV data row 238, column 'annual_avg_wkly_wage'; 2019: 2019.annual.by_area/2019.annual 22000 Louisiana -- Statewide.csv :: CSV data row 239, column 'annual_avg_wkly_wage' (both area_fips=22000, own_code=2, industry_code=10, agglvl_code=51); CPI: cu.data.1.AllItems line 3821 (2019) and line 3886 (2024), series_id=CUUR0000SA0, period=M13, column 'value'",FOUND,M1 independent re-extraction (both archives re-opened and re-parsed); M2 range validation 600-3000 on both years,VERIFIED,2026-08-04T19:25:25Z,"own_title='State Government' (own_code 2 = State Government). 2019 annual_avg_emplvl=75326, 2024=75971. disclosure_code 2019='' 2024='' (blank = not suppressed). CPI-U CUUR0000SA0 M13: 2019=255.657, 2024=313.689, read from the file. The 2019 reference year is the single documented anchor-year exception, by design - I5 is a 2019->2024 real change. Real change is a Phase 4 scoring step and is NOT computed here. Keyed on area_fips, not on a 'Statewide' filename filter. M2 2019: Louisiana 2019 wkly: 1024.0 in [600, 3000]; M2 2024: Louisiana 2024 wkly: 1271.0 in [600, 3000]."
Maine,I5_REAL_TRAJECTORY,2019=964;2024=1288,USD_weekly,2019 and 2024,QCEW24+QCEW19,https://www.bls.gov/cew/downloadable-data-files.htm | https://www.bls.gov/cpi/,2024_annual_by_area.zip | 2019_annual_by_area.zip | cu.data.1.AllItems,"2024: 2024.annual.by_area/2024.annual 23000 Maine -- Statewide.csv :: CSV data row 143, column 'annual_avg_wkly_wage'; 2019: 2019.annual.by_area/2019.annual 23000 Maine -- Statewide.csv :: CSV data row 121, column 'annual_avg_wkly_wage' (both area_fips=23000, own_code=2, industry_code=10, agglvl_code=51); CPI: cu.data.1.AllItems line 3821 (2019) and line 3886 (2024), series_id=CUUR0000SA0, period=M13, column 'value'",FOUND,M1 independent re-extraction (both archives re-opened and re-parsed); M2 range validation 600-3000 on both years,VERIFIED,2026-08-04T19:25:25Z,"own_title='State Government' (own_code 2 = State Government). 2019 annual_avg_emplvl=22082, 2024=22209. disclosure_code 2019='' 2024='' (blank = not suppressed). CPI-U CUUR0000SA0 M13: 2019=255.657, 2024=313.689, read from the file. The 2019 reference year is the single documented anchor-year exception, by design - I5 is a 2019->2024 real change. Real change is a Phase 4 scoring step and is NOT computed here. Keyed on area_fips, not on a 'Statewide' filename filter. M2 2019: Maine 2019 wkly: 964.0 in [600, 3000]; M2 2024: Maine 2024 wkly: 1288.0 in [600, 3000]."
Maryland,I5_REAL_TRAJECTORY,2019=1175;2024=1567,USD_weekly,2019 and 2024,QCEW24+QCEW19,https://www.bls.gov/cew/downloadable-data-files.htm | https://www.bls.gov/cpi/,2024_annual_by_area.zip | 2019_annual_by_area.zip | cu.data.1.AllItems,"2024: 2024.annual.by_area/2024.annual 24000 Maryland -- Statewide.csv :: CSV data row 267, column 'annual_avg_wkly_wage'; 2019: 2019.annual.by_area/2019.annual 24000 Maryland -- Statewide.csv :: CSV data row 250, column 'annual_avg_wkly_wage' (both area_fips=24000, own_code=2, industry_code=10, agglvl_code=51); CPI: cu.data.1.AllItems line 3821 (2019) and line 3886 (2024), series_id=CUUR0000SA0, period=M13, column 'value'",FOUND,M1 independent re-extraction (both archives re-opened and re-parsed); M2 range validation 600-3000 on both years,VERIFIED,2026-08-04T19:25:25Z,"own_title='State Government' (own_code 2 = State Government). 2019 annual_avg_emplvl=99716, 2024=108040. disclosure_code 2019='' 2024='' (blank = not suppressed). CPI-U CUUR0000SA0 M13: 2019=255.657, 2024=313.689, read from the file. The 2019 reference year is the single documented anchor-year exception, by design - I5 is a 2019->2024 real change. Real change is a Phase 4 scoring step and is NOT computed here. Keyed on area_fips, not on a 'Statewide' filename filter. M2 2019: Maryland 2019 wkly: 1175.0 in [600, 3000]; M2 2024: Maryland 2024 wkly: 1567.0 in [600, 3000]."
Massachusetts,I5_REAL_TRAJECTORY,2019=1416;2024=1753,USD_weekly,2019 and 2024,QCEW24+QCEW19,https://www.bls.gov/cew/downloadable-data-files.htm | https://www.bls.gov/cpi/,2024_annual_by_area.zip | 2019_annual_by_area.zip | cu.data.1.AllItems,"2024: 2024.annual.by_area/2024.annual 25000 Massachusetts -- Statewide.csv :: CSV data row 217, column 'annual_avg_wkly_wage'; 2019: 2019.annual.by_area/2019.annual 25000 Massachusetts -- Statewide.csv :: CSV data row 207, column 'annual_avg_wkly_wage' (both area_fips=25000, own_code=2, industry_code=10, agglvl_code=51); CPI: cu.data.1.AllItems line 3821 (2019) and line 3886 (2024), series_id=CUUR0000SA0, period=M13, column 'value'",FOUND,M1 independent re-extraction (both archives re-opened and re-parsed); M2 range validation 600-3000 on both years,VERIFIED,2026-08-04T19:25:25Z,"own_title='State Government' (own_code 2 = State Government). 2019 annual_avg_emplvl=114438, 2024=116748. disclosure_code 2019='' 2024='' (blank = not suppressed). CPI-U CUUR0000SA0 M13: 2019=255.657, 2024=313.689, read from the file. The 2019 reference year is the single documented anchor-year exception, by design - I5 is a 2019->2024 real change. Real change is a Phase 4 scoring step and is NOT computed here. Keyed on area_fips, not on a 'Statewide' filename filter. M2 2019: Massachusetts 2019 wkly: 1416.0 in [600, 3000]; M2 2024: Massachusetts 2024 wkly: 1753.0 in [600, 3000]."
Michigan,I5_REAL_TRAJECTORY,2019=1261;2024=1522,USD_weekly,2019 and 2024,QCEW24+QCEW19,https://www.bls.gov/cew/downloadable-data-files.htm | https://www.bls.gov/cpi/,2024_annual_by_area.zip | 2019_annual_by_area.zip | cu.data.1.AllItems,"2024: 2024.annual.by_area/2024.annual 26000 Michigan -- Statewide.csv :: CSV data row 188, column 'annual_avg_wkly_wage'; 2019: 2019.annual.by_area/2019.annual 26000 Michigan -- Statewide.csv :: CSV data row 175, column 'annual_avg_wkly_wage' (both area_fips=26000, own_code=2, industry_code=10, agglvl_code=51); CPI: cu.data.1.AllItems line 3821 (2019) and line 3886 (2024), series_id=CUUR0000SA0, period=M13, column 'value'",FOUND,M1 independent re-extraction (both archives re-opened and re-parsed); M2 range validation 600-3000 on both years,VERIFIED,2026-08-04T19:25:25Z,"own_title='State Government' (own_code 2 = State Government). 2019 annual_avg_emplvl=159818, 2024=157495. disclosure_code 2019='' 2024='' (blank = not suppressed). CPI-U CUUR0000SA0 M13: 2019=255.657, 2024=313.689, read from the file. The 2019 reference year is the single documented anchor-year exception, by design - I5 is a 2019->2024 real change. Real change is a Phase 4 scoring step and is NOT computed here. Keyed on area_fips, not on a 'Statewide' filename filter. M2 2019: Michigan 2019 wkly: 1261.0 in [600, 3000]; M2 2024: Michigan 2024 wkly: 1522.0 in [600, 3000]."
Minnesota,I5_REAL_TRAJECTORY,2019=1289;2024=1617,USD_weekly,2019 and 2024,QCEW24+QCEW19,https://www.bls.gov/cew/downloadable-data-files.htm | https://www.bls.gov/cpi/,2024_annual_by_area.zip | 2019_annual_by_area.zip | cu.data.1.AllItems,"2024: 2024.annual.by_area/2024.annual 27000 Minnesota -- Statewide.csv :: CSV data row 158, column 'annual_avg_wkly_wage'; 2019: 2019.annual.by_area/2019.annual 27000 Minnesota -- Statewide.csv :: CSV data row 148, column 'annual_avg_wkly_wage' (both area_fips=27000, own_code=2, industry_code=10, agglvl_code=51); CPI: cu.data.1.AllItems line 3821 (2019) and line 3886 (2024), series_id=CUUR0000SA0, period=M13, column 'value'",FOUND,M1 independent re-extraction (both archives re-opened and re-parsed); M2 range validation 600-3000 on both years,VERIFIED,2026-08-04T19:25:25Z,"own_title='State Government' (own_code 2 = State Government). 2019 annual_avg_emplvl=81848, 2024=84927. disclosure_code 2019='' 2024='' (blank = not suppressed). CPI-U CUUR0000SA0 M13: 2019=255.657, 2024=313.689, read from the file. The 2019 reference year is the single documented anchor-year exception, by design - I5 is a 2019->2024 real change. Real change is a Phase 4 scoring step and is NOT computed here. Keyed on area_fips, not on a 'Statewide' filename filter. M2 2019: Minnesota 2019 wkly: 1289.0 in [600, 3000]; M2 2024: Minnesota 2024 wkly: 1617.0 in [600, 3000]."
Mississippi,I5_REAL_TRAJECTORY,2019=951;2024=1185,USD_weekly,2019 and 2024,QCEW24+QCEW19,https://www.bls.gov/cew/downloadable-data-files.htm | https://www.bls.gov/cpi/,2024_annual_by_area.zip | 2019_annual_by_area.zip | cu.data.1.AllItems,"2024: 2024.annual.by_area/2024.annual 28000 Mississippi -- Statewide.csv :: CSV data row 240, column 'annual_avg_wkly_wage'; 2019: 2019.annual.by_area/2019.annual 28000 Mississippi -- Statewide.csv :: CSV data row 239, column 'annual_avg_wkly_wage' (both area_fips=28000, own_code=2, industry_code=10, agglvl_code=51); CPI: cu.data.1.AllItems line 3821 (2019) and line 3886 (2024), series_id=CUUR0000SA0, period=M13, column 'value'",FOUND,M1 independent re-extraction (both archives re-opened and re-parsed); M2 range validation 600-3000 on both years,VERIFIED,2026-08-04T19:25:25Z,"own_title='State Government' (own_code 2 = State Government). 2019 annual_avg_emplvl=55912, 2024=53538. disclosure_code 2019='' 2024='' (blank = not suppressed). CPI-U CUUR0000SA0 M13: 2019=255.657, 2024=313.689, read from the file. The 2019 reference year is the single documented anchor-year exception, by design - I5 is a 2019->2024 real change. Real change is a Phase 4 scoring step and is NOT computed here. Keyed on area_fips, not on a 'Statewide' filename filter. M2 2019: Mississippi 2019 wkly: 951.0 in [600, 3000]; M2 2024: Mississippi 2024 wkly: 1185.0 in [600, 3000]."
Missouri,I5_REAL_TRAJECTORY,2019=863;2024=1128,USD_weekly,2019 and 2024,QCEW24+QCEW19,https://www.bls.gov/cew/downloadable-data-files.htm | https://www.bls.gov/cpi/,2024_annual_by_area.zip | 2019_annual_by_area.zip | cu.data.1.AllItems,"2024: 2024.annual.by_area/2024.annual 29000 Missouri -- Statewide.csv :: CSV data row 230, column 'annual_avg_wkly_wage'; 2019: 2019.annual.by_area/2019.annual 29000 Missouri -- Statewide.csv :: CSV data row 224, column 'annual_avg_wkly_wage' (both area_fips=29000, own_code=2, industry_code=10, agglvl_code=51); CPI: cu.data.1.AllItems line 3821 (2019) and line 3886 (2024), series_id=CUUR0000SA0, period=M13, column 'value'",FOUND,M1 independent re-extraction (both archives re-opened and re-parsed); M2 range validation 600-3000 on both years,VERIFIED,2026-08-04T19:25:25Z,"own_title='State Government' (own_code 2 = State Government). 2019 annual_avg_emplvl=87153, 2024=87646. disclosure_code 2019='' 2024='' (blank = not suppressed). CPI-U CUUR0000SA0 M13: 2019=255.657, 2024=313.689, read from the file. The 2019 reference year is the single documented anchor-year exception, by design - I5 is a 2019->2024 real change. Real change is a Phase 4 scoring step and is NOT computed here. Keyed on area_fips, not on a 'Statewide' filename filter. M2 2019: Missouri 2019 wkly: 863.0 in [600, 3000]; M2 2024: Missouri 2024 wkly: 1128.0 in [600, 3000]."
Montana,I5_REAL_TRAJECTORY,2019=998;2024=1219,USD_weekly,2019 and 2024,QCEW24+QCEW19,https://www.bls.gov/cew/downloadable-data-files.htm | https://www.bls.gov/cpi/,2024_annual_by_area.zip | 2019_annual_by_area.zip | cu.data.1.AllItems,"2024: 2024.annual.by_area/2024.annual 30000 Montana -- Statewide.csv :: CSV data row 193, column 'annual_avg_wkly_wage'; 2019: 2019.annual.by_area/2019.annual 30000 Montana -- Statewide.csv :: CSV data row 189, column 'annual_avg_wkly_wage' (both area_fips=30000, own_code=2, industry_code=10, agglvl_code=51); CPI: cu.data.1.AllItems line 3821 (2019) and line 3886 (2024), series_id=CUUR0000SA0, period=M13, column 'value'",FOUND,M1 independent re-extraction (both archives re-opened and re-parsed); M2 range validation 600-3000 on both years,VERIFIED,2026-08-04T19:25:25Z,"own_title='State Government' (own_code 2 = State Government). 2019 annual_avg_emplvl=22793, 2024=23611. disclosure_code 2019='' 2024='' (blank = not suppressed). CPI-U CUUR0000SA0 M13: 2019=255.657, 2024=313.689, read from the file. The 2019 reference year is the single documented anchor-year exception, by design - I5 is a 2019->2024 real change. Real change is a Phase 4 scoring step and is NOT computed here. Keyed on area_fips, not on a 'Statewide' filename filter. M2 2019: Montana 2019 wkly: 998.0 in [600, 3000]; M2 2024: Montana 2024 wkly: 1219.0 in [600, 3000]."
Nebraska,I5_REAL_TRAJECTORY,2019=1065;2024=1299,USD_weekly,2019 and 2024,QCEW24+QCEW19,https://www.bls.gov/cew/downloadable-data-files.htm | https://www.bls.gov/cpi/,2024_annual_by_area.zip | 2019_annual_by_area.zip | cu.data.1.AllItems,"2024: 2024.annual.by_area/2024.annual 31000 Nebraska -- Statewide.csv :: CSV data row 206, column 'annual_avg_wkly_wage'; 2019: 2019.annual.by_area/2019.annual 31000 Nebraska -- Statewide.csv :: CSV data row 201, column 'annual_avg_wkly_wage' (both area_fips=31000, own_code=2, industry_code=10, agglvl_code=51); CPI: cu.data.1.AllItems line 3821 (2019) and line 3886 (2024), series_id=CUUR0000SA0, period=M13, column 'value'",FOUND,M1 independent re-extraction (both archives re-opened and re-parsed); M2 range validation 600-3000 on both years,VERIFIED,2026-08-04T19:25:25Z,"own_title='State Government' (own_code 2 = State Government). 2019 annual_avg_emplvl=33748, 2024=35095. disclosure_code 2019='' 2024='' (blank = not suppressed). CPI-U CUUR0000SA0 M13: 2019=255.657, 2024=313.689, read from the file. The 2019 reference year is the single documented anchor-year exception, by design - I5 is a 2019->2024 real change. Real change is a Phase 4 scoring step and is NOT computed here. Keyed on area_fips, not on a 'Statewide' filename filter. M2 2019: Nebraska 2019 wkly: 1065.0 in [600, 3000]; M2 2024: Nebraska 2024 wkly: 1299.0 in [600, 3000]."
Nevada,I5_REAL_TRAJECTORY,2019=1146;2024=1514,USD_weekly,2019 and 2024,QCEW24+QCEW19,https://www.bls.gov/cew/downloadable-data-files.htm | https://www.bls.gov/cpi/,2024_annual_by_area.zip | 2019_annual_by_area.zip | cu.data.1.AllItems,"2024: 2024.annual.by_area/2024.annual 32000 Nevada -- Statewide.csv :: CSV data row 202, column 'annual_avg_wkly_wage'; 2019: 2019.annual.by_area/2019.annual 32000 Nevada -- Statewide.csv :: CSV data row 177, column 'annual_avg_wkly_wage' (both area_fips=32000, own_code=2, industry_code=10, agglvl_code=51); CPI: cu.data.1.AllItems line 3821 (2019) and line 3886 (2024), series_id=CUUR0000SA0, period=M13, column 'value'",FOUND,M1 independent re-extraction (both archives re-opened and re-parsed); M2 range validation 600-3000 on both years,VERIFIED,2026-08-04T19:25:25Z,"own_title='State Government' (own_code 2 = State Government). 2019 annual_avg_emplvl=35310, 2024=35741. disclosure_code 2019='' 2024='' (blank = not suppressed). CPI-U CUUR0000SA0 M13: 2019=255.657, 2024=313.689, read from the file. The 2019 reference year is the single documented anchor-year exception, by design - I5 is a 2019->2024 real change. Real change is a Phase 4 scoring step and is NOT computed here. Keyed on area_fips, not on a 'Statewide' filename filter. M2 2019: Nevada 2019 wkly: 1146.0 in [600, 3000]; M2 2024: Nevada 2024 wkly: 1514.0 in [600, 3000]."
New Hampshire,I5_REAL_TRAJECTORY,2019=1067;2024=1325,USD_weekly,2019 and 2024,QCEW24+QCEW19,https://www.bls.gov/cew/downloadable-data-files.htm | https://www.bls.gov/cpi/,2024_annual_by_area.zip | 2019_annual_by_area.zip | cu.data.1.AllItems,"2024: 2024.annual.by_area/2024.annual 33000 New Hampshire -- Statewide.csv :: CSV data row 128, column 'annual_avg_wkly_wage'; 2019: 2019.annual.by_area/2019.annual 33000 New Hampshire -- Statewide.csv :: CSV data row 130, column 'annual_avg_wkly_wage' (both area_fips=33000, own_code=2, industry_code=10, agglvl_code=51); CPI: cu.data.1.AllItems line 3821 (2019) and line 3886 (2024), series_id=CUUR0000SA0, period=M13, column 'value'",FOUND,M1 independent re-extraction (both archives re-opened and re-parsed); M2 range validation 600-3000 on both years,VERIFIED,2026-08-04T19:25:25Z,"own_title='State Government' (own_code 2 = State Government). 2019 annual_avg_emplvl=20306, 2024=19540. disclosure_code 2019='' 2024='' (blank = not suppressed). CPI-U CUUR0000SA0 M13: 2019=255.657, 2024=313.689, read from the file. The 2019 reference year is the single documented anchor-year exception, by design - I5 is a 2019->2024 real change. Real change is a Phase 4 scoring step and is NOT computed here. Keyed on area_fips, not on a 'Statewide' filename filter. M2 2019: New Hampshire 2019 wkly: 1067.0 in [600, 3000]; M2 2024: New Hampshire 2024 wkly: 1325.0 in [600, 3000]."
New Jersey,I5_REAL_TRAJECTORY,2019=1482;2024=1753,USD_weekly,2019 and 2024,QCEW24+QCEW19,https://www.bls.gov/cew/downloadable-data-files.htm | https://www.bls.gov/cpi/,2024_annual_by_area.zip | 2019_annual_by_area.zip | cu.data.1.AllItems,"2024: 2024.annual.by_area/2024.annual 34000 New Jersey -- Statewide.csv :: CSV data row 242, column 'annual_avg_wkly_wage'; 2019: 2019.annual.by_area/2019.annual 34000 New Jersey -- Statewide.csv :: CSV data row 249, column 'annual_avg_wkly_wage' (both area_fips=34000, own_code=2, industry_code=10, agglvl_code=51); CPI: cu.data.1.AllItems line 3821 (2019) and line 3886 (2024), series_id=CUUR0000SA0, period=M13, column 'value'",FOUND,M1 independent re-extraction (both archives re-opened and re-parsed); M2 range validation 600-3000 on both years,VERIFIED,2026-08-04T19:25:25Z,"own_title='State Government' (own_code 2 = State Government). 2019 annual_avg_emplvl=129907, 2024=128173. disclosure_code 2019='' 2024='' (blank = not suppressed). CPI-U CUUR0000SA0 M13: 2019=255.657, 2024=313.689, read from the file. The 2019 reference year is the single documented anchor-year exception, by design - I5 is a 2019->2024 real change. Real change is a Phase 4 scoring step and is NOT computed here. Keyed on area_fips, not on a 'Statewide' filename filter. M2 2019: New Jersey 2019 wkly: 1482.0 in [600, 3000]; M2 2024: New Jersey 2024 wkly: 1753.0 in [600, 3000]."
New Mexico,I5_REAL_TRAJECTORY,2019=1110;2024=1447,USD_weekly,2019 and 2024,QCEW24+QCEW19,https://www.bls.gov/cew/downloadable-data-files.htm | https://www.bls.gov/cpi/,2024_annual_by_area.zip | 2019_annual_by_area.zip | cu.data.1.AllItems,"2024: 2024.annual.by_area/2024.annual 35000 New Mexico -- Statewide.csv :: CSV data row 217, column 'annual_avg_wkly_wage'; 2019: 2019.annual.by_area/2019.annual 35000 New Mexico -- Statewide.csv :: CSV data row 231, column 'annual_avg_wkly_wage' (both area_fips=35000, own_code=2, industry_code=10, agglvl_code=51); CPI: cu.data.1.AllItems line 3821 (2019) and line 3886 (2024), series_id=CUUR0000SA0, period=M13, column 'value'",FOUND,M1 independent re-extraction (both archives re-opened and re-parsed); M2 range validation 600-3000 on both years,VERIFIED,2026-08-04T19:25:25Z,"own_title='State Government' (own_code 2 = State Government). 2019 annual_avg_emplvl=46981, 2024=50257. disclosure_code 2019='' 2024='' (blank = not suppressed). CPI-U CUUR0000SA0 M13: 2019=255.657, 2024=313.689, read from the file. The 2019 reference year is the single documented anchor-year exception, by design - I5 is a 2019->2024 real change. Real change is a Phase 4 scoring step and is NOT computed here. Keyed on area_fips, not on a 'Statewide' filename filter. M2 2019: New Mexico 2019 wkly: 1110.0 in [600, 3000]; M2 2024: New Mexico 2024 wkly: 1447.0 in [600, 3000]."
New York,I5_REAL_TRAJECTORY,2019=1398;2024=2505,USD_weekly,2019 and 2024,QCEW24+QCEW19,https://www.bls.gov/cew/downloadable-data-files.htm | https://www.bls.gov/cpi/,2024_annual_by_area.zip | 2019_annual_by_area.zip | cu.data.1.AllItems,"2024: 2024.annual.by_area/2024.annual 36000 New York -- Statewide.csv :: CSV data row 248, column 'annual_avg_wkly_wage'; 2019: 2019.annual.by_area/2019.annual 36000 New York -- Statewide.csv :: CSV data row 244, column 'annual_avg_wkly_wage' (both area_fips=36000, own_code=2, industry_code=10, agglvl_code=51); CPI: cu.data.1.AllItems line 3821 (2019) and line 3886 (2024), series_id=CUUR0000SA0, period=M13, column 'value'",FOUND,M1 independent re-extraction (both archives re-opened and re-parsed); M2 range validation 600-3000 on both years,VERIFIED,2026-08-04T19:25:25Z,"own_title='State Government' (own_code 2 = State Government). 2019 annual_avg_emplvl=228195, 2024=222319. disclosure_code 2019='' 2024='' (blank = not suppressed). CPI-U CUUR0000SA0 M13: 2019=255.657, 2024=313.689, read from the file. The 2019 reference year is the single documented anchor-year exception, by design - I5 is a 2019->2024 real change. Real change is a Phase 4 scoring step and is NOT computed here. Keyed on area_fips, not on a 'Statewide' filename filter. M2 2019: New York 2019 wkly: 1398.0 in [600, 3000]; M2 2024: New York 2024 wkly: 2505.0 in [600, 3000]."
North Carolina,I5_REAL_TRAJECTORY,2019=1031;2024=1304,USD_weekly,2019 and 2024,QCEW24+QCEW19,https://www.bls.gov/cew/downloadable-data-files.htm | https://www.bls.gov/cpi/,2024_annual_by_area.zip | 2019_annual_by_area.zip | cu.data.1.AllItems,"2024: 2024.annual.by_area/2024.annual 37000 North Carolina -- Statewide.csv :: CSV data row 234, column 'annual_avg_wkly_wage'; 2019: 2019.annual.by_area/2019.annual 37000 North Carolina -- Statewide.csv :: CSV data row 231, column 'annual_avg_wkly_wage' (both area_fips=37000, own_code=2, industry_code=10, agglvl_code=51); CPI: cu.data.1.AllItems line 3821 (2019) and line 3886 (2024), series_id=CUUR0000SA0, period=M13, column 'value'",FOUND,M1 independent re-extraction (both archives re-opened and re-parsed); M2 range validation 600-3000 on both years,VERIFIED,2026-08-04T19:25:25Z,"own_title='State Government' (own_code 2 = State Government). 2019 annual_avg_emplvl=182347, 2024=180043. disclosure_code 2019='' 2024='' (blank = not suppressed). CPI-U CUUR0000SA0 M13: 2019=255.657, 2024=313.689, read from the file. The 2019 reference year is the single documented anchor-year exception, by design - I5 is a 2019->2024 real change. Real change is a Phase 4 scoring step and is NOT computed here. Keyed on area_fips, not on a 'Statewide' filename filter. M2 2019: North Carolina 2019 wkly: 1031.0 in [600, 3000]; M2 2024: North Carolina 2024 wkly: 1304.0 in [600, 3000]."
North Dakota,I5_REAL_TRAJECTORY,2019=1095;2024=1338,USD_weekly,2019 and 2024,QCEW24+QCEW19,https://www.bls.gov/cew/downloadable-data-files.htm | https://www.bls.gov/cpi/,2024_annual_by_area.zip | 2019_annual_by_area.zip | cu.data.1.AllItems,"2024: 2024.annual.by_area/2024.annual 38000 North Dakota -- Statewide.csv :: CSV data row 204, column 'annual_avg_wkly_wage'; 2019: 2019.annual.by_area/2019.annual 38000 North Dakota -- Statewide.csv :: CSV data row 196, column 'annual_avg_wkly_wage' (both area_fips=38000, own_code=2, industry_code=10, agglvl_code=51); CPI: cu.data.1.AllItems line 3821 (2019) and line 3886 (2024), series_id=CUUR0000SA0, period=M13, column 'value'",FOUND,M1 independent re-extraction (both archives re-opened and re-parsed); M2 range validation 600-3000 on both years,VERIFIED,2026-08-04T19:25:25Z,"own_title='State Government' (own_code 2 = State Government). 2019 annual_avg_emplvl=18013, 2024=18604. disclosure_code 2019='' 2024='' (blank = not suppressed). CPI-U CUUR0000SA0 M13: 2019=255.657, 2024=313.689, read from the file. The 2019 reference year is the single documented anchor-year exception, by design - I5 is a 2019->2024 real change. Real change is a Phase 4 scoring step and is NOT computed here. Keyed on area_fips, not on a 'Statewide' filename filter. M2 2019: North Dakota 2019 wkly: 1095.0 in [600, 3000]; M2 2024: North Dakota 2024 wkly: 1338.0 in [600, 3000]."
Ohio,I5_REAL_TRAJECTORY,2019=1307;2024=1592,USD_weekly,2019 and 2024,QCEW24+QCEW19,https://www.bls.gov/cew/downloadable-data-files.htm | https://www.bls.gov/cpi/,2024_annual_by_area.zip | 2019_annual_by_area.zip | cu.data.1.AllItems,"2024: 2024.annual.by_area/2024.annual 39000 Ohio -- Statewide.csv :: CSV data row 247, column 'annual_avg_wkly_wage'; 2019: 2019.annual.by_area/2019.annual 39000 Ohio -- Statewide.csv :: CSV data row 221, column 'annual_avg_wkly_wage' (both area_fips=39000, own_code=2, industry_code=10, agglvl_code=51); CPI: cu.data.1.AllItems line 3821 (2019) and line 3886 (2024), series_id=CUUR0000SA0, period=M13, column 'value'",FOUND,M1 independent re-extraction (both archives re-opened and re-parsed); M2 range validation 600-3000 on both years,VERIFIED,2026-08-04T19:25:25Z,"own_title='State Government' (own_code 2 = State Government). 2019 annual_avg_emplvl=132313, 2024=134022. disclosure_code 2019='' 2024='' (blank = not suppressed). CPI-U CUUR0000SA0 M13: 2019=255.657, 2024=313.689, read from the file. The 2019 reference year is the single documented anchor-year exception, by design - I5 is a 2019->2024 real change. Real change is a Phase 4 scoring step and is NOT computed here. Keyed on area_fips, not on a 'Statewide' filename filter. M2 2019: Ohio 2019 wkly: 1307.0 in [600, 3000]; M2 2024: Ohio 2024 wkly: 1592.0 in [600, 3000]."
Oklahoma,I5_REAL_TRAJECTORY,2019=987;2024=1183,USD_weekly,2019 and 2024,QCEW24+QCEW19,https://www.bls.gov/cew/downloadable-data-files.htm | https://www.bls.gov/cpi/,2024_annual_by_area.zip | 2019_annual_by_area.zip | cu.data.1.AllItems,"2024: 2024.annual.by_area/2024.annual 40000 Oklahoma -- Statewide.csv :: CSV data row 239, column 'annual_avg_wkly_wage'; 2019: 2019.annual.by_area/2019.annual 40000 Oklahoma -- Statewide.csv :: CSV data row 225, column 'annual_avg_wkly_wage' (both area_fips=40000, own_code=2, industry_code=10, agglvl_code=51); CPI: cu.data.1.AllItems line 3821 (2019) and line 3886 (2024), series_id=CUUR0000SA0, period=M13, column 'value'",FOUND,M1 independent re-extraction (both archives re-opened and re-parsed); M2 range validation 600-3000 on both years,VERIFIED,2026-08-04T19:25:25Z,"own_title='State Government' (own_code 2 = State Government). 2019 annual_avg_emplvl=67545, 2024=64522. disclosure_code 2019='' 2024='' (blank = not suppressed). CPI-U CUUR0000SA0 M13: 2019=255.657, 2024=313.689, read from the file. The 2019 reference year is the single documented anchor-year exception, by design - I5 is a 2019->2024 real change. Real change is a Phase 4 scoring step and is NOT computed here. Keyed on area_fips, not on a 'Statewide' filename filter. M2 2019: Oklahoma 2019 wkly: 987.0 in [600, 3000]; M2 2024: Oklahoma 2024 wkly: 1183.0 in [600, 3000]."
Oregon,I5_REAL_TRAJECTORY,2019=1314;2024=1674,USD_weekly,2019 and 2024,QCEW24+QCEW19,https://www.bls.gov/cew/downloadable-data-files.htm | https://www.bls.gov/cpi/,2024_annual_by_area.zip | 2019_annual_by_area.zip | cu.data.1.AllItems,"2024: 2024.annual.by_area/2024.annual 41000 Oregon -- Statewide.csv :: CSV data row 185, column 'annual_avg_wkly_wage'; 2019: 2019.annual.by_area/2019.annual 41000 Oregon -- Statewide.csv :: CSV data row 166, column 'annual_avg_wkly_wage' (both area_fips=41000, own_code=2, industry_code=10, agglvl_code=51); CPI: cu.data.1.AllItems line 3821 (2019) and line 3886 (2024), series_id=CUUR0000SA0, period=M13, column 'value'",FOUND,M1 independent re-extraction (both archives re-opened and re-parsed); M2 range validation 600-3000 on both years,VERIFIED,2026-08-04T19:25:25Z,"own_title='State Government' (own_code 2 = State Government). 2019 annual_avg_emplvl=40971, 2024=47825. disclosure_code 2019='' 2024='' (blank = not suppressed). CPI-U CUUR0000SA0 M13: 2019=255.657, 2024=313.689, read from the file. The 2019 reference year is the single documented anchor-year exception, by design - I5 is a 2019->2024 real change. Real change is a Phase 4 scoring step and is NOT computed here. Keyed on area_fips, not on a 'Statewide' filename filter. M2 2019: Oregon 2019 wkly: 1314.0 in [600, 3000]; M2 2024: Oregon 2024 wkly: 1674.0 in [600, 3000]."
Pennsylvania,I5_REAL_TRAJECTORY,2019=1234;2024=1451,USD_weekly,2019 and 2024,QCEW24+QCEW19,https://www.bls.gov/cew/downloadable-data-files.htm | https://www.bls.gov/cpi/,2024_annual_by_area.zip | 2019_annual_by_area.zip | cu.data.1.AllItems,"2024: 2024.annual.by_area/2024.annual 42000 Pennsylvania -- Statewide.csv :: CSV data row 224, column 'annual_avg_wkly_wage'; 2019: 2019.annual.by_area/2019.annual 42000 Pennsylvania -- Statewide.csv :: CSV data row 218, column 'annual_avg_wkly_wage' (both area_fips=42000, own_code=2, industry_code=10, agglvl_code=51); CPI: cu.data.1.AllItems line 3821 (2019) and line 3886 (2024), series_id=CUUR0000SA0, period=M13, column 'value'",FOUND,M1 independent re-extraction (both archives re-opened and re-parsed); M2 range validation 600-3000 on both years,VERIFIED,2026-08-04T19:25:25Z,"own_title='State Government' (own_code 2 = State Government). 2019 annual_avg_emplvl=130313, 2024=127747. disclosure_code 2019='' 2024='' (blank = not suppressed). CPI-U CUUR0000SA0 M13: 2019=255.657, 2024=313.689, read from the file. The 2019 reference year is the single documented anchor-year exception, by design - I5 is a 2019->2024 real change. Real change is a Phase 4 scoring step and is NOT computed here. Keyed on area_fips, not on a 'Statewide' filename filter. M2 2019: Pennsylvania 2019 wkly: 1234.0 in [600, 3000]; M2 2024: Pennsylvania 2024 wkly: 1451.0 in [600, 3000]."
Rhode Island,I5_REAL_TRAJECTORY,2019=1392;2024=1684,USD_weekly,2019 and 2024,QCEW24+QCEW19,https://www.bls.gov/cew/downloadable-data-files.htm | https://www.bls.gov/cpi/,2024_annual_by_area.zip | 2019_annual_by_area.zip | cu.data.1.AllItems,"2024: 2024.annual.by_area/2024.annual 44000 Rhode Island -- Statewide.csv :: CSV data row 142, column 'annual_avg_wkly_wage'; 2019: 2019.annual.by_area/2019.annual 44000 Rhode Island -- Statewide.csv :: CSV data row 131, column 'annual_avg_wkly_wage' (both area_fips=44000, own_code=2, industry_code=10, agglvl_code=51); CPI: cu.data.1.AllItems line 3821 (2019) and line 3886 (2024), series_id=CUUR0000SA0, period=M13, column 'value'",FOUND,M1 independent re-extraction (both archives re-opened and re-parsed); M2 range validation 600-3000 on both years,VERIFIED,2026-08-04T19:25:25Z,"own_title='State Government' (own_code 2 = State Government). 2019 annual_avg_emplvl=17395, 2024=17148. disclosure_code 2019='' 2024='' (blank = not suppressed). CPI-U CUUR0000SA0 M13: 2019=255.657, 2024=313.689, read from the file. The 2019 reference year is the single documented anchor-year exception, by design - I5 is a 2019->2024 real change. Real change is a Phase 4 scoring step and is NOT computed here. Keyed on area_fips, not on a 'Statewide' filename filter. M2 2019: Rhode Island 2019 wkly: 1392.0 in [600, 3000]; M2 2024: Rhode Island 2024 wkly: 1684.0 in [600, 3000]."
South Carolina,I5_REAL_TRAJECTORY,2019=990;2024=1221,USD_weekly,2019 and 2024,QCEW24+QCEW19,https://www.bls.gov/cew/downloadable-data-files.htm | https://www.bls.gov/cpi/,2024_annual_by_area.zip | 2019_annual_by_area.zip | cu.data.1.AllItems,"2024: 2024.annual.by_area/2024.annual 45000 South Carolina -- Statewide.csv :: CSV data row 250, column 'annual_avg_wkly_wage'; 2019: 2019.annual.by_area/2019.annual 45000 South Carolina -- Statewide.csv :: CSV data row 246, column 'annual_avg_wkly_wage' (both area_fips=45000, own_code=2, industry_code=10, agglvl_code=51); CPI: cu.data.1.AllItems line 3821 (2019) and line 3886 (2024), series_id=CUUR0000SA0, period=M13, column 'value'",FOUND,M1 independent re-extraction (both archives re-opened and re-parsed); M2 range validation 600-3000 on both years,VERIFIED,2026-08-04T19:25:25Z,"own_title='State Government' (own_code 2 = State Government). 2019 annual_avg_emplvl=93414, 2024=99590. disclosure_code 2019='' 2024='' (blank = not suppressed). CPI-U CUUR0000SA0 M13: 2019=255.657, 2024=313.689, read from the file. The 2019 reference year is the single documented anchor-year exception, by design - I5 is a 2019->2024 real change. Real change is a Phase 4 scoring step and is NOT computed here. Keyed on area_fips, not on a 'Statewide' filename filter. M2 2019: South Carolina 2019 wkly: 990.0 in [600, 3000]; M2 2024: South Carolina 2024 wkly: 1221.0 in [600, 3000]."
South Dakota,I5_REAL_TRAJECTORY,2019=978;2024=1295,USD_weekly,2019 and 2024,QCEW24+QCEW19,https://www.bls.gov/cew/downloadable-data-files.htm | https://www.bls.gov/cpi/,2024_annual_by_area.zip | 2019_annual_by_area.zip | cu.data.1.AllItems,"2024: 2024.annual.by_area/2024.annual 46000 South Dakota -- Statewide.csv :: CSV data row 189, column 'annual_avg_wkly_wage'; 2019: 2019.annual.by_area/2019.annual 46000 South Dakota -- Statewide.csv :: CSV data row 185, column 'annual_avg_wkly_wage' (both area_fips=46000, own_code=2, industry_code=10, agglvl_code=51); CPI: cu.data.1.AllItems line 3821 (2019) and line 3886 (2024), series_id=CUUR0000SA0, period=M13, column 'value'",FOUND,M1 independent re-extraction (both archives re-opened and re-parsed); M2 range validation 600-3000 on both years,VERIFIED,2026-08-04T19:25:25Z,"own_title='State Government' (own_code 2 = State Government). 2019 annual_avg_emplvl=14932, 2024=14753. disclosure_code 2019='' 2024='' (blank = not suppressed). CPI-U CUUR0000SA0 M13: 2019=255.657, 2024=313.689, read from the file. The 2019 reference year is the single documented anchor-year exception, by design - I5 is a 2019->2024 real change. Real change is a Phase 4 scoring step and is NOT computed here. Keyed on area_fips, not on a 'Statewide' filename filter. M2 2019: South Dakota 2019 wkly: 978.0 in [600, 3000]; M2 2024: South Dakota 2024 wkly: 1295.0 in [600, 3000]."
Tennessee,I5_REAL_TRAJECTORY,2019=1057;2024=1383,USD_weekly,2019 and 2024,QCEW24+QCEW19,https://www.bls.gov/cew/downloadable-data-files.htm | https://www.bls.gov/cpi/,2024_annual_by_area.zip | 2019_annual_by_area.zip | cu.data.1.AllItems,"2024: 2024.annual.by_area/2024.annual 47000 Tennessee -- Statewide.csv :: CSV data row 222, column 'annual_avg_wkly_wage'; 2019: 2019.annual.by_area/2019.annual 47000 Tennessee -- Statewide.csv :: CSV data row 207, column 'annual_avg_wkly_wage' (both area_fips=47000, own_code=2, industry_code=10, agglvl_code=51); CPI: cu.data.1.AllItems line 3821 (2019) and line 3886 (2024), series_id=CUUR0000SA0, period=M13, column 'value'",FOUND,M1 independent re-extraction (both archives re-opened and re-parsed); M2 range validation 600-3000 on both years,VERIFIED,2026-08-04T19:25:25Z,"own_title='State Government' (own_code 2 = State Government). 2019 annual_avg_emplvl=82966, 2024=85854. disclosure_code 2019='' 2024='' (blank = not suppressed). CPI-U CUUR0000SA0 M13: 2019=255.657, 2024=313.689, read from the file. The 2019 reference year is the single documented anchor-year exception, by design - I5 is a 2019->2024 real change. Real change is a Phase 4 scoring step and is NOT computed here. Keyed on area_fips, not on a 'Statewide' filename filter. M2 2019: Tennessee 2019 wkly: 1057.0 in [600, 3000]; M2 2024: Tennessee 2024 wkly: 1383.0 in [600, 3000]."
Texas,I5_REAL_TRAJECTORY,2019=1184;2024=1495,USD_weekly,2019 and 2024,QCEW24+QCEW19,https://www.bls.gov/cew/downloadable-data-files.htm | https://www.bls.gov/cpi/,2024_annual_by_area.zip | 2019_annual_by_area.zip | cu.data.1.AllItems,"2024: 2024.annual.by_area/2024.annual 48000 Texas -- Statewide.csv :: CSV data row 321, column 'annual_avg_wkly_wage'; 2019: 2019.annual.by_area/2019.annual 48000 Texas -- Statewide.csv :: CSV data row 302, column 'annual_avg_wkly_wage' (both area_fips=48000, own_code=2, industry_code=10, agglvl_code=51); CPI: cu.data.1.AllItems line 3821 (2019) and line 3886 (2024), series_id=CUUR0000SA0, period=M13, column 'value'",FOUND,M1 independent re-extraction (both archives re-opened and re-parsed); M2 range validation 600-3000 on both years,VERIFIED,2026-08-04T19:25:25Z,"own_title='State Government' (own_code 2 = State Government). 2019 annual_avg_emplvl=366219, 2024=398717. disclosure_code 2019='' 2024='' (blank = not suppressed). CPI-U CUUR0000SA0 M13: 2019=255.657, 2024=313.689, read from the file. The 2019 reference year is the single documented anchor-year exception, by design - I5 is a 2019->2024 real change. Real change is a Phase 4 scoring step and is NOT computed here. Keyed on area_fips, not on a 'Statewide' filename filter. M2 2019: Texas 2019 wkly: 1184.0 in [600, 3000]; M2 2024: Texas 2024 wkly: 1495.0 in [600, 3000]."
Utah,I5_REAL_TRAJECTORY,2019=1101;2024=1566,USD_weekly,2019 and 2024,QCEW24+QCEW19,https://www.bls.gov/cew/downloadable-data-files.htm | https://www.bls.gov/cpi/,2024_annual_by_area.zip | 2019_annual_by_area.zip | cu.data.1.AllItems,"2024: 2024.annual.by_area/2024.annual 49000 Utah -- Statewide.csv :: CSV data row 206, column 'annual_avg_wkly_wage'; 2019: 2019.annual.by_area/2019.annual 49000 Utah -- Statewide.csv :: CSV data row 206, column 'annual_avg_wkly_wage' (both area_fips=49000, own_code=2, industry_code=10, agglvl_code=51); CPI: cu.data.1.AllItems line 3821 (2019) and line 3886 (2024), series_id=CUUR0000SA0, period=M13, column 'value'",FOUND,M1 independent re-extraction (both archives re-opened and re-parsed); M2 range validation 600-3000 on both years,VERIFIED,2026-08-04T19:25:25Z,"own_title='State Government' (own_code 2 = State Government). 2019 annual_avg_emplvl=70930, 2024=80052. disclosure_code 2019='' 2024='' (blank = not suppressed). CPI-U CUUR0000SA0 M13: 2019=255.657, 2024=313.689, read from the file. The 2019 reference year is the single documented anchor-year exception, by design - I5 is a 2019->2024 real change. Real change is a Phase 4 scoring step and is NOT computed here. Keyed on area_fips, not on a 'Statewide' filename filter. M2 2019: Utah 2019 wkly: 1101.0 in [600, 3000]; M2 2024: Utah 2024 wkly: 1566.0 in [600, 3000]."
Vermont,I5_REAL_TRAJECTORY,2019=1165;2024=1415,USD_weekly,2019 and 2024,QCEW24+QCEW19,https://www.bls.gov/cew/downloadable-data-files.htm | https://www.bls.gov/cpi/,2024_annual_by_area.zip | 2019_annual_by_area.zip | cu.data.1.AllItems,"2024: 2024.annual.by_area/2024.annual 50000 Vermont -- Statewide.csv :: CSV data row 120, column 'annual_avg_wkly_wage'; 2019: 2019.annual.by_area/2019.annual 50000 Vermont -- Statewide.csv :: CSV data row 112, column 'annual_avg_wkly_wage' (both area_fips=50000, own_code=2, industry_code=10, agglvl_code=51); CPI: cu.data.1.AllItems line 3821 (2019) and line 3886 (2024), series_id=CUUR0000SA0, period=M13, column 'value'",FOUND,M1 independent re-extraction (both archives re-opened and re-parsed); M2 range validation 600-3000 on both years,VERIFIED,2026-08-04T19:25:25Z,"own_title='State Government' (own_code 2 = State Government). 2019 annual_avg_emplvl=16227, 2024=16127. disclosure_code 2019='' 2024='' (blank = not suppressed). CPI-U CUUR0000SA0 M13: 2019=255.657, 2024=313.689, read from the file. The 2019 reference year is the single documented anchor-year exception, by design - I5 is a 2019->2024 real change. Real change is a Phase 4 scoring step and is NOT computed here. Keyed on area_fips, not on a 'Statewide' filename filter. M2 2019: Vermont 2019 wkly: 1165.0 in [600, 3000]; M2 2024: Vermont 2024 wkly: 1415.0 in [600, 3000]."
Virginia,I5_REAL_TRAJECTORY,2019=1012;2024=1401,USD_weekly,2019 and 2024,QCEW24+QCEW19,https://www.bls.gov/cew/downloadable-data-files.htm | https://www.bls.gov/cpi/,2024_annual_by_area.zip | 2019_annual_by_area.zip | cu.data.1.AllItems,"2024: 2024.annual.by_area/2024.annual 51000 Virginia -- Statewide.csv :: CSV data row 298, column 'annual_avg_wkly_wage'; 2019: 2019.annual.by_area/2019.annual 51000 Virginia -- Statewide.csv :: CSV data row 303, column 'annual_avg_wkly_wage' (both area_fips=51000, own_code=2, industry_code=10, agglvl_code=51); CPI: cu.data.1.AllItems line 3821 (2019) and line 3886 (2024), series_id=CUUR0000SA0, period=M13, column 'value'",FOUND,M1 independent re-extraction (both archives re-opened and re-parsed); M2 range validation 600-3000 on both years,VERIFIED,2026-08-04T19:25:25Z,"own_title='State Government' (own_code 2 = State Government). 2019 annual_avg_emplvl=147560, 2024=145808. disclosure_code 2019='' 2024='' (blank = not suppressed). CPI-U CUUR0000SA0 M13: 2019=255.657, 2024=313.689, read from the file. The 2019 reference year is the single documented anchor-year exception, by design - I5 is a 2019->2024 real change. Real change is a Phase 4 scoring step and is NOT computed here. Keyed on area_fips, not on a 'Statewide' filename filter. M2 2019: Virginia 2019 wkly: 1012.0 in [600, 3000]; M2 2024: Virginia 2024 wkly: 1401.0 in [600, 3000]."
Washington,I5_REAL_TRAJECTORY,2019=1311;2024=1659,USD_weekly,2019 and 2024,QCEW24+QCEW19,https://www.bls.gov/cew/downloadable-data-files.htm | https://www.bls.gov/cpi/,2024_annual_by_area.zip | 2019_annual_by_area.zip | cu.data.1.AllItems,"2024: 2024.annual.by_area/2024.annual 53000 Washington -- Statewide.csv :: CSV data row 278, column 'annual_avg_wkly_wage'; 2019: 2019.annual.by_area/2019.annual 53000 Washington -- Statewide.csv :: CSV data row 269, column 'annual_avg_wkly_wage' (both area_fips=53000, own_code=2, industry_code=10, agglvl_code=51); CPI: cu.data.1.AllItems line 3821 (2019) and line 3886 (2024), series_id=CUUR0000SA0, period=M13, column 'value'",FOUND,M1 independent re-extraction (both archives re-opened and re-parsed); M2 range validation 600-3000 on both years,VERIFIED,2026-08-04T19:25:25Z,"own_title='State Government' (own_code 2 = State Government). 2019 annual_avg_emplvl=132826, 2024=137606. disclosure_code 2019='' 2024='' (blank = not suppressed). CPI-U CUUR0000SA0 M13: 2019=255.657, 2024=313.689, read from the file. The 2019 reference year is the single documented anchor-year exception, by design - I5 is a 2019->2024 real change. Real change is a Phase 4 scoring step and is NOT computed here. Keyed on area_fips, not on a 'Statewide' filename filter. M2 2019: Washington 2019 wkly: 1311.0 in [600, 3000]; M2 2024: Washington 2024 wkly: 1659.0 in [600, 3000]."
West Virginia,I5_REAL_TRAJECTORY,2019=895;2024=1099,USD_weekly,2019 and 2024,QCEW24+QCEW19,https://www.bls.gov/cew/downloadable-data-files.htm | https://www.bls.gov/cpi/,2024_annual_by_area.zip | 2019_annual_by_area.zip | cu.data.1.AllItems,"2024: 2024.annual.by_area/2024.annual 54000 West Virginia -- Statewide.csv :: CSV data row 151, column 'annual_avg_wkly_wage'; 2019: 2019.annual.by_area/2019.annual 54000 West Virginia -- Statewide.csv :: CSV data row 139, column 'annual_avg_wkly_wage' (both area_fips=54000, own_code=2, industry_code=10, agglvl_code=51); CPI: cu.data.1.AllItems line 3821 (2019) and line 3886 (2024), series_id=CUUR0000SA0, period=M13, column 'value'",FOUND,M1 independent re-extraction (both archives re-opened and re-parsed); M2 range validation 600-3000 on both years,VERIFIED,2026-08-04T19:25:25Z,"own_title='State Government' (own_code 2 = State Government). 2019 annual_avg_emplvl=41684, 2024=41583. disclosure_code 2019='' 2024='' (blank = not suppressed). CPI-U CUUR0000SA0 M13: 2019=255.657, 2024=313.689, read from the file. The 2019 reference year is the single documented anchor-year exception, by design - I5 is a 2019->2024 real change. Real change is a Phase 4 scoring step and is NOT computed here. Keyed on area_fips, not on a 'Statewide' filename filter. M2 2019: West Virginia 2019 wkly: 895.0 in [600, 3000]; M2 2024: West Virginia 2024 wkly: 1099.0 in [600, 3000]."
Wisconsin,I5_REAL_TRAJECTORY,2019=1170;2024=1522,USD_weekly,2019 and 2024,QCEW24+QCEW19,https://www.bls.gov/cew/downloadable-data-files.htm | https://www.bls.gov/cpi/,2024_annual_by_area.zip | 2019_annual_by_area.zip | cu.data.1.AllItems,"2024: 2024.annual.by_area/2024.annual 55000 Wisconsin -- Statewide.csv :: CSV data row 195, column 'annual_avg_wkly_wage'; 2019: 2019.annual.by_area/2019.annual 55000 Wisconsin -- Statewide.csv :: CSV data row 180, column 'annual_avg_wkly_wage' (both area_fips=55000, own_code=2, industry_code=10, agglvl_code=51); CPI: cu.data.1.AllItems line 3821 (2019) and line 3886 (2024), series_id=CUUR0000SA0, period=M13, column 'value'",FOUND,M1 independent re-extraction (both archives re-opened and re-parsed); M2 range validation 600-3000 on both years,VERIFIED,2026-08-04T19:25:25Z,"own_title='State Government' (own_code 2 = State Government). 2019 annual_avg_emplvl=79029, 2024=83435. disclosure_code 2019='' 2024='' (blank = not suppressed). CPI-U CUUR0000SA0 M13: 2019=255.657, 2024=313.689, read from the file. The 2019 reference year is the single documented anchor-year exception, by design - I5 is a 2019->2024 real change. Real change is a Phase 4 scoring step and is NOT computed here. Keyed on area_fips, not on a 'Statewide' filename filter. M2 2019: Wisconsin 2019 wkly: 1170.0 in [600, 3000]; M2 2024: Wisconsin 2024 wkly: 1522.0 in [600, 3000]."
Wyoming,I5_REAL_TRAJECTORY,2019=1098;2024=1293,USD_weekly,2019 and 2024,QCEW24+QCEW19,https://www.bls.gov/cew/downloadable-data-files.htm | https://www.bls.gov/cpi/,2024_annual_by_area.zip | 2019_annual_by_area.zip | cu.data.1.AllItems,"2024: 2024.annual.by_area/2024.annual 56000 Wyoming -- Statewide.csv :: CSV data row 188, column 'annual_avg_wkly_wage'; 2019: 2019.annual.by_area/2019.annual 56000 Wyoming -- Statewide.csv :: CSV data row 154, column 'annual_avg_wkly_wage' (both area_fips=56000, own_code=2, industry_code=10, agglvl_code=51); CPI: cu.data.1.AllItems line 3821 (2019) and line 3886 (2024), series_id=CUUR0000SA0, period=M13, column 'value'",FOUND,M1 independent re-extraction (both archives re-opened and re-parsed); M2 range validation 600-3000 on both years,VERIFIED,2026-08-04T19:25:25Z,"own_title='State Government' (own_code 2 = State Government). 2019 annual_avg_emplvl=12477, 2024=12820. disclosure_code 2019='' 2024='' (blank = not suppressed). CPI-U CUUR0000SA0 M13: 2019=255.657, 2024=313.689, read from the file. The 2019 reference year is the single documented anchor-year exception, by design - I5 is a 2019->2024 real change. Real change is a Phase 4 scoring step and is NOT computed here. Keyed on area_fips, not on a 'Statewide' filename filter. M2 2019: Wyoming 2019 wkly: 1098.0 in [600, 3000]; M2 2024: Wyoming 2024 wkly: 1293.0 in [600, 3000]."
